run_id,agency_name,domain,archetype_primary,extraction_method,field_name,records_sampled,records_with_field,field_coverage_pct,field_confidence_avg,null_rate,parse_error_rate,duplicate_rate,mismatch_rate_vs_nexo,outlier_count,evidence_available_pct,recommended_use,decision_reason
webs_propias_phase7_2026-06-14T20-43-50-127Z,CONSTRUCTORA MALLORCA,constructoramallorca.com,wordpress_sitemap_rest_html,phase5_wordpress_html_jsonld,source_url,2,2,100,100,0,0,0,0,0,100,primary_candidate,Campo critico con cobertura y evidencia suficientes en la muestra.
webs_propias_phase7_2026-06-14T20-43-50-127Z,CONSTRUCTORA MALLORCA,constructoramallorca.com,wordpress_sitemap_rest_html,phase5_wordpress_html_jsonld,agency_name,2,2,100,100,0,0,0,0,0,100,primary_candidate,Campo critico con cobertura y evidencia suficientes en la muestra.
webs_propias_phase7_2026-06-14T20-43-50-127Z,CONSTRUCTORA MALLORCA,constructoramallorca.com,wordpress_sitemap_rest_html,phase5_wordpress_html_jsonld,project_name,2,2,100,66,0,0,0,0,0,100,primary_candidate,Campo critico con cobertura y evidencia suficientes en la muestra.
webs_propias_phase7_2026-06-14T20-43-50-127Z,CONSTRUCTORA MALLORCA,constructoramallorca.com,wordpress_sitemap_rest_html,phase5_wordpress_html_jsonld,district,2,2,100,66,0,0,0,0,0,100,primary_candidate,Campo critico con cobertura y evidencia suficientes en la muestra.
webs_propias_phase7_2026-06-14T20-43-50-127Z,CONSTRUCTORA MALLORCA,constructoramallorca.com,wordpress_sitemap_rest_html,phase5_wordpress_html_jsonld,address,2,2,100,66,0,0,0,0,0,100,primary_candidate,Campo critico con cobertura y evidencia suficientes en la muestra.
webs_propias_phase7_2026-06-14T20-43-50-127Z,CONSTRUCTORA MALLORCA,constructoramallorca.com,wordpress_sitemap_rest_html,phase5_wordpress_html_jsonld,typology,2,2,100,66,0,0,0,0,0,100,primary_candidate,Campo critico con cobertura y evidencia suficientes en la muestra.
webs_propias_phase7_2026-06-14T20-43-50-127Z,CONSTRUCTORA MALLORCA,constructoramallorca.com,wordpress_sitemap_rest_html,phase5_wordpress_html_jsonld,bedrooms,2,1,50,66,50,0,0,0,0,100,enrichment_only,"Campo util para enriquecimiento, no necesariamente fuente primaria."
webs_propias_phase7_2026-06-14T20-43-50-127Z,CONSTRUCTORA MALLORCA,constructoramallorca.com,wordpress_sitemap_rest_html,phase5_wordpress_html_jsonld,total_area,2,2,100,66,0,0,0,0,1,100,primary_candidate,Campo critico con cobertura y evidencia suficientes en la muestra.
webs_propias_phase7_2026-06-14T20-43-50-127Z,CONSTRUCTORA MALLORCA,constructoramallorca.com,wordpress_sitemap_rest_html,phase5_wordpress_html_jsonld,unit_status,2,1,50,33,50,0,0,0,0,100,enrichment_only,"Campo util para enriquecimiento, no necesariamente fuente primaria."
webs_propias_phase7_2026-06-14T20-43-50-127Z,CONSTRUCTORA MALLORCA,constructoramallorca.com,wordpress_sitemap_rest_html,phase5_wordpress_html_jsonld,unit_count,2,0,0,0,100,0,0,0,0,0,not_recommended,Campo no observado en la muestra Fase 5.
webs_propias_phase7_2026-06-14T20-43-50-127Z,CONSTRUCTORA MALLORCA,constructoramallorca.com,wordpress_sitemap_rest_html,phase5_wordpress_html_jsonld,list_price_avg,2,0,0,0,100,0,0,0,0,0,not_recommended,Campo no observado en la muestra Fase 5.
webs_propias_phase7_2026-06-14T20-43-50-127Z,CONSTRUCTORA MALLORCA,constructoramallorca.com,wordpress_sitemap_rest_html,phase5_wordpress_html_jsonld,currency,2,0,0,0,100,0,0,0,0,0,not_recommended,Campo no observado en la muestra Fase 5.
webs_propias_phase7_2026-06-14T20-43-50-127Z,CONSTRUCTORA MALLORCA,constructoramallorca.com,wordpress_sitemap_rest_html,phase5_wordpress_html_jsonld,delivery_year,2,0,0,0,100,0,0,0,0,0,not_recommended,Campo no observado en la muestra Fase 5.
webs_propias_phase7_2026-06-14T20-43-50-127Z,CONSTRUCTORA MALLORCA,constructoramallorca.com,wordpress_sitemap_rest_html,phase5_wordpress_html_jsonld,delivery_date,2,0,0,0,100,0,0,0,0,0,not_recommended,Campo no observado en la muestra Fase 5.
webs_propias_phase7_2026-06-14T20-43-50-127Z,CONSTRUCTORA MALLORCA,constructoramallorca.com,wordpress_sitemap_rest_html,phase5_wordpress_html_jsonld,description,2,2,100,66,0,0,0,0,0,100,enrichment_only,"Campo util para enriquecimiento, no necesariamente fuente primaria."
webs_propias_phase7_2026-06-14T20-43-50-127Z,CONSTRUCTORA MALLORCA,constructoramallorca.com,wordpress_sitemap_rest_html,phase5_wordpress_html_jsonld,amenities,2,1,50,33,50,0,0,0,0,100,enrichment_only,"Campo util para enriquecimiento, no necesariamente fuente primaria."
webs_propias_phase7_2026-06-14T20-43-50-127Z,CONSTRUCTORA MALLORCA,constructoramallorca.com,wordpress_sitemap_rest_html,phase5_wordpress_html_jsonld,contact_name,2,0,0,0,100,0,0,0,0,0,not_recommended,Campo no observado en la muestra Fase 5.
webs_propias_phase7_2026-06-14T20-43-50-127Z,CONSTRUCTORA MALLORCA,constructoramallorca.com,wordpress_sitemap_rest_html,phase5_wordpress_html_jsonld,contact_phone,2,2,100,66,0,0,0,0,0,100,enrichment_only,"Campo util para enriquecimiento, no necesariamente fuente primaria."
webs_propias_phase7_2026-06-14T20-43-50-127Z,CONSTRUCTORA MALLORCA,constructoramallorca.com,wordpress_sitemap_rest_html,phase5_wordpress_html_jsonld,whatsapp,2,2,100,66,0,0,0,0,0,100,enrichment_only,"Campo util para enriquecimiento, no necesariamente fuente primaria."
webs_propias_phase7_2026-06-14T20-43-50-127Z,CONSTRUCTORA MALLORCA,constructoramallorca.com,wordpress_sitemap_rest_html,phase5_wordpress_html_jsonld,email,2,2,100,66,0,0,0,0,0,100,enrichment_only,"Campo util para enriquecimiento, no necesariamente fuente primaria."
webs_propias_phase7_2026-06-14T20-43-50-127Z,CONSTRUCTORA MALLORCA,constructoramallorca.com,wordpress_sitemap_rest_html,phase5_wordpress_html_jsonld,financing_banks,2,0,0,0,100,0,0,0,0,0,not_recommended,Campo no observado en la muestra Fase 5.
webs_propias_phase7_2026-06-14T20-43-50-127Z,CONSTRUCTORA MALLORCA,constructoramallorca.com,wordpress_sitemap_rest_html,phase5_wordpress_html_jsonld,latitude,2,0,0,0,100,0,0,0,0,0,not_recommended,Campo no observado en la muestra Fase 5.
webs_propias_phase7_2026-06-14T20-43-50-127Z,CONSTRUCTORA MALLORCA,constructoramallorca.com,wordpress_sitemap_rest_html,phase5_wordpress_html_jsonld,longitude,2,0,0,0,100,0,0,0,0,0,not_recommended,Campo no observado en la muestra Fase 5.
webs_propias_phase7_2026-06-14T20-43-50-127Z,PIONERO INMOBILIARIA,pionero.pe,wordpress_sitemap_rest_html,phase5_wordpress_html_jsonld,source_url,2,2,100,100,0,0,0,0,0,100,primary_candidate,Campo critico con cobertura y evidencia suficientes en la muestra.
webs_propias_phase7_2026-06-14T20-43-50-127Z,PIONERO INMOBILIARIA,pionero.pe,wordpress_sitemap_rest_html,phase5_wordpress_html_jsonld,agency_name,2,2,100,100,0,0,0,0,0,100,primary_candidate,Campo critico con cobertura y evidencia suficientes en la muestra.
webs_propias_phase7_2026-06-14T20-43-50-127Z,PIONERO INMOBILIARIA,pionero.pe,wordpress_sitemap_rest_html,phase5_wordpress_html_jsonld,project_name,2,2,100,66,0,0,0,0,0,100,primary_candidate,Campo critico con cobertura y evidencia suficientes en la muestra.
webs_propias_phase7_2026-06-14T20-43-50-127Z,PIONERO INMOBILIARIA,pionero.pe,wordpress_sitemap_rest_html,phase5_wordpress_html_jsonld,district,2,2,100,66,0,0,0,50,0,100,manual_review,Mismatch alto contra Nexo en registros comparables.
webs_propias_phase7_2026-06-14T20-43-50-127Z,PIONERO INMOBILIARIA,pionero.pe,wordpress_sitemap_rest_html,phase5_wordpress_html_jsonld,address,2,2,100,66,0,0,0,50,0,100,manual_review,Mismatch alto contra Nexo en registros comparables.
webs_propias_phase7_2026-06-14T20-43-50-127Z,PIONERO INMOBILIARIA,pionero.pe,wordpress_sitemap_rest_html,phase5_wordpress_html_jsonld,typology,2,2,100,66,0,0,0,0,0,100,primary_candidate,Campo critico con cobertura y evidencia suficientes en la muestra.
webs_propias_phase7_2026-06-14T20-43-50-127Z,PIONERO INMOBILIARIA,pionero.pe,wordpress_sitemap_rest_html,phase5_wordpress_html_jsonld,bedrooms,2,2,100,66,0,0,0,0,0,100,primary_candidate,Campo critico con cobertura y evidencia suficientes en la muestra.
webs_propias_phase7_2026-06-14T20-43-50-127Z,PIONERO INMOBILIARIA,pionero.pe,wordpress_sitemap_rest_html,phase5_wordpress_html_jsonld,total_area,2,1,50,66,50,0,0,0,0,100,enrichment_only,"Campo util para enriquecimiento, no necesariamente fuente primaria."
webs_propias_phase7_2026-06-14T20-43-50-127Z,PIONERO INMOBILIARIA,pionero.pe,wordpress_sitemap_rest_html,phase5_wordpress_html_jsonld,unit_status,2,1,50,33,50,0,0,0,0,100,enrichment_only,"Campo util para enriquecimiento, no necesariamente fuente primaria."
webs_propias_phase7_2026-06-14T20-43-50-127Z,PIONERO INMOBILIARIA,pionero.pe,wordpress_sitemap_rest_html,phase5_wordpress_html_jsonld,unit_count,2,0,0,0,100,0,0,0,0,0,not_recommended,Campo no observado en la muestra Fase 5.
webs_propias_phase7_2026-06-14T20-43-50-127Z,PIONERO INMOBILIARIA,pionero.pe,wordpress_sitemap_rest_html,phase5_wordpress_html_jsonld,list_price_avg,2,0,0,0,100,0,0,0,0,0,not_recommended,Campo no observado en la muestra Fase 5.
webs_propias_phase7_2026-06-14T20-43-50-127Z,PIONERO INMOBILIARIA,pionero.pe,wordpress_sitemap_rest_html,phase5_wordpress_html_jsonld,currency,2,0,0,0,100,0,0,0,0,0,not_recommended,Campo no observado en la muestra Fase 5.
webs_propias_phase7_2026-06-14T20-43-50-127Z,PIONERO INMOBILIARIA,pionero.pe,wordpress_sitemap_rest_html,phase5_wordpress_html_jsonld,delivery_year,2,0,0,0,100,0,0,0,0,0,not_recommended,Campo no observado en la muestra Fase 5.
webs_propias_phase7_2026-06-14T20-43-50-127Z,PIONERO INMOBILIARIA,pionero.pe,wordpress_sitemap_rest_html,phase5_wordpress_html_jsonld,delivery_date,2,0,0,0,100,0,0,0,0,0,not_recommended,Campo no observado en la muestra Fase 5.
webs_propias_phase7_2026-06-14T20-43-50-127Z,PIONERO INMOBILIARIA,pionero.pe,wordpress_sitemap_rest_html,phase5_wordpress_html_jsonld,description,2,2,100,66,0,0,0,0,0,100,enrichment_only,"Campo util para enriquecimiento, no necesariamente fuente primaria."
webs_propias_phase7_2026-06-14T20-43-50-127Z,PIONERO INMOBILIARIA,pionero.pe,wordpress_sitemap_rest_html,phase5_wordpress_html_jsonld,amenities,2,2,100,33,0,0,0,0,0,100,enrichment_only,"Campo util para enriquecimiento, no necesariamente fuente primaria."
webs_propias_phase7_2026-06-14T20-43-50-127Z,PIONERO INMOBILIARIA,pionero.pe,wordpress_sitemap_rest_html,phase5_wordpress_html_jsonld,contact_name,2,0,0,0,100,0,0,0,0,0,not_recommended,Campo no observado en la muestra Fase 5.
webs_propias_phase7_2026-06-14T20-43-50-127Z,PIONERO INMOBILIARIA,pionero.pe,wordpress_sitemap_rest_html,phase5_wordpress_html_jsonld,contact_phone,2,2,100,66,0,0,0,0,0,100,enrichment_only,"Campo util para enriquecimiento, no necesariamente fuente primaria."
webs_propias_phase7_2026-06-14T20-43-50-127Z,PIONERO INMOBILIARIA,pionero.pe,wordpress_sitemap_rest_html,phase5_wordpress_html_jsonld,whatsapp,2,2,100,66,0,0,0,0,0,100,enrichment_only,"Campo util para enriquecimiento, no necesariamente fuente primaria."
webs_propias_phase7_2026-06-14T20-43-50-127Z,PIONERO INMOBILIARIA,pionero.pe,wordpress_sitemap_rest_html,phase5_wordpress_html_jsonld,email,2,0,0,0,100,0,0,0,0,0,not_recommended,Campo no observado en la muestra Fase 5.
webs_propias_phase7_2026-06-14T20-43-50-127Z,PIONERO INMOBILIARIA,pionero.pe,wordpress_sitemap_rest_html,phase5_wordpress_html_jsonld,financing_banks,2,0,0,0,100,0,0,0,0,0,not_recommended,Campo no observado en la muestra Fase 5.
webs_propias_phase7_2026-06-14T20-43-50-127Z,PIONERO INMOBILIARIA,pionero.pe,wordpress_sitemap_rest_html,phase5_wordpress_html_jsonld,latitude,2,0,0,0,100,0,0,100,0,0,not_recommended,Campo no observado en la muestra Fase 5.
webs_propias_phase7_2026-06-14T20-43-50-127Z,PIONERO INMOBILIARIA,pionero.pe,wordpress_sitemap_rest_html,phase5_wordpress_html_jsonld,longitude,2,0,0,0,100,0,0,100,0,0,not_recommended,Campo no observado en la muestra Fase 5.
webs_propias_phase7_2026-06-14T20-43-50-127Z,EDIFICA,edifica.com.pe,embedded_json_html,phase5_embedded_json_html,source_url,2,2,100,100,0,0,0,0,0,100,primary_candidate,Campo critico con cobertura y evidencia suficientes en la muestra.
webs_propias_phase7_2026-06-14T20-43-50-127Z,EDIFICA,edifica.com.pe,embedded_json_html,phase5_embedded_json_html,agency_name,2,2,100,100,0,0,0,0,0,100,primary_candidate,Campo critico con cobertura y evidencia suficientes en la muestra.
webs_propias_phase7_2026-06-14T20-43-50-127Z,EDIFICA,edifica.com.pe,embedded_json_html,phase5_embedded_json_html,project_name,2,2,100,66,0,0,0,0,0,100,primary_candidate,Campo critico con cobertura y evidencia suficientes en la muestra.
webs_propias_phase7_2026-06-14T20-43-50-127Z,EDIFICA,edifica.com.pe,embedded_json_html,phase5_embedded_json_html,district,2,2,100,66,0,0,0,0,0,100,primary_candidate,Campo critico con cobertura y evidencia suficientes en la muestra.
webs_propias_phase7_2026-06-14T20-43-50-127Z,EDIFICA,edifica.com.pe,embedded_json_html,phase5_embedded_json_html,address,2,2,100,66,0,0,0,0,0,100,primary_candidate,Campo critico con cobertura y evidencia suficientes en la muestra.
webs_propias_phase7_2026-06-14T20-43-50-127Z,EDIFICA,edifica.com.pe,embedded_json_html,phase5_embedded_json_html,typology,2,2,100,66,0,0,0,0,0,100,primary_candidate,Campo critico con cobertura y evidencia suficientes en la muestra.
webs_propias_phase7_2026-06-14T20-43-50-127Z,EDIFICA,edifica.com.pe,embedded_json_html,phase5_embedded_json_html,bedrooms,2,0,0,0,100,0,0,0,0,0,not_recommended,Campo no observado en la muestra Fase 5.
webs_propias_phase7_2026-06-14T20-43-50-127Z,EDIFICA,edifica.com.pe,embedded_json_html,phase5_embedded_json_html,total_area,2,2,100,66,0,0,0,0,0,100,primary_candidate,Campo critico con cobertura y evidencia suficientes en la muestra.
webs_propias_phase7_2026-06-14T20-43-50-127Z,EDIFICA,edifica.com.pe,embedded_json_html,phase5_embedded_json_html,unit_status,2,2,100,33,0,0,0,0,0,100,primary_candidate,Campo critico con cobertura y evidencia suficientes en la muestra.
webs_propias_phase7_2026-06-14T20-43-50-127Z,EDIFICA,edifica.com.pe,embedded_json_html,phase5_embedded_json_html,unit_count,2,0,0,0,100,0,0,0,0,0,not_recommended,Campo no observado en la muestra Fase 5.
webs_propias_phase7_2026-06-14T20-43-50-127Z,EDIFICA,edifica.com.pe,embedded_json_html,phase5_embedded_json_html,list_price_avg,2,0,0,0,100,0,0,0,0,0,not_recommended,Campo no observado en la muestra Fase 5.
webs_propias_phase7_2026-06-14T20-43-50-127Z,EDIFICA,edifica.com.pe,embedded_json_html,phase5_embedded_json_html,currency,2,0,0,0,100,0,0,0,0,0,not_recommended,Campo no observado en la muestra Fase 5.
webs_propias_phase7_2026-06-14T20-43-50-127Z,EDIFICA,edifica.com.pe,embedded_json_html,phase5_embedded_json_html,delivery_year,2,0,0,0,100,0,0,0,0,0,not_recommended,Campo no observado en la muestra Fase 5.
webs_propias_phase7_2026-06-14T20-43-50-127Z,EDIFICA,edifica.com.pe,embedded_json_html,phase5_embedded_json_html,delivery_date,2,0,0,0,100,0,0,0,0,0,not_recommended,Campo no observado en la muestra Fase 5.
webs_propias_phase7_2026-06-14T20-43-50-127Z,EDIFICA,edifica.com.pe,embedded_json_html,phase5_embedded_json_html,description,2,2,100,66,0,0,0,0,0,100,enrichment_only,"Campo util para enriquecimiento, no necesariamente fuente primaria."
webs_propias_phase7_2026-06-14T20-43-50-127Z,EDIFICA,edifica.com.pe,embedded_json_html,phase5_embedded_json_html,amenities,2,2,100,33,0,0,0,0,0,100,enrichment_only,"Campo util para enriquecimiento, no necesariamente fuente primaria."
webs_propias_phase7_2026-06-14T20-43-50-127Z,EDIFICA,edifica.com.pe,embedded_json_html,phase5_embedded_json_html,contact_name,2,0,0,0,100,0,0,0,0,0,not_recommended,Campo no observado en la muestra Fase 5.
webs_propias_phase7_2026-06-14T20-43-50-127Z,EDIFICA,edifica.com.pe,embedded_json_html,phase5_embedded_json_html,contact_phone,2,2,100,66,0,0,0,0,0,100,enrichment_only,"Campo util para enriquecimiento, no necesariamente fuente primaria."
webs_propias_phase7_2026-06-14T20-43-50-127Z,EDIFICA,edifica.com.pe,embedded_json_html,phase5_embedded_json_html,whatsapp,2,2,100,66,0,0,0,0,0,100,enrichment_only,"Campo util para enriquecimiento, no necesariamente fuente primaria."
webs_propias_phase7_2026-06-14T20-43-50-127Z,EDIFICA,edifica.com.pe,embedded_json_html,phase5_embedded_json_html,email,2,2,100,66,0,0,0,0,0,100,enrichment_only,"Campo util para enriquecimiento, no necesariamente fuente primaria."
webs_propias_phase7_2026-06-14T20-43-50-127Z,EDIFICA,edifica.com.pe,embedded_json_html,phase5_embedded_json_html,financing_banks,2,0,0,0,100,0,0,0,0,0,not_recommended,Campo no observado en la muestra Fase 5.
webs_propias_phase7_2026-06-14T20-43-50-127Z,EDIFICA,edifica.com.pe,embedded_json_html,phase5_embedded_json_html,latitude,2,0,0,0,100,0,0,0,0,0,not_recommended,Campo no observado en la muestra Fase 5.
webs_propias_phase7_2026-06-14T20-43-50-127Z,EDIFICA,edifica.com.pe,embedded_json_html,phase5_embedded_json_html,longitude,2,0,0,0,100,0,0,0,0,0,not_recommended,Campo no observado en la muestra Fase 5.
webs_propias_phase7_2026-06-14T20-43-50-127Z,INVENT INMOBILIARIA,invent.com.pe,embedded_json_html,phase5_embedded_json_html,source_url,2,2,100,100,0,0,0,0,0,100,primary_candidate,Campo critico con cobertura y evidencia suficientes en la muestra.
webs_propias_phase7_2026-06-14T20-43-50-127Z,INVENT INMOBILIARIA,invent.com.pe,embedded_json_html,phase5_embedded_json_html,agency_name,2,2,100,100,0,0,0,0,0,100,primary_candidate,Campo critico con cobertura y evidencia suficientes en la muestra.
webs_propias_phase7_2026-06-14T20-43-50-127Z,INVENT INMOBILIARIA,invent.com.pe,embedded_json_html,phase5_embedded_json_html,project_name,2,2,100,66,0,0,0,50,0,100,manual_review,Mismatch alto contra Nexo en registros comparables.
webs_propias_phase7_2026-06-14T20-43-50-127Z,INVENT INMOBILIARIA,invent.com.pe,embedded_json_html,phase5_embedded_json_html,district,2,2,100,66,0,0,0,0,0,100,primary_candidate,Campo critico con cobertura y evidencia suficientes en la muestra.
webs_propias_phase7_2026-06-14T20-43-50-127Z,INVENT INMOBILIARIA,invent.com.pe,embedded_json_html,phase5_embedded_json_html,address,2,2,100,66,0,0,0,100,0,100,manual_review,Mismatch alto contra Nexo en registros comparables.
webs_propias_phase7_2026-06-14T20-43-50-127Z,INVENT INMOBILIARIA,invent.com.pe,embedded_json_html,phase5_embedded_json_html,typology,2,2,100,66,0,0,0,0,0,100,primary_candidate,Campo critico con cobertura y evidencia suficientes en la muestra.
webs_propias_phase7_2026-06-14T20-43-50-127Z,INVENT INMOBILIARIA,invent.com.pe,embedded_json_html,phase5_embedded_json_html,bedrooms,2,2,100,66,0,0,0,0,0,100,primary_candidate,Campo critico con cobertura y evidencia suficientes en la muestra.
webs_propias_phase7_2026-06-14T20-43-50-127Z,INVENT INMOBILIARIA,invent.com.pe,embedded_json_html,phase5_embedded_json_html,total_area,2,2,100,66,0,0,0,0,0,100,primary_candidate,Campo critico con cobertura y evidencia suficientes en la muestra.
webs_propias_phase7_2026-06-14T20-43-50-127Z,INVENT INMOBILIARIA,invent.com.pe,embedded_json_html,phase5_embedded_json_html,unit_status,2,2,100,33,0,0,0,0,0,100,primary_candidate,Campo critico con cobertura y evidencia suficientes en la muestra.
webs_propias_phase7_2026-06-14T20-43-50-127Z,INVENT INMOBILIARIA,invent.com.pe,embedded_json_html,phase5_embedded_json_html,unit_count,2,0,0,0,100,0,0,0,0,0,not_recommended,Campo no observado en la muestra Fase 5.
webs_propias_phase7_2026-06-14T20-43-50-127Z,INVENT INMOBILIARIA,invent.com.pe,embedded_json_html,phase5_embedded_json_html,list_price_avg,2,0,0,0,100,0,0,0,0,0,not_recommended,Campo no observado en la muestra Fase 5.
webs_propias_phase7_2026-06-14T20-43-50-127Z,INVENT INMOBILIARIA,invent.com.pe,embedded_json_html,phase5_embedded_json_html,currency,2,2,100,66,0,0,0,0,0,100,primary_candidate,Campo critico con cobertura y evidencia suficientes en la muestra.
webs_propias_phase7_2026-06-14T20-43-50-127Z,INVENT INMOBILIARIA,invent.com.pe,embedded_json_html,phase5_embedded_json_html,delivery_year,2,0,0,0,100,0,0,0,0,0,not_recommended,Campo no observado en la muestra Fase 5.
webs_propias_phase7_2026-06-14T20-43-50-127Z,INVENT INMOBILIARIA,invent.com.pe,embedded_json_html,phase5_embedded_json_html,delivery_date,2,0,0,0,100,0,0,0,0,0,not_recommended,Campo no observado en la muestra Fase 5.
webs_propias_phase7_2026-06-14T20-43-50-127Z,INVENT INMOBILIARIA,invent.com.pe,embedded_json_html,phase5_embedded_json_html,description,2,2,100,66,0,0,0,0,0,100,enrichment_only,"Campo util para enriquecimiento, no necesariamente fuente primaria."
webs_propias_phase7_2026-06-14T20-43-50-127Z,INVENT INMOBILIARIA,invent.com.pe,embedded_json_html,phase5_embedded_json_html,amenities,2,2,100,33,0,0,0,0,0,100,enrichment_only,"Campo util para enriquecimiento, no necesariamente fuente primaria."
webs_propias_phase7_2026-06-14T20-43-50-127Z,INVENT INMOBILIARIA,invent.com.pe,embedded_json_html,phase5_embedded_json_html,contact_name,2,0,0,0,100,0,0,0,0,0,not_recommended,Campo no observado en la muestra Fase 5.
webs_propias_phase7_2026-06-14T20-43-50-127Z,INVENT INMOBILIARIA,invent.com.pe,embedded_json_html,phase5_embedded_json_html,contact_phone,2,2,100,66,0,0,0,0,0,100,enrichment_only,"Campo util para enriquecimiento, no necesariamente fuente primaria."
webs_propias_phase7_2026-06-14T20-43-50-127Z,INVENT INMOBILIARIA,invent.com.pe,embedded_json_html,phase5_embedded_json_html,whatsapp,2,2,100,66,0,0,0,0,0,100,enrichment_only,"Campo util para enriquecimiento, no necesariamente fuente primaria."
webs_propias_phase7_2026-06-14T20-43-50-127Z,INVENT INMOBILIARIA,invent.com.pe,embedded_json_html,phase5_embedded_json_html,email,2,2,100,66,0,0,0,0,0,100,enrichment_only,"Campo util para enriquecimiento, no necesariamente fuente primaria."
webs_propias_phase7_2026-06-14T20-43-50-127Z,INVENT INMOBILIARIA,invent.com.pe,embedded_json_html,phase5_embedded_json_html,financing_banks,2,2,100,33,0,0,0,0,0,100,enrichment_only,"Campo util para enriquecimiento, no necesariamente fuente primaria."
webs_propias_phase7_2026-06-14T20-43-50-127Z,INVENT INMOBILIARIA,invent.com.pe,embedded_json_html,phase5_embedded_json_html,latitude,2,0,0,0,100,0,0,100,0,0,not_recommended,Campo no observado en la muestra Fase 5.
webs_propias_phase7_2026-06-14T20-43-50-127Z,INVENT INMOBILIARIA,invent.com.pe,embedded_json_html,phase5_embedded_json_html,longitude,2,0,0,0,100,0,0,100,0,0,not_recommended,Campo no observado en la muestra Fase 5.
webs_propias_phase7_2026-06-14T20-43-50-127Z,Cresiente,esparq.com,static_html_sitemap,phase5_static_html_jsonld,source_url,2,2,100,100,0,0,50,0,0,100,primary_candidate,Campo critico con cobertura y evidencia suficientes en la muestra.
webs_propias_phase7_2026-06-14T20-43-50-127Z,Cresiente,esparq.com,static_html_sitemap,phase5_static_html_jsonld,agency_name,2,2,100,100,0,0,50,0,0,100,primary_candidate,Campo critico con cobertura y evidencia suficientes en la muestra.
webs_propias_phase7_2026-06-14T20-43-50-127Z,Cresiente,esparq.com,static_html_sitemap,phase5_static_html_jsonld,project_name,2,2,100,66,0,0,50,0,0,100,primary_candidate,Campo critico con cobertura y evidencia suficientes en la muestra.
webs_propias_phase7_2026-06-14T20-43-50-127Z,Cresiente,esparq.com,static_html_sitemap,phase5_static_html_jsonld,district,2,2,100,66,0,0,50,0,0,100,primary_candidate,Campo critico con cobertura y evidencia suficientes en la muestra.
webs_propias_phase7_2026-06-14T20-43-50-127Z,Cresiente,esparq.com,static_html_sitemap,phase5_static_html_jsonld,address,2,2,100,66,0,0,50,0,0,100,primary_candidate,Campo critico con cobertura y evidencia suficientes en la muestra.
webs_propias_phase7_2026-06-14T20-43-50-127Z,Cresiente,esparq.com,static_html_sitemap,phase5_static_html_jsonld,typology,2,2,100,66,0,0,50,0,0,100,primary_candidate,Campo critico con cobertura y evidencia suficientes en la muestra.
webs_propias_phase7_2026-06-14T20-43-50-127Z,Cresiente,esparq.com,static_html_sitemap,phase5_static_html_jsonld,bedrooms,2,0,0,0,100,0,50,0,0,0,not_recommended,Campo no observado en la muestra Fase 5.
webs_propias_phase7_2026-06-14T20-43-50-127Z,Cresiente,esparq.com,static_html_sitemap,phase5_static_html_jsonld,total_area,2,0,0,0,100,0,50,0,0,0,not_recommended,Campo no observado en la muestra Fase 5.
webs_propias_phase7_2026-06-14T20-43-50-127Z,Cresiente,esparq.com,static_html_sitemap,phase5_static_html_jsonld,unit_status,2,2,100,33,0,0,50,0,0,100,primary_candidate,Campo critico con cobertura y evidencia suficientes en la muestra.
webs_propias_phase7_2026-06-14T20-43-50-127Z,Cresiente,esparq.com,static_html_sitemap,phase5_static_html_jsonld,unit_count,2,0,0,0,100,0,50,0,0,0,not_recommended,Campo no observado en la muestra Fase 5.
webs_propias_phase7_2026-06-14T20-43-50-127Z,Cresiente,esparq.com,static_html_sitemap,phase5_static_html_jsonld,list_price_avg,2,0,0,0,100,0,50,0,0,0,not_recommended,Campo no observado en la muestra Fase 5.
webs_propias_phase7_2026-06-14T20-43-50-127Z,Cresiente,esparq.com,static_html_sitemap,phase5_static_html_jsonld,currency,2,0,0,0,100,0,50,0,0,0,not_recommended,Campo no observado en la muestra Fase 5.
webs_propias_phase7_2026-06-14T20-43-50-127Z,Cresiente,esparq.com,static_html_sitemap,phase5_static_html_jsonld,delivery_year,2,0,0,0,100,0,50,0,0,0,not_recommended,Campo no observado en la muestra Fase 5.
webs_propias_phase7_2026-06-14T20-43-50-127Z,Cresiente,esparq.com,static_html_sitemap,phase5_static_html_jsonld,delivery_date,2,0,0,0,100,0,50,0,0,0,not_recommended,Campo no observado en la muestra Fase 5.
webs_propias_phase7_2026-06-14T20-43-50-127Z,Cresiente,esparq.com,static_html_sitemap,phase5_static_html_jsonld,description,2,2,100,66,0,0,50,0,0,100,enrichment_only,"Campo util para enriquecimiento, no necesariamente fuente primaria."
webs_propias_phase7_2026-06-14T20-43-50-127Z,Cresiente,esparq.com,static_html_sitemap,phase5_static_html_jsonld,amenities,2,0,0,0,100,0,50,0,0,0,not_recommended,Campo no observado en la muestra Fase 5.
webs_propias_phase7_2026-06-14T20-43-50-127Z,Cresiente,esparq.com,static_html_sitemap,phase5_static_html_jsonld,contact_name,2,0,0,0,100,0,50,0,0,0,not_recommended,Campo no observado en la muestra Fase 5.
webs_propias_phase7_2026-06-14T20-43-50-127Z,Cresiente,esparq.com,static_html_sitemap,phase5_static_html_jsonld,contact_phone,2,2,100,66,0,0,50,0,0,100,enrichment_only,"Campo util para enriquecimiento, no necesariamente fuente primaria."
webs_propias_phase7_2026-06-14T20-43-50-127Z,Cresiente,esparq.com,static_html_sitemap,phase5_static_html_jsonld,whatsapp,2,0,0,0,100,0,50,0,0,0,not_recommended,Campo no observado en la muestra Fase 5.
webs_propias_phase7_2026-06-14T20-43-50-127Z,Cresiente,esparq.com,static_html_sitemap,phase5_static_html_jsonld,email,2,0,0,0,100,0,50,0,0,0,not_recommended,Campo no observado en la muestra Fase 5.
webs_propias_phase7_2026-06-14T20-43-50-127Z,Cresiente,esparq.com,static_html_sitemap,phase5_static_html_jsonld,financing_banks,2,1,50,33,50,0,50,0,0,100,enrichment_only,"Campo util para enriquecimiento, no necesariamente fuente primaria."
webs_propias_phase7_2026-06-14T20-43-50-127Z,Cresiente,esparq.com,static_html_sitemap,phase5_static_html_jsonld,latitude,2,0,0,0,100,0,50,0,0,0,not_recommended,Campo no observado en la muestra Fase 5.
webs_propias_phase7_2026-06-14T20-43-50-127Z,Cresiente,esparq.com,static_html_sitemap,phase5_static_html_jsonld,longitude,2,0,0,0,100,0,50,0,0,0,not_recommended,Campo no observado en la muestra Fase 5.
webs_propias_phase7_2026-06-14T20-43-50-127Z,PADOVA,padovasac.com,static_html_sitemap,phase5_static_html_jsonld,source_url,2,2,100,100,0,0,0,0,0,100,primary_candidate,Campo critico con cobertura y evidencia suficientes en la muestra.
webs_propias_phase7_2026-06-14T20-43-50-127Z,PADOVA,padovasac.com,static_html_sitemap,phase5_static_html_jsonld,agency_name,2,2,100,100,0,0,0,0,0,100,primary_candidate,Campo critico con cobertura y evidencia suficientes en la muestra.
webs_propias_phase7_2026-06-14T20-43-50-127Z,PADOVA,padovasac.com,static_html_sitemap,phase5_static_html_jsonld,project_name,2,2,100,66,0,0,0,0,0,100,primary_candidate,Campo critico con cobertura y evidencia suficientes en la muestra.
webs_propias_phase7_2026-06-14T20-43-50-127Z,PADOVA,padovasac.com,static_html_sitemap,phase5_static_html_jsonld,district,2,2,100,66,0,0,0,50,0,100,manual_review,Mismatch alto contra Nexo en registros comparables.
webs_propias_phase7_2026-06-14T20-43-50-127Z,PADOVA,padovasac.com,static_html_sitemap,phase5_static_html_jsonld,address,2,2,100,66,0,0,0,100,0,100,manual_review,Mismatch alto contra Nexo en registros comparables.
webs_propias_phase7_2026-06-14T20-43-50-127Z,PADOVA,padovasac.com,static_html_sitemap,phase5_static_html_jsonld,typology,2,2,100,66,0,0,0,0,0,100,primary_candidate,Campo critico con cobertura y evidencia suficientes en la muestra.
webs_propias_phase7_2026-06-14T20-43-50-127Z,PADOVA,padovasac.com,static_html_sitemap,phase5_static_html_jsonld,bedrooms,2,2,100,66,0,0,0,0,0,100,primary_candidate,Campo critico con cobertura y evidencia suficientes en la muestra.
webs_propias_phase7_2026-06-14T20-43-50-127Z,PADOVA,padovasac.com,static_html_sitemap,phase5_static_html_jsonld,total_area,2,2,100,66,0,0,0,0,0,100,primary_candidate,Campo critico con cobertura y evidencia suficientes en la muestra.
webs_propias_phase7_2026-06-14T20-43-50-127Z,PADOVA,padovasac.com,static_html_sitemap,phase5_static_html_jsonld,unit_status,2,2,100,33,0,0,0,0,0,100,primary_candidate,Campo critico con cobertura y evidencia suficientes en la muestra.
webs_propias_phase7_2026-06-14T20-43-50-127Z,PADOVA,padovasac.com,static_html_sitemap,phase5_static_html_jsonld,unit_count,2,0,0,0,100,0,0,0,0,0,not_recommended,Campo no observado en la muestra Fase 5.
webs_propias_phase7_2026-06-14T20-43-50-127Z,PADOVA,padovasac.com,static_html_sitemap,phase5_static_html_jsonld,list_price_avg,2,0,0,0,100,0,0,0,0,0,not_recommended,Campo no observado en la muestra Fase 5.
webs_propias_phase7_2026-06-14T20-43-50-127Z,PADOVA,padovasac.com,static_html_sitemap,phase5_static_html_jsonld,currency,2,0,0,0,100,0,0,0,0,0,not_recommended,Campo no observado en la muestra Fase 5.
webs_propias_phase7_2026-06-14T20-43-50-127Z,PADOVA,padovasac.com,static_html_sitemap,phase5_static_html_jsonld,delivery_year,2,0,0,0,100,0,0,0,0,0,not_recommended,Campo no observado en la muestra Fase 5.
webs_propias_phase7_2026-06-14T20-43-50-127Z,PADOVA,padovasac.com,static_html_sitemap,phase5_static_html_jsonld,delivery_date,2,0,0,0,100,0,0,0,0,0,not_recommended,Campo no observado en la muestra Fase 5.
webs_propias_phase7_2026-06-14T20-43-50-127Z,PADOVA,padovasac.com,static_html_sitemap,phase5_static_html_jsonld,description,2,2,100,66,0,0,0,0,0,100,enrichment_only,"Campo util para enriquecimiento, no necesariamente fuente primaria."
webs_propias_phase7_2026-06-14T20-43-50-127Z,PADOVA,padovasac.com,static_html_sitemap,phase5_static_html_jsonld,amenities,2,2,100,33,0,0,0,0,0,100,enrichment_only,"Campo util para enriquecimiento, no necesariamente fuente primaria."
webs_propias_phase7_2026-06-14T20-43-50-127Z,PADOVA,padovasac.com,static_html_sitemap,phase5_static_html_jsonld,contact_name,2,0,0,0,100,0,0,0,0,0,not_recommended,Campo no observado en la muestra Fase 5.
webs_propias_phase7_2026-06-14T20-43-50-127Z,PADOVA,padovasac.com,static_html_sitemap,phase5_static_html_jsonld,contact_phone,2,2,100,66,0,0,0,0,0,100,enrichment_only,"Campo util para enriquecimiento, no necesariamente fuente primaria."
webs_propias_phase7_2026-06-14T20-43-50-127Z,PADOVA,padovasac.com,static_html_sitemap,phase5_static_html_jsonld,whatsapp,2,0,0,0,100,0,0,0,0,0,not_recommended,Campo no observado en la muestra Fase 5.
webs_propias_phase7_2026-06-14T20-43-50-127Z,PADOVA,padovasac.com,static_html_sitemap,phase5_static_html_jsonld,email,2,2,100,66,0,0,0,0,0,100,enrichment_only,"Campo util para enriquecimiento, no necesariamente fuente primaria."
webs_propias_phase7_2026-06-14T20-43-50-127Z,PADOVA,padovasac.com,static_html_sitemap,phase5_static_html_jsonld,financing_banks,2,0,0,0,100,0,0,0,0,0,not_recommended,Campo no observado en la muestra Fase 5.
webs_propias_phase7_2026-06-14T20-43-50-127Z,PADOVA,padovasac.com,static_html_sitemap,phase5_static_html_jsonld,latitude,2,0,0,0,100,0,0,100,0,0,not_recommended,Campo no observado en la muestra Fase 5.
webs_propias_phase7_2026-06-14T20-43-50-127Z,PADOVA,padovasac.com,static_html_sitemap,phase5_static_html_jsonld,longitude,2,0,0,0,100,0,0,100,0,0,not_recommended,Campo no observado en la muestra Fase 5.
webs_propias_phase7_2026-06-14T20-43-50-127Z,ABRIL GRUPO INMOBILIARIO,abril.pe,wordpress_sitemap_rest_html,phase5_fetch_failed,source_url,2,2,100,100,0,100,0,0,0,100,not_recommended,Alta tasa de error de extraccion en la muestra.
webs_propias_phase7_2026-06-14T20-43-50-127Z,ABRIL GRUPO INMOBILIARIO,abril.pe,wordpress_sitemap_rest_html,phase5_fetch_failed,agency_name,2,2,100,100,0,100,0,0,0,100,not_recommended,Alta tasa de error de extraccion en la muestra.
webs_propias_phase7_2026-06-14T20-43-50-127Z,ABRIL GRUPO INMOBILIARIO,abril.pe,wordpress_sitemap_rest_html,phase5_fetch_failed,project_name,2,2,100,33,0,100,0,0,0,100,not_recommended,Alta tasa de error de extraccion en la muestra.
webs_propias_phase7_2026-06-14T20-43-50-127Z,ABRIL GRUPO INMOBILIARIO,abril.pe,wordpress_sitemap_rest_html,phase5_fetch_failed,district,2,0,0,0,100,100,0,0,0,0,not_recommended,Alta tasa de error de extraccion en la muestra.
webs_propias_phase7_2026-06-14T20-43-50-127Z,ABRIL GRUPO INMOBILIARIO,abril.pe,wordpress_sitemap_rest_html,phase5_fetch_failed,address,2,0,0,0,100,100,0,0,0,0,not_recommended,Alta tasa de error de extraccion en la muestra.
webs_propias_phase7_2026-06-14T20-43-50-127Z,ABRIL GRUPO INMOBILIARIO,abril.pe,wordpress_sitemap_rest_html,phase5_fetch_failed,typology,2,0,0,0,100,100,0,0,0,0,not_recommended,Alta tasa de error de extraccion en la muestra.
webs_propias_phase7_2026-06-14T20-43-50-127Z,ABRIL GRUPO INMOBILIARIO,abril.pe,wordpress_sitemap_rest_html,phase5_fetch_failed,bedrooms,2,0,0,0,100,100,0,0,0,0,not_recommended,Alta tasa de error de extraccion en la muestra.
webs_propias_phase7_2026-06-14T20-43-50-127Z,ABRIL GRUPO INMOBILIARIO,abril.pe,wordpress_sitemap_rest_html,phase5_fetch_failed,total_area,2,0,0,0,100,100,0,0,0,0,not_recommended,Alta tasa de error de extraccion en la muestra.
webs_propias_phase7_2026-06-14T20-43-50-127Z,ABRIL GRUPO INMOBILIARIO,abril.pe,wordpress_sitemap_rest_html,phase5_fetch_failed,unit_status,2,0,0,0,100,100,0,0,0,0,not_recommended,Alta tasa de error de extraccion en la muestra.
webs_propias_phase7_2026-06-14T20-43-50-127Z,ABRIL GRUPO INMOBILIARIO,abril.pe,wordpress_sitemap_rest_html,phase5_fetch_failed,unit_count,2,0,0,0,100,100,0,0,0,0,not_recommended,Alta tasa de error de extraccion en la muestra.
webs_propias_phase7_2026-06-14T20-43-50-127Z,ABRIL GRUPO INMOBILIARIO,abril.pe,wordpress_sitemap_rest_html,phase5_fetch_failed,list_price_avg,2,0,0,0,100,100,0,0,0,0,not_recommended,Alta tasa de error de extraccion en la muestra.
webs_propias_phase7_2026-06-14T20-43-50-127Z,ABRIL GRUPO INMOBILIARIO,abril.pe,wordpress_sitemap_rest_html,phase5_fetch_failed,currency,2,0,0,0,100,100,0,0,0,0,not_recommended,Alta tasa de error de extraccion en la muestra.
webs_propias_phase7_2026-06-14T20-43-50-127Z,ABRIL GRUPO INMOBILIARIO,abril.pe,wordpress_sitemap_rest_html,phase5_fetch_failed,delivery_year,2,0,0,0,100,100,0,0,0,0,not_recommended,Alta tasa de error de extraccion en la muestra.
webs_propias_phase7_2026-06-14T20-43-50-127Z,ABRIL GRUPO INMOBILIARIO,abril.pe,wordpress_sitemap_rest_html,phase5_fetch_failed,delivery_date,2,0,0,0,100,100,0,0,0,0,not_recommended,Alta tasa de error de extraccion en la muestra.
webs_propias_phase7_2026-06-14T20-43-50-127Z,ABRIL GRUPO INMOBILIARIO,abril.pe,wordpress_sitemap_rest_html,phase5_fetch_failed,description,2,0,0,0,100,100,0,0,0,0,not_recommended,Alta tasa de error de extraccion en la muestra.
webs_propias_phase7_2026-06-14T20-43-50-127Z,ABRIL GRUPO INMOBILIARIO,abril.pe,wordpress_sitemap_rest_html,phase5_fetch_failed,amenities,2,0,0,0,100,100,0,0,0,0,not_recommended,Alta tasa de error de extraccion en la muestra.
webs_propias_phase7_2026-06-14T20-43-50-127Z,ABRIL GRUPO INMOBILIARIO,abril.pe,wordpress_sitemap_rest_html,phase5_fetch_failed,contact_name,2,0,0,0,100,100,0,0,0,0,not_recommended,Alta tasa de error de extraccion en la muestra.
webs_propias_phase7_2026-06-14T20-43-50-127Z,ABRIL GRUPO INMOBILIARIO,abril.pe,wordpress_sitemap_rest_html,phase5_fetch_failed,contact_phone,2,0,0,0,100,100,0,0,0,0,not_recommended,Alta tasa de error de extraccion en la muestra.
webs_propias_phase7_2026-06-14T20-43-50-127Z,ABRIL GRUPO INMOBILIARIO,abril.pe,wordpress_sitemap_rest_html,phase5_fetch_failed,whatsapp,2,0,0,0,100,100,0,0,0,0,not_recommended,Alta tasa de error de extraccion en la muestra.
webs_propias_phase7_2026-06-14T20-43-50-127Z,ABRIL GRUPO INMOBILIARIO,abril.pe,wordpress_sitemap_rest_html,phase5_fetch_failed,email,2,0,0,0,100,100,0,0,0,0,not_recommended,Alta tasa de error de extraccion en la muestra.
webs_propias_phase7_2026-06-14T20-43-50-127Z,ABRIL GRUPO INMOBILIARIO,abril.pe,wordpress_sitemap_rest_html,phase5_fetch_failed,financing_banks,2,0,0,0,100,100,0,0,0,0,not_recommended,Alta tasa de error de extraccion en la muestra.
webs_propias_phase7_2026-06-14T20-43-50-127Z,ABRIL GRUPO INMOBILIARIO,abril.pe,wordpress_sitemap_rest_html,phase5_fetch_failed,latitude,2,0,0,0,100,100,0,0,0,0,not_recommended,Alta tasa de error de extraccion en la muestra.
webs_propias_phase7_2026-06-14T20-43-50-127Z,ABRIL GRUPO INMOBILIARIO,abril.pe,wordpress_sitemap_rest_html,phase5_fetch_failed,longitude,2,0,0,0,100,100,0,0,0,0,not_recommended,Alta tasa de error de extraccion en la muestra.
webs_propias_phase7_2026-06-14T20-43-50-127Z,EE INMOBILIARIA,eeinmobiliaria.com,wordpress_sitemap_rest_html,phase5_fetch_failed,source_url,2,2,100,100,0,100,0,0,0,100,not_recommended,Alta tasa de error de extraccion en la muestra.
webs_propias_phase7_2026-06-14T20-43-50-127Z,EE INMOBILIARIA,eeinmobiliaria.com,wordpress_sitemap_rest_html,phase5_fetch_failed,agency_name,2,2,100,100,0,100,0,0,0,100,not_recommended,Alta tasa de error de extraccion en la muestra.
webs_propias_phase7_2026-06-14T20-43-50-127Z,EE INMOBILIARIA,eeinmobiliaria.com,wordpress_sitemap_rest_html,phase5_fetch_failed,project_name,2,2,100,33,0,100,0,0,0,100,not_recommended,Alta tasa de error de extraccion en la muestra.
webs_propias_phase7_2026-06-14T20-43-50-127Z,EE INMOBILIARIA,eeinmobiliaria.com,wordpress_sitemap_rest_html,phase5_fetch_failed,district,2,0,0,0,100,100,0,0,0,0,not_recommended,Alta tasa de error de extraccion en la muestra.
webs_propias_phase7_2026-06-14T20-43-50-127Z,EE INMOBILIARIA,eeinmobiliaria.com,wordpress_sitemap_rest_html,phase5_fetch_failed,address,2,0,0,0,100,100,0,0,0,0,not_recommended,Alta tasa de error de extraccion en la muestra.
webs_propias_phase7_2026-06-14T20-43-50-127Z,EE INMOBILIARIA,eeinmobiliaria.com,wordpress_sitemap_rest_html,phase5_fetch_failed,typology,2,0,0,0,100,100,0,0,0,0,not_recommended,Alta tasa de error de extraccion en la muestra.
webs_propias_phase7_2026-06-14T20-43-50-127Z,EE INMOBILIARIA,eeinmobiliaria.com,wordpress_sitemap_rest_html,phase5_fetch_failed,bedrooms,2,0,0,0,100,100,0,0,0,0,not_recommended,Alta tasa de error de extraccion en la muestra.
webs_propias_phase7_2026-06-14T20-43-50-127Z,EE INMOBILIARIA,eeinmobiliaria.com,wordpress_sitemap_rest_html,phase5_fetch_failed,total_area,2,0,0,0,100,100,0,0,0,0,not_recommended,Alta tasa de error de extraccion en la muestra.
webs_propias_phase7_2026-06-14T20-43-50-127Z,EE INMOBILIARIA,eeinmobiliaria.com,wordpress_sitemap_rest_html,phase5_fetch_failed,unit_status,2,0,0,0,100,100,0,0,0,0,not_recommended,Alta tasa de error de extraccion en la muestra.
webs_propias_phase7_2026-06-14T20-43-50-127Z,EE INMOBILIARIA,eeinmobiliaria.com,wordpress_sitemap_rest_html,phase5_fetch_failed,unit_count,2,0,0,0,100,100,0,0,0,0,not_recommended,Alta tasa de error de extraccion en la muestra.
webs_propias_phase7_2026-06-14T20-43-50-127Z,EE INMOBILIARIA,eeinmobiliaria.com,wordpress_sitemap_rest_html,phase5_fetch_failed,list_price_avg,2,0,0,0,100,100,0,0,0,0,not_recommended,Alta tasa de error de extraccion en la muestra.
webs_propias_phase7_2026-06-14T20-43-50-127Z,EE INMOBILIARIA,eeinmobiliaria.com,wordpress_sitemap_rest_html,phase5_fetch_failed,currency,2,0,0,0,100,100,0,0,0,0,not_recommended,Alta tasa de error de extraccion en la muestra.
webs_propias_phase7_2026-06-14T20-43-50-127Z,EE INMOBILIARIA,eeinmobiliaria.com,wordpress_sitemap_rest_html,phase5_fetch_failed,delivery_year,2,0,0,0,100,100,0,0,0,0,not_recommended,Alta tasa de error de extraccion en la muestra.
webs_propias_phase7_2026-06-14T20-43-50-127Z,EE INMOBILIARIA,eeinmobiliaria.com,wordpress_sitemap_rest_html,phase5_fetch_failed,delivery_date,2,0,0,0,100,100,0,0,0,0,not_recommended,Alta tasa de error de extraccion en la muestra.
webs_propias_phase7_2026-06-14T20-43-50-127Z,EE INMOBILIARIA,eeinmobiliaria.com,wordpress_sitemap_rest_html,phase5_fetch_failed,description,2,0,0,0,100,100,0,0,0,0,not_recommended,Alta tasa de error de extraccion en la muestra.
webs_propias_phase7_2026-06-14T20-43-50-127Z,EE INMOBILIARIA,eeinmobiliaria.com,wordpress_sitemap_rest_html,phase5_fetch_failed,amenities,2,0,0,0,100,100,0,0,0,0,not_recommended,Alta tasa de error de extraccion en la muestra.
webs_propias_phase7_2026-06-14T20-43-50-127Z,EE INMOBILIARIA,eeinmobiliaria.com,wordpress_sitemap_rest_html,phase5_fetch_failed,contact_name,2,0,0,0,100,100,0,0,0,0,not_recommended,Alta tasa de error de extraccion en la muestra.
webs_propias_phase7_2026-06-14T20-43-50-127Z,EE INMOBILIARIA,eeinmobiliaria.com,wordpress_sitemap_rest_html,phase5_fetch_failed,contact_phone,2,0,0,0,100,100,0,0,0,0,not_recommended,Alta tasa de error de extraccion en la muestra.
webs_propias_phase7_2026-06-14T20-43-50-127Z,EE INMOBILIARIA,eeinmobiliaria.com,wordpress_sitemap_rest_html,phase5_fetch_failed,whatsapp,2,0,0,0,100,100,0,0,0,0,not_recommended,Alta tasa de error de extraccion en la muestra.
webs_propias_phase7_2026-06-14T20-43-50-127Z,EE INMOBILIARIA,eeinmobiliaria.com,wordpress_sitemap_rest_html,phase5_fetch_failed,email,2,0,0,0,100,100,0,0,0,0,not_recommended,Alta tasa de error de extraccion en la muestra.
webs_propias_phase7_2026-06-14T20-43-50-127Z,EE INMOBILIARIA,eeinmobiliaria.com,wordpress_sitemap_rest_html,phase5_fetch_failed,financing_banks,2,0,0,0,100,100,0,0,0,0,not_recommended,Alta tasa de error de extraccion en la muestra.
webs_propias_phase7_2026-06-14T20-43-50-127Z,EE INMOBILIARIA,eeinmobiliaria.com,wordpress_sitemap_rest_html,phase5_fetch_failed,latitude,2,0,0,0,100,100,0,0,0,0,not_recommended,Alta tasa de error de extraccion en la muestra.
webs_propias_phase7_2026-06-14T20-43-50-127Z,EE INMOBILIARIA,eeinmobiliaria.com,wordpress_sitemap_rest_html,phase5_fetch_failed,longitude,2,0,0,0,100,100,0,0,0,0,not_recommended,Alta tasa de error de extraccion en la muestra.
webs_propias_phase7_2026-06-14T20-43-50-127Z,ALBAMAR GRUPO INMOBILIARIO,albamar.com.pe,wordpress_sitemap_rest_html,phase5_wordpress_html_jsonld,source_url,2,2,100,100,0,0,0,0,0,100,primary_candidate,Campo critico con cobertura y evidencia suficientes en la muestra.
webs_propias_phase7_2026-06-14T20-43-50-127Z,ALBAMAR GRUPO INMOBILIARIO,albamar.com.pe,wordpress_sitemap_rest_html,phase5_wordpress_html_jsonld,agency_name,2,2,100,100,0,0,0,0,0,100,primary_candidate,Campo critico con cobertura y evidencia suficientes en la muestra.
webs_propias_phase7_2026-06-14T20-43-50-127Z,ALBAMAR GRUPO INMOBILIARIO,albamar.com.pe,wordpress_sitemap_rest_html,phase5_wordpress_html_jsonld,project_name,2,2,100,66,0,0,0,100,0,100,manual_review,Mismatch alto contra Nexo en registros comparables.
webs_propias_phase7_2026-06-14T20-43-50-127Z,ALBAMAR GRUPO INMOBILIARIO,albamar.com.pe,wordpress_sitemap_rest_html,phase5_wordpress_html_jsonld,district,2,2,100,66,0,0,0,0,0,100,primary_candidate,Campo critico con cobertura y evidencia suficientes en la muestra.
webs_propias_phase7_2026-06-14T20-43-50-127Z,ALBAMAR GRUPO INMOBILIARIO,albamar.com.pe,wordpress_sitemap_rest_html,phase5_wordpress_html_jsonld,address,2,0,0,0,100,0,0,100,0,0,not_recommended,Campo no observado en la muestra Fase 5.
webs_propias_phase7_2026-06-14T20-43-50-127Z,ALBAMAR GRUPO INMOBILIARIO,albamar.com.pe,wordpress_sitemap_rest_html,phase5_wordpress_html_jsonld,typology,2,2,100,66,0,0,0,0,0,100,primary_candidate,Campo critico con cobertura y evidencia suficientes en la muestra.
webs_propias_phase7_2026-06-14T20-43-50-127Z,ALBAMAR GRUPO INMOBILIARIO,albamar.com.pe,wordpress_sitemap_rest_html,phase5_wordpress_html_jsonld,bedrooms,2,2,100,66,0,0,0,0,0,100,primary_candidate,Campo critico con cobertura y evidencia suficientes en la muestra.
webs_propias_phase7_2026-06-14T20-43-50-127Z,ALBAMAR GRUPO INMOBILIARIO,albamar.com.pe,wordpress_sitemap_rest_html,phase5_wordpress_html_jsonld,total_area,2,0,0,0,100,0,0,0,0,0,not_recommended,Campo no observado en la muestra Fase 5.
webs_propias_phase7_2026-06-14T20-43-50-127Z,ALBAMAR GRUPO INMOBILIARIO,albamar.com.pe,wordpress_sitemap_rest_html,phase5_wordpress_html_jsonld,unit_status,2,2,100,33,0,0,0,0,0,100,primary_candidate,Campo critico con cobertura y evidencia suficientes en la muestra.
webs_propias_phase7_2026-06-14T20-43-50-127Z,ALBAMAR GRUPO INMOBILIARIO,albamar.com.pe,wordpress_sitemap_rest_html,phase5_wordpress_html_jsonld,unit_count,2,0,0,0,100,0,0,0,0,0,not_recommended,Campo no observado en la muestra Fase 5.
webs_propias_phase7_2026-06-14T20-43-50-127Z,ALBAMAR GRUPO INMOBILIARIO,albamar.com.pe,wordpress_sitemap_rest_html,phase5_wordpress_html_jsonld,list_price_avg,2,0,0,0,100,0,0,0,0,0,not_recommended,Campo no observado en la muestra Fase 5.
webs_propias_phase7_2026-06-14T20-43-50-127Z,ALBAMAR GRUPO INMOBILIARIO,albamar.com.pe,wordpress_sitemap_rest_html,phase5_wordpress_html_jsonld,currency,2,0,0,0,100,0,0,0,0,0,not_recommended,Campo no observado en la muestra Fase 5.
webs_propias_phase7_2026-06-14T20-43-50-127Z,ALBAMAR GRUPO INMOBILIARIO,albamar.com.pe,wordpress_sitemap_rest_html,phase5_wordpress_html_jsonld,delivery_year,2,0,0,0,100,0,0,0,0,0,not_recommended,Campo no observado en la muestra Fase 5.
webs_propias_phase7_2026-06-14T20-43-50-127Z,ALBAMAR GRUPO INMOBILIARIO,albamar.com.pe,wordpress_sitemap_rest_html,phase5_wordpress_html_jsonld,delivery_date,2,0,0,0,100,0,0,0,0,0,not_recommended,Campo no observado en la muestra Fase 5.
webs_propias_phase7_2026-06-14T20-43-50-127Z,ALBAMAR GRUPO INMOBILIARIO,albamar.com.pe,wordpress_sitemap_rest_html,phase5_wordpress_html_jsonld,description,2,1,50,66,50,0,0,0,0,100,enrichment_only,"Campo util para enriquecimiento, no necesariamente fuente primaria."
webs_propias_phase7_2026-06-14T20-43-50-127Z,ALBAMAR GRUPO INMOBILIARIO,albamar.com.pe,wordpress_sitemap_rest_html,phase5_wordpress_html_jsonld,amenities,2,2,100,33,0,0,0,0,0,100,enrichment_only,"Campo util para enriquecimiento, no necesariamente fuente primaria."
webs_propias_phase7_2026-06-14T20-43-50-127Z,ALBAMAR GRUPO INMOBILIARIO,albamar.com.pe,wordpress_sitemap_rest_html,phase5_wordpress_html_jsonld,contact_name,2,0,0,0,100,0,0,0,0,0,not_recommended,Campo no observado en la muestra Fase 5.
webs_propias_phase7_2026-06-14T20-43-50-127Z,ALBAMAR GRUPO INMOBILIARIO,albamar.com.pe,wordpress_sitemap_rest_html,phase5_wordpress_html_jsonld,contact_phone,2,2,100,66,0,0,0,0,0,100,enrichment_only,"Campo util para enriquecimiento, no necesariamente fuente primaria."
webs_propias_phase7_2026-06-14T20-43-50-127Z,ALBAMAR GRUPO INMOBILIARIO,albamar.com.pe,wordpress_sitemap_rest_html,phase5_wordpress_html_jsonld,whatsapp,2,2,100,66,0,0,0,0,0,100,enrichment_only,"Campo util para enriquecimiento, no necesariamente fuente primaria."
webs_propias_phase7_2026-06-14T20-43-50-127Z,ALBAMAR GRUPO INMOBILIARIO,albamar.com.pe,wordpress_sitemap_rest_html,phase5_wordpress_html_jsonld,email,2,2,100,66,0,0,0,0,0,100,enrichment_only,"Campo util para enriquecimiento, no necesariamente fuente primaria."
webs_propias_phase7_2026-06-14T20-43-50-127Z,ALBAMAR GRUPO INMOBILIARIO,albamar.com.pe,wordpress_sitemap_rest_html,phase5_wordpress_html_jsonld,financing_banks,2,0,0,0,100,0,0,0,0,0,not_recommended,Campo no observado en la muestra Fase 5.
webs_propias_phase7_2026-06-14T20-43-50-127Z,ALBAMAR GRUPO INMOBILIARIO,albamar.com.pe,wordpress_sitemap_rest_html,phase5_wordpress_html_jsonld,latitude,2,0,0,0,100,0,0,100,0,0,not_recommended,Campo no observado en la muestra Fase 5.
webs_propias_phase7_2026-06-14T20-43-50-127Z,ALBAMAR GRUPO INMOBILIARIO,albamar.com.pe,wordpress_sitemap_rest_html,phase5_wordpress_html_jsonld,longitude,2,0,0,0,100,0,0,100,0,0,not_recommended,Campo no observado en la muestra Fase 5.
webs_propias_phase7_2026-06-14T20-43-50-127Z,V&V GRUPO INMOBILIARIO,vyv.pe,wordpress_sitemap_rest_html,phase5_wordpress_html_jsonld,source_url,2,2,100,100,0,0,0,0,0,100,primary_candidate,Campo critico con cobertura y evidencia suficientes en la muestra.
webs_propias_phase7_2026-06-14T20-43-50-127Z,V&V GRUPO INMOBILIARIO,vyv.pe,wordpress_sitemap_rest_html,phase5_wordpress_html_jsonld,agency_name,2,2,100,100,0,0,0,0,0,100,primary_candidate,Campo critico con cobertura y evidencia suficientes en la muestra.
webs_propias_phase7_2026-06-14T20-43-50-127Z,V&V GRUPO INMOBILIARIO,vyv.pe,wordpress_sitemap_rest_html,phase5_wordpress_html_jsonld,project_name,2,2,100,66,0,0,0,0,0,100,primary_candidate,Campo critico con cobertura y evidencia suficientes en la muestra.
webs_propias_phase7_2026-06-14T20-43-50-127Z,V&V GRUPO INMOBILIARIO,vyv.pe,wordpress_sitemap_rest_html,phase5_wordpress_html_jsonld,district,2,2,100,66,0,0,0,100,0,100,manual_review,Mismatch alto contra Nexo en registros comparables.
webs_propias_phase7_2026-06-14T20-43-50-127Z,V&V GRUPO INMOBILIARIO,vyv.pe,wordpress_sitemap_rest_html,phase5_wordpress_html_jsonld,address,2,2,100,66,0,0,0,100,0,100,manual_review,Mismatch alto contra Nexo en registros comparables.
webs_propias_phase7_2026-06-14T20-43-50-127Z,V&V GRUPO INMOBILIARIO,vyv.pe,wordpress_sitemap_rest_html,phase5_wordpress_html_jsonld,typology,2,0,0,0,100,0,0,0,0,0,not_recommended,Campo no observado en la muestra Fase 5.
webs_propias_phase7_2026-06-14T20-43-50-127Z,V&V GRUPO INMOBILIARIO,vyv.pe,wordpress_sitemap_rest_html,phase5_wordpress_html_jsonld,bedrooms,2,1,50,66,50,0,0,0,1,100,enrichment_only,"Campo util para enriquecimiento, no necesariamente fuente primaria."
webs_propias_phase7_2026-06-14T20-43-50-127Z,V&V GRUPO INMOBILIARIO,vyv.pe,wordpress_sitemap_rest_html,phase5_wordpress_html_jsonld,total_area,2,1,50,66,50,0,0,0,0,100,enrichment_only,"Campo util para enriquecimiento, no necesariamente fuente primaria."
webs_propias_phase7_2026-06-14T20-43-50-127Z,V&V GRUPO INMOBILIARIO,vyv.pe,wordpress_sitemap_rest_html,phase5_wordpress_html_jsonld,unit_status,2,0,0,0,100,0,0,0,0,0,not_recommended,Campo no observado en la muestra Fase 5.
webs_propias_phase7_2026-06-14T20-43-50-127Z,V&V GRUPO INMOBILIARIO,vyv.pe,wordpress_sitemap_rest_html,phase5_wordpress_html_jsonld,unit_count,2,0,0,0,100,0,0,0,0,0,not_recommended,Campo no observado en la muestra Fase 5.
webs_propias_phase7_2026-06-14T20-43-50-127Z,V&V GRUPO INMOBILIARIO,vyv.pe,wordpress_sitemap_rest_html,phase5_wordpress_html_jsonld,list_price_avg,2,0,0,0,100,0,0,0,0,0,not_recommended,Campo no observado en la muestra Fase 5.
webs_propias_phase7_2026-06-14T20-43-50-127Z,V&V GRUPO INMOBILIARIO,vyv.pe,wordpress_sitemap_rest_html,phase5_wordpress_html_jsonld,currency,2,0,0,0,100,0,0,0,0,0,not_recommended,Campo no observado en la muestra Fase 5.
webs_propias_phase7_2026-06-14T20-43-50-127Z,V&V GRUPO INMOBILIARIO,vyv.pe,wordpress_sitemap_rest_html,phase5_wordpress_html_jsonld,delivery_year,2,0,0,0,100,0,0,0,0,0,not_recommended,Campo no observado en la muestra Fase 5.
webs_propias_phase7_2026-06-14T20-43-50-127Z,V&V GRUPO INMOBILIARIO,vyv.pe,wordpress_sitemap_rest_html,phase5_wordpress_html_jsonld,delivery_date,2,0,0,0,100,0,0,0,0,0,not_recommended,Campo no observado en la muestra Fase 5.
webs_propias_phase7_2026-06-14T20-43-50-127Z,V&V GRUPO INMOBILIARIO,vyv.pe,wordpress_sitemap_rest_html,phase5_wordpress_html_jsonld,description,2,2,100,66,0,0,0,0,0,100,enrichment_only,"Campo util para enriquecimiento, no necesariamente fuente primaria."
webs_propias_phase7_2026-06-14T20-43-50-127Z,V&V GRUPO INMOBILIARIO,vyv.pe,wordpress_sitemap_rest_html,phase5_wordpress_html_jsonld,amenities,2,1,50,33,50,0,0,0,0,100,enrichment_only,"Campo util para enriquecimiento, no necesariamente fuente primaria."
webs_propias_phase7_2026-06-14T20-43-50-127Z,V&V GRUPO INMOBILIARIO,vyv.pe,wordpress_sitemap_rest_html,phase5_wordpress_html_jsonld,contact_name,2,0,0,0,100,0,0,0,0,0,not_recommended,Campo no observado en la muestra Fase 5.
webs_propias_phase7_2026-06-14T20-43-50-127Z,V&V GRUPO INMOBILIARIO,vyv.pe,wordpress_sitemap_rest_html,phase5_wordpress_html_jsonld,contact_phone,2,2,100,66,0,0,0,0,0,100,enrichment_only,"Campo util para enriquecimiento, no necesariamente fuente primaria."
webs_propias_phase7_2026-06-14T20-43-50-127Z,V&V GRUPO INMOBILIARIO,vyv.pe,wordpress_sitemap_rest_html,phase5_wordpress_html_jsonld,whatsapp,2,2,100,66,0,0,0,0,0,100,enrichment_only,"Campo util para enriquecimiento, no necesariamente fuente primaria."
webs_propias_phase7_2026-06-14T20-43-50-127Z,V&V GRUPO INMOBILIARIO,vyv.pe,wordpress_sitemap_rest_html,phase5_wordpress_html_jsonld,email,2,2,100,66,0,0,0,0,0,100,enrichment_only,"Campo util para enriquecimiento, no necesariamente fuente primaria."
webs_propias_phase7_2026-06-14T20-43-50-127Z,V&V GRUPO INMOBILIARIO,vyv.pe,wordpress_sitemap_rest_html,phase5_wordpress_html_jsonld,financing_banks,2,0,0,0,100,0,0,0,0,0,not_recommended,Campo no observado en la muestra Fase 5.
webs_propias_phase7_2026-06-14T20-43-50-127Z,V&V GRUPO INMOBILIARIO,vyv.pe,wordpress_sitemap_rest_html,phase5_wordpress_html_jsonld,latitude,2,0,0,0,100,0,0,100,0,0,not_recommended,Campo no observado en la muestra Fase 5.
webs_propias_phase7_2026-06-14T20-43-50-127Z,V&V GRUPO INMOBILIARIO,vyv.pe,wordpress_sitemap_rest_html,phase5_wordpress_html_jsonld,longitude,2,0,0,0,100,0,0,100,0,0,not_recommended,Campo no observado en la muestra Fase 5.
webs_propias_phase7_2026-06-14T20-43-50-127Z,GRUPO MG,grupomg.pe,wordpress_sitemap_rest_html,phase5_fetch_failed,source_url,1,1,100,100,0,100,0,0,0,100,not_recommended,Alta tasa de error de extraccion en la muestra.
webs_propias_phase7_2026-06-14T20-43-50-127Z,GRUPO MG,grupomg.pe,wordpress_sitemap_rest_html,phase5_fetch_failed,agency_name,1,1,100,100,0,100,0,0,0,100,not_recommended,Alta tasa de error de extraccion en la muestra.
webs_propias_phase7_2026-06-14T20-43-50-127Z,GRUPO MG,grupomg.pe,wordpress_sitemap_rest_html,phase5_fetch_failed,project_name,1,1,100,33,0,100,0,0,0,100,not_recommended,Alta tasa de error de extraccion en la muestra.
webs_propias_phase7_2026-06-14T20-43-50-127Z,GRUPO MG,grupomg.pe,wordpress_sitemap_rest_html,phase5_fetch_failed,district,1,0,0,0,100,100,0,0,0,0,not_recommended,Alta tasa de error de extraccion en la muestra.
webs_propias_phase7_2026-06-14T20-43-50-127Z,GRUPO MG,grupomg.pe,wordpress_sitemap_rest_html,phase5_fetch_failed,address,1,0,0,0,100,100,0,0,0,0,not_recommended,Alta tasa de error de extraccion en la muestra.
webs_propias_phase7_2026-06-14T20-43-50-127Z,GRUPO MG,grupomg.pe,wordpress_sitemap_rest_html,phase5_fetch_failed,typology,1,0,0,0,100,100,0,0,0,0,not_recommended,Alta tasa de error de extraccion en la muestra.
webs_propias_phase7_2026-06-14T20-43-50-127Z,GRUPO MG,grupomg.pe,wordpress_sitemap_rest_html,phase5_fetch_failed,bedrooms,1,0,0,0,100,100,0,0,0,0,not_recommended,Alta tasa de error de extraccion en la muestra.
webs_propias_phase7_2026-06-14T20-43-50-127Z,GRUPO MG,grupomg.pe,wordpress_sitemap_rest_html,phase5_fetch_failed,total_area,1,0,0,0,100,100,0,0,0,0,not_recommended,Alta tasa de error de extraccion en la muestra.
webs_propias_phase7_2026-06-14T20-43-50-127Z,GRUPO MG,grupomg.pe,wordpress_sitemap_rest_html,phase5_fetch_failed,unit_status,1,0,0,0,100,100,0,0,0,0,not_recommended,Alta tasa de error de extraccion en la muestra.
webs_propias_phase7_2026-06-14T20-43-50-127Z,GRUPO MG,grupomg.pe,wordpress_sitemap_rest_html,phase5_fetch_failed,unit_count,1,0,0,0,100,100,0,0,0,0,not_recommended,Alta tasa de error de extraccion en la muestra.
webs_propias_phase7_2026-06-14T20-43-50-127Z,GRUPO MG,grupomg.pe,wordpress_sitemap_rest_html,phase5_fetch_failed,list_price_avg,1,0,0,0,100,100,0,0,0,0,not_recommended,Alta tasa de error de extraccion en la muestra.
webs_propias_phase7_2026-06-14T20-43-50-127Z,GRUPO MG,grupomg.pe,wordpress_sitemap_rest_html,phase5_fetch_failed,currency,1,0,0,0,100,100,0,0,0,0,not_recommended,Alta tasa de error de extraccion en la muestra.
webs_propias_phase7_2026-06-14T20-43-50-127Z,GRUPO MG,grupomg.pe,wordpress_sitemap_rest_html,phase5_fetch_failed,delivery_year,1,0,0,0,100,100,0,0,0,0,not_recommended,Alta tasa de error de extraccion en la muestra.
webs_propias_phase7_2026-06-14T20-43-50-127Z,GRUPO MG,grupomg.pe,wordpress_sitemap_rest_html,phase5_fetch_failed,delivery_date,1,0,0,0,100,100,0,0,0,0,not_recommended,Alta tasa de error de extraccion en la muestra.
webs_propias_phase7_2026-06-14T20-43-50-127Z,GRUPO MG,grupomg.pe,wordpress_sitemap_rest_html,phase5_fetch_failed,description,1,0,0,0,100,100,0,0,0,0,not_recommended,Alta tasa de error de extraccion en la muestra.
webs_propias_phase7_2026-06-14T20-43-50-127Z,GRUPO MG,grupomg.pe,wordpress_sitemap_rest_html,phase5_fetch_failed,amenities,1,0,0,0,100,100,0,0,0,0,not_recommended,Alta tasa de error de extraccion en la muestra.
webs_propias_phase7_2026-06-14T20-43-50-127Z,GRUPO MG,grupomg.pe,wordpress_sitemap_rest_html,phase5_fetch_failed,contact_name,1,0,0,0,100,100,0,0,0,0,not_recommended,Alta tasa de error de extraccion en la muestra.
webs_propias_phase7_2026-06-14T20-43-50-127Z,GRUPO MG,grupomg.pe,wordpress_sitemap_rest_html,phase5_fetch_failed,contact_phone,1,0,0,0,100,100,0,0,0,0,not_recommended,Alta tasa de error de extraccion en la muestra.
webs_propias_phase7_2026-06-14T20-43-50-127Z,GRUPO MG,grupomg.pe,wordpress_sitemap_rest_html,phase5_fetch_failed,whatsapp,1,0,0,0,100,100,0,0,0,0,not_recommended,Alta tasa de error de extraccion en la muestra.
webs_propias_phase7_2026-06-14T20-43-50-127Z,GRUPO MG,grupomg.pe,wordpress_sitemap_rest_html,phase5_fetch_failed,email,1,0,0,0,100,100,0,0,0,0,not_recommended,Alta tasa de error de extraccion en la muestra.
webs_propias_phase7_2026-06-14T20-43-50-127Z,GRUPO MG,grupomg.pe,wordpress_sitemap_rest_html,phase5_fetch_failed,financing_banks,1,0,0,0,100,100,0,0,0,0,not_recommended,Alta tasa de error de extraccion en la muestra.
webs_propias_phase7_2026-06-14T20-43-50-127Z,GRUPO MG,grupomg.pe,wordpress_sitemap_rest_html,phase5_fetch_failed,latitude,1,0,0,0,100,100,0,0,0,0,not_recommended,Alta tasa de error de extraccion en la muestra.
webs_propias_phase7_2026-06-14T20-43-50-127Z,GRUPO MG,grupomg.pe,wordpress_sitemap_rest_html,phase5_fetch_failed,longitude,1,0,0,0,100,100,0,0,0,0,not_recommended,Alta tasa de error de extraccion en la muestra.
webs_propias_phase7_2026-06-14T20-43-50-127Z,GRUPO MG,grupomg.pe,wordpress_sitemap_rest_html,phase5_wordpress_html_jsonld,source_url,2,2,100,100,0,0,0,0,0,100,primary_candidate,Campo critico con cobertura y evidencia suficientes en la muestra.
webs_propias_phase7_2026-06-14T20-43-50-127Z,GRUPO MG,grupomg.pe,wordpress_sitemap_rest_html,phase5_wordpress_html_jsonld,agency_name,2,2,100,100,0,0,0,0,0,100,primary_candidate,Campo critico con cobertura y evidencia suficientes en la muestra.
webs_propias_phase7_2026-06-14T20-43-50-127Z,GRUPO MG,grupomg.pe,wordpress_sitemap_rest_html,phase5_wordpress_html_jsonld,project_name,2,2,100,66,0,0,0,100,0,100,manual_review,Mismatch alto contra Nexo en registros comparables.
webs_propias_phase7_2026-06-14T20-43-50-127Z,GRUPO MG,grupomg.pe,wordpress_sitemap_rest_html,phase5_wordpress_html_jsonld,district,2,2,100,66,0,0,0,0,0,100,primary_candidate,Campo critico con cobertura y evidencia suficientes en la muestra.
webs_propias_phase7_2026-06-14T20-43-50-127Z,GRUPO MG,grupomg.pe,wordpress_sitemap_rest_html,phase5_wordpress_html_jsonld,address,2,2,100,66,0,0,0,0,0,100,primary_candidate,Campo critico con cobertura y evidencia suficientes en la muestra.
webs_propias_phase7_2026-06-14T20-43-50-127Z,GRUPO MG,grupomg.pe,wordpress_sitemap_rest_html,phase5_wordpress_html_jsonld,typology,2,2,100,66,0,0,0,0,0,100,primary_candidate,Campo critico con cobertura y evidencia suficientes en la muestra.
webs_propias_phase7_2026-06-14T20-43-50-127Z,GRUPO MG,grupomg.pe,wordpress_sitemap_rest_html,phase5_wordpress_html_jsonld,bedrooms,2,2,100,66,0,0,0,0,0,100,primary_candidate,Campo critico con cobertura y evidencia suficientes en la muestra.
webs_propias_phase7_2026-06-14T20-43-50-127Z,GRUPO MG,grupomg.pe,wordpress_sitemap_rest_html,phase5_wordpress_html_jsonld,total_area,2,2,100,66,0,0,0,0,0,100,primary_candidate,Campo critico con cobertura y evidencia suficientes en la muestra.
webs_propias_phase7_2026-06-14T20-43-50-127Z,GRUPO MG,grupomg.pe,wordpress_sitemap_rest_html,phase5_wordpress_html_jsonld,unit_status,2,2,100,33,0,0,0,0,0,100,primary_candidate,Campo critico con cobertura y evidencia suficientes en la muestra.
webs_propias_phase7_2026-06-14T20-43-50-127Z,GRUPO MG,grupomg.pe,wordpress_sitemap_rest_html,phase5_wordpress_html_jsonld,unit_count,2,0,0,0,100,0,0,0,0,0,not_recommended,Campo no observado en la muestra Fase 5.
webs_propias_phase7_2026-06-14T20-43-50-127Z,GRUPO MG,grupomg.pe,wordpress_sitemap_rest_html,phase5_wordpress_html_jsonld,list_price_avg,2,0,0,0,100,0,0,0,0,0,not_recommended,Campo no observado en la muestra Fase 5.
webs_propias_phase7_2026-06-14T20-43-50-127Z,GRUPO MG,grupomg.pe,wordpress_sitemap_rest_html,phase5_wordpress_html_jsonld,currency,2,0,0,0,100,0,0,0,0,0,not_recommended,Campo no observado en la muestra Fase 5.
webs_propias_phase7_2026-06-14T20-43-50-127Z,GRUPO MG,grupomg.pe,wordpress_sitemap_rest_html,phase5_wordpress_html_jsonld,delivery_year,2,0,0,0,100,0,0,0,0,0,not_recommended,Campo no observado en la muestra Fase 5.
webs_propias_phase7_2026-06-14T20-43-50-127Z,GRUPO MG,grupomg.pe,wordpress_sitemap_rest_html,phase5_wordpress_html_jsonld,delivery_date,2,0,0,0,100,0,0,0,0,0,not_recommended,Campo no observado en la muestra Fase 5.
webs_propias_phase7_2026-06-14T20-43-50-127Z,GRUPO MG,grupomg.pe,wordpress_sitemap_rest_html,phase5_wordpress_html_jsonld,description,2,2,100,66,0,0,0,0,0,100,enrichment_only,"Campo util para enriquecimiento, no necesariamente fuente primaria."
webs_propias_phase7_2026-06-14T20-43-50-127Z,GRUPO MG,grupomg.pe,wordpress_sitemap_rest_html,phase5_wordpress_html_jsonld,amenities,2,2,100,33,0,0,0,0,0,100,enrichment_only,"Campo util para enriquecimiento, no necesariamente fuente primaria."
webs_propias_phase7_2026-06-14T20-43-50-127Z,GRUPO MG,grupomg.pe,wordpress_sitemap_rest_html,phase5_wordpress_html_jsonld,contact_name,2,0,0,0,100,0,0,0,0,0,not_recommended,Campo no observado en la muestra Fase 5.
webs_propias_phase7_2026-06-14T20-43-50-127Z,GRUPO MG,grupomg.pe,wordpress_sitemap_rest_html,phase5_wordpress_html_jsonld,contact_phone,2,2,100,66,0,0,0,0,0,100,enrichment_only,"Campo util para enriquecimiento, no necesariamente fuente primaria."
webs_propias_phase7_2026-06-14T20-43-50-127Z,GRUPO MG,grupomg.pe,wordpress_sitemap_rest_html,phase5_wordpress_html_jsonld,whatsapp,2,0,0,0,100,0,0,0,0,0,not_recommended,Campo no observado en la muestra Fase 5.
webs_propias_phase7_2026-06-14T20-43-50-127Z,GRUPO MG,grupomg.pe,wordpress_sitemap_rest_html,phase5_wordpress_html_jsonld,email,2,2,100,66,0,0,0,0,0,100,enrichment_only,"Campo util para enriquecimiento, no necesariamente fuente primaria."
webs_propias_phase7_2026-06-14T20-43-50-127Z,GRUPO MG,grupomg.pe,wordpress_sitemap_rest_html,phase5_wordpress_html_jsonld,financing_banks,2,0,0,0,100,0,0,0,0,0,not_recommended,Campo no observado en la muestra Fase 5.
webs_propias_phase7_2026-06-14T20-43-50-127Z,GRUPO MG,grupomg.pe,wordpress_sitemap_rest_html,phase5_wordpress_html_jsonld,latitude,2,0,0,0,100,0,0,100,0,0,not_recommended,Campo no observado en la muestra Fase 5.
webs_propias_phase7_2026-06-14T20-43-50-127Z,GRUPO MG,grupomg.pe,wordpress_sitemap_rest_html,phase5_wordpress_html_jsonld,longitude,2,0,0,0,100,0,0,100,0,0,not_recommended,Campo no observado en la muestra Fase 5.
webs_propias_phase7_2026-06-14T20-43-50-127Z,GRUPO T&C,grupotyc.com,wordpress_sitemap_rest_html,phase5_fetch_failed,source_url,2,2,100,100,0,100,0,0,0,100,not_recommended,Alta tasa de error de extraccion en la muestra.
webs_propias_phase7_2026-06-14T20-43-50-127Z,GRUPO T&C,grupotyc.com,wordpress_sitemap_rest_html,phase5_fetch_failed,agency_name,2,2,100,100,0,100,0,0,0,100,not_recommended,Alta tasa de error de extraccion en la muestra.
webs_propias_phase7_2026-06-14T20-43-50-127Z,GRUPO T&C,grupotyc.com,wordpress_sitemap_rest_html,phase5_fetch_failed,project_name,2,2,100,33,0,100,0,0,0,100,not_recommended,Alta tasa de error de extraccion en la muestra.
webs_propias_phase7_2026-06-14T20-43-50-127Z,GRUPO T&C,grupotyc.com,wordpress_sitemap_rest_html,phase5_fetch_failed,district,2,0,0,0,100,100,0,0,0,0,not_recommended,Alta tasa de error de extraccion en la muestra.
webs_propias_phase7_2026-06-14T20-43-50-127Z,GRUPO T&C,grupotyc.com,wordpress_sitemap_rest_html,phase5_fetch_failed,address,2,0,0,0,100,100,0,0,0,0,not_recommended,Alta tasa de error de extraccion en la muestra.
webs_propias_phase7_2026-06-14T20-43-50-127Z,GRUPO T&C,grupotyc.com,wordpress_sitemap_rest_html,phase5_fetch_failed,typology,2,0,0,0,100,100,0,0,0,0,not_recommended,Alta tasa de error de extraccion en la muestra.
webs_propias_phase7_2026-06-14T20-43-50-127Z,GRUPO T&C,grupotyc.com,wordpress_sitemap_rest_html,phase5_fetch_failed,bedrooms,2,0,0,0,100,100,0,0,0,0,not_recommended,Alta tasa de error de extraccion en la muestra.
webs_propias_phase7_2026-06-14T20-43-50-127Z,GRUPO T&C,grupotyc.com,wordpress_sitemap_rest_html,phase5_fetch_failed,total_area,2,0,0,0,100,100,0,0,0,0,not_recommended,Alta tasa de error de extraccion en la muestra.
webs_propias_phase7_2026-06-14T20-43-50-127Z,GRUPO T&C,grupotyc.com,wordpress_sitemap_rest_html,phase5_fetch_failed,unit_status,2,0,0,0,100,100,0,0,0,0,not_recommended,Alta tasa de error de extraccion en la muestra.
webs_propias_phase7_2026-06-14T20-43-50-127Z,GRUPO T&C,grupotyc.com,wordpress_sitemap_rest_html,phase5_fetch_failed,unit_count,2,0,0,0,100,100,0,0,0,0,not_recommended,Alta tasa de error de extraccion en la muestra.
webs_propias_phase7_2026-06-14T20-43-50-127Z,GRUPO T&C,grupotyc.com,wordpress_sitemap_rest_html,phase5_fetch_failed,list_price_avg,2,0,0,0,100,100,0,0,0,0,not_recommended,Alta tasa de error de extraccion en la muestra.
webs_propias_phase7_2026-06-14T20-43-50-127Z,GRUPO T&C,grupotyc.com,wordpress_sitemap_rest_html,phase5_fetch_failed,currency,2,0,0,0,100,100,0,0,0,0,not_recommended,Alta tasa de error de extraccion en la muestra.
webs_propias_phase7_2026-06-14T20-43-50-127Z,GRUPO T&C,grupotyc.com,wordpress_sitemap_rest_html,phase5_fetch_failed,delivery_year,2,0,0,0,100,100,0,0,0,0,not_recommended,Alta tasa de error de extraccion en la muestra.
webs_propias_phase7_2026-06-14T20-43-50-127Z,GRUPO T&C,grupotyc.com,wordpress_sitemap_rest_html,phase5_fetch_failed,delivery_date,2,0,0,0,100,100,0,0,0,0,not_recommended,Alta tasa de error de extraccion en la muestra.
webs_propias_phase7_2026-06-14T20-43-50-127Z,GRUPO T&C,grupotyc.com,wordpress_sitemap_rest_html,phase5_fetch_failed,description,2,0,0,0,100,100,0,0,0,0,not_recommended,Alta tasa de error de extraccion en la muestra.
webs_propias_phase7_2026-06-14T20-43-50-127Z,GRUPO T&C,grupotyc.com,wordpress_sitemap_rest_html,phase5_fetch_failed,amenities,2,0,0,0,100,100,0,0,0,0,not_recommended,Alta tasa de error de extraccion en la muestra.
webs_propias_phase7_2026-06-14T20-43-50-127Z,GRUPO T&C,grupotyc.com,wordpress_sitemap_rest_html,phase5_fetch_failed,contact_name,2,0,0,0,100,100,0,0,0,0,not_recommended,Alta tasa de error de extraccion en la muestra.
webs_propias_phase7_2026-06-14T20-43-50-127Z,GRUPO T&C,grupotyc.com,wordpress_sitemap_rest_html,phase5_fetch_failed,contact_phone,2,0,0,0,100,100,0,0,0,0,not_recommended,Alta tasa de error de extraccion en la muestra.
webs_propias_phase7_2026-06-14T20-43-50-127Z,GRUPO T&C,grupotyc.com,wordpress_sitemap_rest_html,phase5_fetch_failed,whatsapp,2,0,0,0,100,100,0,0,0,0,not_recommended,Alta tasa de error de extraccion en la muestra.
webs_propias_phase7_2026-06-14T20-43-50-127Z,GRUPO T&C,grupotyc.com,wordpress_sitemap_rest_html,phase5_fetch_failed,email,2,0,0,0,100,100,0,0,0,0,not_recommended,Alta tasa de error de extraccion en la muestra.
webs_propias_phase7_2026-06-14T20-43-50-127Z,GRUPO T&C,grupotyc.com,wordpress_sitemap_rest_html,phase5_fetch_failed,financing_banks,2,0,0,0,100,100,0,0,0,0,not_recommended,Alta tasa de error de extraccion en la muestra.
webs_propias_phase7_2026-06-14T20-43-50-127Z,GRUPO T&C,grupotyc.com,wordpress_sitemap_rest_html,phase5_fetch_failed,latitude,2,0,0,0,100,100,0,0,0,0,not_recommended,Alta tasa de error de extraccion en la muestra.
webs_propias_phase7_2026-06-14T20-43-50-127Z,GRUPO T&C,grupotyc.com,wordpress_sitemap_rest_html,phase5_fetch_failed,longitude,2,0,0,0,100,100,0,0,0,0,not_recommended,Alta tasa de error de extraccion en la muestra.
webs_propias_phase7_2026-06-14T20-43-50-127Z,HL DESARROLLOS INMOBILIARIOS,hldi.pe,wordpress_sitemap_rest_html,phase5_wordpress_html_jsonld,source_url,2,2,100,100,0,0,0,0,0,100,primary_candidate,Campo critico con cobertura y evidencia suficientes en la muestra.
webs_propias_phase7_2026-06-14T20-43-50-127Z,HL DESARROLLOS INMOBILIARIOS,hldi.pe,wordpress_sitemap_rest_html,phase5_wordpress_html_jsonld,agency_name,2,2,100,100,0,0,0,0,0,100,primary_candidate,Campo critico con cobertura y evidencia suficientes en la muestra.
webs_propias_phase7_2026-06-14T20-43-50-127Z,HL DESARROLLOS INMOBILIARIOS,hldi.pe,wordpress_sitemap_rest_html,phase5_wordpress_html_jsonld,project_name,2,2,100,66,0,0,0,0,0,100,primary_candidate,Campo critico con cobertura y evidencia suficientes en la muestra.
webs_propias_phase7_2026-06-14T20-43-50-127Z,HL DESARROLLOS INMOBILIARIOS,hldi.pe,wordpress_sitemap_rest_html,phase5_wordpress_html_jsonld,district,2,2,100,66,0,0,0,0,0,100,primary_candidate,Campo critico con cobertura y evidencia suficientes en la muestra.
webs_propias_phase7_2026-06-14T20-43-50-127Z,HL DESARROLLOS INMOBILIARIOS,hldi.pe,wordpress_sitemap_rest_html,phase5_wordpress_html_jsonld,address,2,2,100,66,0,0,0,0,0,100,primary_candidate,Campo critico con cobertura y evidencia suficientes en la muestra.
webs_propias_phase7_2026-06-14T20-43-50-127Z,HL DESARROLLOS INMOBILIARIOS,hldi.pe,wordpress_sitemap_rest_html,phase5_wordpress_html_jsonld,typology,2,2,100,66,0,0,0,0,0,100,primary_candidate,Campo critico con cobertura y evidencia suficientes en la muestra.
webs_propias_phase7_2026-06-14T20-43-50-127Z,HL DESARROLLOS INMOBILIARIOS,hldi.pe,wordpress_sitemap_rest_html,phase5_wordpress_html_jsonld,bedrooms,2,2,100,66,0,0,0,0,0,100,primary_candidate,Campo critico con cobertura y evidencia suficientes en la muestra.
webs_propias_phase7_2026-06-14T20-43-50-127Z,HL DESARROLLOS INMOBILIARIOS,hldi.pe,wordpress_sitemap_rest_html,phase5_wordpress_html_jsonld,total_area,2,2,100,66,0,0,0,0,0,100,primary_candidate,Campo critico con cobertura y evidencia suficientes en la muestra.
webs_propias_phase7_2026-06-14T20-43-50-127Z,HL DESARROLLOS INMOBILIARIOS,hldi.pe,wordpress_sitemap_rest_html,phase5_wordpress_html_jsonld,unit_status,2,2,100,33,0,0,0,0,0,100,primary_candidate,Campo critico con cobertura y evidencia suficientes en la muestra.
webs_propias_phase7_2026-06-14T20-43-50-127Z,HL DESARROLLOS INMOBILIARIOS,hldi.pe,wordpress_sitemap_rest_html,phase5_wordpress_html_jsonld,unit_count,2,0,0,0,100,0,0,0,0,0,not_recommended,Campo no observado en la muestra Fase 5.
webs_propias_phase7_2026-06-14T20-43-50-127Z,HL DESARROLLOS INMOBILIARIOS,hldi.pe,wordpress_sitemap_rest_html,phase5_wordpress_html_jsonld,list_price_avg,2,0,0,0,100,0,0,0,0,0,not_recommended,Campo no observado en la muestra Fase 5.
webs_propias_phase7_2026-06-14T20-43-50-127Z,HL DESARROLLOS INMOBILIARIOS,hldi.pe,wordpress_sitemap_rest_html,phase5_wordpress_html_jsonld,currency,2,0,0,0,100,0,0,0,0,0,not_recommended,Campo no observado en la muestra Fase 5.
webs_propias_phase7_2026-06-14T20-43-50-127Z,HL DESARROLLOS INMOBILIARIOS,hldi.pe,wordpress_sitemap_rest_html,phase5_wordpress_html_jsonld,delivery_year,2,2,100,66,0,0,0,0,0,100,primary_candidate,Campo critico con cobertura y evidencia suficientes en la muestra.
webs_propias_phase7_2026-06-14T20-43-50-127Z,HL DESARROLLOS INMOBILIARIOS,hldi.pe,wordpress_sitemap_rest_html,phase5_wordpress_html_jsonld,delivery_date,2,2,100,66,0,0,0,0,0,100,primary_candidate,Campo critico con cobertura y evidencia suficientes en la muestra.
webs_propias_phase7_2026-06-14T20-43-50-127Z,HL DESARROLLOS INMOBILIARIOS,hldi.pe,wordpress_sitemap_rest_html,phase5_wordpress_html_jsonld,description,2,2,100,66,0,0,0,0,0,100,enrichment_only,"Campo util para enriquecimiento, no necesariamente fuente primaria."
webs_propias_phase7_2026-06-14T20-43-50-127Z,HL DESARROLLOS INMOBILIARIOS,hldi.pe,wordpress_sitemap_rest_html,phase5_wordpress_html_jsonld,amenities,2,2,100,33,0,0,0,0,0,100,enrichment_only,"Campo util para enriquecimiento, no necesariamente fuente primaria."
webs_propias_phase7_2026-06-14T20-43-50-127Z,HL DESARROLLOS INMOBILIARIOS,hldi.pe,wordpress_sitemap_rest_html,phase5_wordpress_html_jsonld,contact_name,2,0,0,0,100,0,0,0,0,0,not_recommended,Campo no observado en la muestra Fase 5.
webs_propias_phase7_2026-06-14T20-43-50-127Z,HL DESARROLLOS INMOBILIARIOS,hldi.pe,wordpress_sitemap_rest_html,phase5_wordpress_html_jsonld,contact_phone,2,0,0,0,100,0,0,0,0,0,not_recommended,Campo no observado en la muestra Fase 5.
webs_propias_phase7_2026-06-14T20-43-50-127Z,HL DESARROLLOS INMOBILIARIOS,hldi.pe,wordpress_sitemap_rest_html,phase5_wordpress_html_jsonld,whatsapp,2,2,100,66,0,0,0,0,0,100,enrichment_only,"Campo util para enriquecimiento, no necesariamente fuente primaria."
webs_propias_phase7_2026-06-14T20-43-50-127Z,HL DESARROLLOS INMOBILIARIOS,hldi.pe,wordpress_sitemap_rest_html,phase5_wordpress_html_jsonld,email,2,2,100,66,0,0,0,0,0,100,enrichment_only,"Campo util para enriquecimiento, no necesariamente fuente primaria."
webs_propias_phase7_2026-06-14T20-43-50-127Z,HL DESARROLLOS INMOBILIARIOS,hldi.pe,wordpress_sitemap_rest_html,phase5_wordpress_html_jsonld,financing_banks,2,0,0,0,100,0,0,0,0,0,not_recommended,Campo no observado en la muestra Fase 5.
webs_propias_phase7_2026-06-14T20-43-50-127Z,HL DESARROLLOS INMOBILIARIOS,hldi.pe,wordpress_sitemap_rest_html,phase5_wordpress_html_jsonld,latitude,2,0,0,0,100,0,0,0,0,0,not_recommended,Campo no observado en la muestra Fase 5.
webs_propias_phase7_2026-06-14T20-43-50-127Z,HL DESARROLLOS INMOBILIARIOS,hldi.pe,wordpress_sitemap_rest_html,phase5_wordpress_html_jsonld,longitude,2,0,0,0,100,0,0,0,0,0,not_recommended,Campo no observado en la muestra Fase 5.
webs_propias_phase7_2026-06-14T20-43-50-127Z,REYNA INMOBILIARIA,reynainmobiliaria.pe,wordpress_sitemap_rest_html,phase5_fetch_failed,source_url,2,2,100,100,0,100,0,0,0,100,not_recommended,Alta tasa de error de extraccion en la muestra.
webs_propias_phase7_2026-06-14T20-43-50-127Z,REYNA INMOBILIARIA,reynainmobiliaria.pe,wordpress_sitemap_rest_html,phase5_fetch_failed,agency_name,2,2,100,100,0,100,0,0,0,100,not_recommended,Alta tasa de error de extraccion en la muestra.
webs_propias_phase7_2026-06-14T20-43-50-127Z,REYNA INMOBILIARIA,reynainmobiliaria.pe,wordpress_sitemap_rest_html,phase5_fetch_failed,project_name,2,2,100,33,0,100,0,0,0,100,not_recommended,Alta tasa de error de extraccion en la muestra.
webs_propias_phase7_2026-06-14T20-43-50-127Z,REYNA INMOBILIARIA,reynainmobiliaria.pe,wordpress_sitemap_rest_html,phase5_fetch_failed,district,2,0,0,0,100,100,0,0,0,0,not_recommended,Alta tasa de error de extraccion en la muestra.
webs_propias_phase7_2026-06-14T20-43-50-127Z,REYNA INMOBILIARIA,reynainmobiliaria.pe,wordpress_sitemap_rest_html,phase5_fetch_failed,address,2,0,0,0,100,100,0,0,0,0,not_recommended,Alta tasa de error de extraccion en la muestra.
webs_propias_phase7_2026-06-14T20-43-50-127Z,REYNA INMOBILIARIA,reynainmobiliaria.pe,wordpress_sitemap_rest_html,phase5_fetch_failed,typology,2,0,0,0,100,100,0,0,0,0,not_recommended,Alta tasa de error de extraccion en la muestra.
webs_propias_phase7_2026-06-14T20-43-50-127Z,REYNA INMOBILIARIA,reynainmobiliaria.pe,wordpress_sitemap_rest_html,phase5_fetch_failed,bedrooms,2,0,0,0,100,100,0,0,0,0,not_recommended,Alta tasa de error de extraccion en la muestra.
webs_propias_phase7_2026-06-14T20-43-50-127Z,REYNA INMOBILIARIA,reynainmobiliaria.pe,wordpress_sitemap_rest_html,phase5_fetch_failed,total_area,2,0,0,0,100,100,0,0,0,0,not_recommended,Alta tasa de error de extraccion en la muestra.
webs_propias_phase7_2026-06-14T20-43-50-127Z,REYNA INMOBILIARIA,reynainmobiliaria.pe,wordpress_sitemap_rest_html,phase5_fetch_failed,unit_status,2,0,0,0,100,100,0,0,0,0,not_recommended,Alta tasa de error de extraccion en la muestra.
webs_propias_phase7_2026-06-14T20-43-50-127Z,REYNA INMOBILIARIA,reynainmobiliaria.pe,wordpress_sitemap_rest_html,phase5_fetch_failed,unit_count,2,0,0,0,100,100,0,0,0,0,not_recommended,Alta tasa de error de extraccion en la muestra.
webs_propias_phase7_2026-06-14T20-43-50-127Z,REYNA INMOBILIARIA,reynainmobiliaria.pe,wordpress_sitemap_rest_html,phase5_fetch_failed,list_price_avg,2,0,0,0,100,100,0,0,0,0,not_recommended,Alta tasa de error de extraccion en la muestra.
webs_propias_phase7_2026-06-14T20-43-50-127Z,REYNA INMOBILIARIA,reynainmobiliaria.pe,wordpress_sitemap_rest_html,phase5_fetch_failed,currency,2,0,0,0,100,100,0,0,0,0,not_recommended,Alta tasa de error de extraccion en la muestra.
webs_propias_phase7_2026-06-14T20-43-50-127Z,REYNA INMOBILIARIA,reynainmobiliaria.pe,wordpress_sitemap_rest_html,phase5_fetch_failed,delivery_year,2,0,0,0,100,100,0,0,0,0,not_recommended,Alta tasa de error de extraccion en la muestra.
webs_propias_phase7_2026-06-14T20-43-50-127Z,REYNA INMOBILIARIA,reynainmobiliaria.pe,wordpress_sitemap_rest_html,phase5_fetch_failed,delivery_date,2,0,0,0,100,100,0,0,0,0,not_recommended,Alta tasa de error de extraccion en la muestra.
webs_propias_phase7_2026-06-14T20-43-50-127Z,REYNA INMOBILIARIA,reynainmobiliaria.pe,wordpress_sitemap_rest_html,phase5_fetch_failed,description,2,0,0,0,100,100,0,0,0,0,not_recommended,Alta tasa de error de extraccion en la muestra.
webs_propias_phase7_2026-06-14T20-43-50-127Z,REYNA INMOBILIARIA,reynainmobiliaria.pe,wordpress_sitemap_rest_html,phase5_fetch_failed,amenities,2,0,0,0,100,100,0,0,0,0,not_recommended,Alta tasa de error de extraccion en la muestra.
webs_propias_phase7_2026-06-14T20-43-50-127Z,REYNA INMOBILIARIA,reynainmobiliaria.pe,wordpress_sitemap_rest_html,phase5_fetch_failed,contact_name,2,0,0,0,100,100,0,0,0,0,not_recommended,Alta tasa de error de extraccion en la muestra.
webs_propias_phase7_2026-06-14T20-43-50-127Z,REYNA INMOBILIARIA,reynainmobiliaria.pe,wordpress_sitemap_rest_html,phase5_fetch_failed,contact_phone,2,0,0,0,100,100,0,0,0,0,not_recommended,Alta tasa de error de extraccion en la muestra.
webs_propias_phase7_2026-06-14T20-43-50-127Z,REYNA INMOBILIARIA,reynainmobiliaria.pe,wordpress_sitemap_rest_html,phase5_fetch_failed,whatsapp,2,0,0,0,100,100,0,0,0,0,not_recommended,Alta tasa de error de extraccion en la muestra.
webs_propias_phase7_2026-06-14T20-43-50-127Z,REYNA INMOBILIARIA,reynainmobiliaria.pe,wordpress_sitemap_rest_html,phase5_fetch_failed,email,2,0,0,0,100,100,0,0,0,0,not_recommended,Alta tasa de error de extraccion en la muestra.
webs_propias_phase7_2026-06-14T20-43-50-127Z,REYNA INMOBILIARIA,reynainmobiliaria.pe,wordpress_sitemap_rest_html,phase5_fetch_failed,financing_banks,2,0,0,0,100,100,0,0,0,0,not_recommended,Alta tasa de error de extraccion en la muestra.
webs_propias_phase7_2026-06-14T20-43-50-127Z,REYNA INMOBILIARIA,reynainmobiliaria.pe,wordpress_sitemap_rest_html,phase5_fetch_failed,latitude,2,0,0,0,100,100,0,0,0,0,not_recommended,Alta tasa de error de extraccion en la muestra.
webs_propias_phase7_2026-06-14T20-43-50-127Z,REYNA INMOBILIARIA,reynainmobiliaria.pe,wordpress_sitemap_rest_html,phase5_fetch_failed,longitude,2,0,0,0,100,100,0,0,0,0,not_recommended,Alta tasa de error de extraccion en la muestra.
webs_propias_phase7_2026-06-14T20-43-50-127Z,COSAPI,cosapiinmobiliaria.com.pe,wordpress_sitemap_rest_html,phase5_wordpress_html_jsonld,source_url,2,2,100,100,0,0,0,0,0,100,primary_candidate,Campo critico con cobertura y evidencia suficientes en la muestra.
webs_propias_phase7_2026-06-14T20-43-50-127Z,COSAPI,cosapiinmobiliaria.com.pe,wordpress_sitemap_rest_html,phase5_wordpress_html_jsonld,agency_name,2,2,100,100,0,0,0,0,0,100,primary_candidate,Campo critico con cobertura y evidencia suficientes en la muestra.
webs_propias_phase7_2026-06-14T20-43-50-127Z,COSAPI,cosapiinmobiliaria.com.pe,wordpress_sitemap_rest_html,phase5_wordpress_html_jsonld,project_name,2,2,100,66,0,0,0,0,0,100,primary_candidate,Campo critico con cobertura y evidencia suficientes en la muestra.
webs_propias_phase7_2026-06-14T20-43-50-127Z,COSAPI,cosapiinmobiliaria.com.pe,wordpress_sitemap_rest_html,phase5_wordpress_html_jsonld,district,2,2,100,66,0,0,0,50,0,100,manual_review,Mismatch alto contra Nexo en registros comparables.
webs_propias_phase7_2026-06-14T20-43-50-127Z,COSAPI,cosapiinmobiliaria.com.pe,wordpress_sitemap_rest_html,phase5_wordpress_html_jsonld,address,2,2,100,66,0,0,0,100,0,100,manual_review,Mismatch alto contra Nexo en registros comparables.
webs_propias_phase7_2026-06-14T20-43-50-127Z,COSAPI,cosapiinmobiliaria.com.pe,wordpress_sitemap_rest_html,phase5_wordpress_html_jsonld,typology,2,2,100,66,0,0,0,0,0,100,primary_candidate,Campo critico con cobertura y evidencia suficientes en la muestra.
webs_propias_phase7_2026-06-14T20-43-50-127Z,COSAPI,cosapiinmobiliaria.com.pe,wordpress_sitemap_rest_html,phase5_wordpress_html_jsonld,bedrooms,2,2,100,66,0,0,0,0,0,100,primary_candidate,Campo critico con cobertura y evidencia suficientes en la muestra.
webs_propias_phase7_2026-06-14T20-43-50-127Z,COSAPI,cosapiinmobiliaria.com.pe,wordpress_sitemap_rest_html,phase5_wordpress_html_jsonld,total_area,2,2,100,66,0,0,0,0,0,100,primary_candidate,Campo critico con cobertura y evidencia suficientes en la muestra.
webs_propias_phase7_2026-06-14T20-43-50-127Z,COSAPI,cosapiinmobiliaria.com.pe,wordpress_sitemap_rest_html,phase5_wordpress_html_jsonld,unit_status,2,2,100,33,0,0,0,0,0,100,primary_candidate,Campo critico con cobertura y evidencia suficientes en la muestra.
webs_propias_phase7_2026-06-14T20-43-50-127Z,COSAPI,cosapiinmobiliaria.com.pe,wordpress_sitemap_rest_html,phase5_wordpress_html_jsonld,unit_count,2,0,0,0,100,0,0,0,0,0,not_recommended,Campo no observado en la muestra Fase 5.
webs_propias_phase7_2026-06-14T20-43-50-127Z,COSAPI,cosapiinmobiliaria.com.pe,wordpress_sitemap_rest_html,phase5_wordpress_html_jsonld,list_price_avg,2,0,0,0,100,0,0,0,0,0,not_recommended,Campo no observado en la muestra Fase 5.
webs_propias_phase7_2026-06-14T20-43-50-127Z,COSAPI,cosapiinmobiliaria.com.pe,wordpress_sitemap_rest_html,phase5_wordpress_html_jsonld,currency,2,0,0,0,100,0,0,0,0,0,not_recommended,Campo no observado en la muestra Fase 5.
webs_propias_phase7_2026-06-14T20-43-50-127Z,COSAPI,cosapiinmobiliaria.com.pe,wordpress_sitemap_rest_html,phase5_wordpress_html_jsonld,delivery_year,2,0,0,0,100,0,0,0,0,0,not_recommended,Campo no observado en la muestra Fase 5.
webs_propias_phase7_2026-06-14T20-43-50-127Z,COSAPI,cosapiinmobiliaria.com.pe,wordpress_sitemap_rest_html,phase5_wordpress_html_jsonld,delivery_date,2,0,0,0,100,0,0,0,0,0,not_recommended,Campo no observado en la muestra Fase 5.
webs_propias_phase7_2026-06-14T20-43-50-127Z,COSAPI,cosapiinmobiliaria.com.pe,wordpress_sitemap_rest_html,phase5_wordpress_html_jsonld,description,2,2,100,66,0,0,0,0,0,100,enrichment_only,"Campo util para enriquecimiento, no necesariamente fuente primaria."
webs_propias_phase7_2026-06-14T20-43-50-127Z,COSAPI,cosapiinmobiliaria.com.pe,wordpress_sitemap_rest_html,phase5_wordpress_html_jsonld,amenities,2,2,100,33,0,0,0,0,0,100,enrichment_only,"Campo util para enriquecimiento, no necesariamente fuente primaria."
webs_propias_phase7_2026-06-14T20-43-50-127Z,COSAPI,cosapiinmobiliaria.com.pe,wordpress_sitemap_rest_html,phase5_wordpress_html_jsonld,contact_name,2,0,0,0,100,0,0,0,0,0,not_recommended,Campo no observado en la muestra Fase 5.
webs_propias_phase7_2026-06-14T20-43-50-127Z,COSAPI,cosapiinmobiliaria.com.pe,wordpress_sitemap_rest_html,phase5_wordpress_html_jsonld,contact_phone,2,2,100,66,0,0,0,0,0,100,enrichment_only,"Campo util para enriquecimiento, no necesariamente fuente primaria."
webs_propias_phase7_2026-06-14T20-43-50-127Z,COSAPI,cosapiinmobiliaria.com.pe,wordpress_sitemap_rest_html,phase5_wordpress_html_jsonld,whatsapp,2,2,100,66,0,0,0,0,0,100,enrichment_only,"Campo util para enriquecimiento, no necesariamente fuente primaria."
webs_propias_phase7_2026-06-14T20-43-50-127Z,COSAPI,cosapiinmobiliaria.com.pe,wordpress_sitemap_rest_html,phase5_wordpress_html_jsonld,email,2,2,100,66,0,0,0,0,0,100,enrichment_only,"Campo util para enriquecimiento, no necesariamente fuente primaria."
webs_propias_phase7_2026-06-14T20-43-50-127Z,COSAPI,cosapiinmobiliaria.com.pe,wordpress_sitemap_rest_html,phase5_wordpress_html_jsonld,financing_banks,2,2,100,33,0,0,0,0,0,100,enrichment_only,"Campo util para enriquecimiento, no necesariamente fuente primaria."
webs_propias_phase7_2026-06-14T20-43-50-127Z,COSAPI,cosapiinmobiliaria.com.pe,wordpress_sitemap_rest_html,phase5_wordpress_html_jsonld,latitude,2,0,0,0,100,0,0,100,0,0,not_recommended,Campo no observado en la muestra Fase 5.
webs_propias_phase7_2026-06-14T20-43-50-127Z,COSAPI,cosapiinmobiliaria.com.pe,wordpress_sitemap_rest_html,phase5_wordpress_html_jsonld,longitude,2,0,0,0,100,0,0,100,0,0,not_recommended,Campo no observado en la muestra Fase 5.
webs_propias_phase7_2026-06-14T20-43-50-127Z,GRUPO TyC,grupotyc.com,wordpress_sitemap_rest_html,phase5_fetch_failed,source_url,2,2,100,100,0,100,0,0,0,100,not_recommended,Alta tasa de error de extraccion en la muestra.
webs_propias_phase7_2026-06-14T20-43-50-127Z,GRUPO TyC,grupotyc.com,wordpress_sitemap_rest_html,phase5_fetch_failed,agency_name,2,2,100,100,0,100,0,0,0,100,not_recommended,Alta tasa de error de extraccion en la muestra.
webs_propias_phase7_2026-06-14T20-43-50-127Z,GRUPO TyC,grupotyc.com,wordpress_sitemap_rest_html,phase5_fetch_failed,project_name,2,2,100,33,0,100,0,0,0,100,not_recommended,Alta tasa de error de extraccion en la muestra.
webs_propias_phase7_2026-06-14T20-43-50-127Z,GRUPO TyC,grupotyc.com,wordpress_sitemap_rest_html,phase5_fetch_failed,district,2,0,0,0,100,100,0,0,0,0,not_recommended,Alta tasa de error de extraccion en la muestra.
webs_propias_phase7_2026-06-14T20-43-50-127Z,GRUPO TyC,grupotyc.com,wordpress_sitemap_rest_html,phase5_fetch_failed,address,2,0,0,0,100,100,0,0,0,0,not_recommended,Alta tasa de error de extraccion en la muestra.
webs_propias_phase7_2026-06-14T20-43-50-127Z,GRUPO TyC,grupotyc.com,wordpress_sitemap_rest_html,phase5_fetch_failed,typology,2,0,0,0,100,100,0,0,0,0,not_recommended,Alta tasa de error de extraccion en la muestra.
webs_propias_phase7_2026-06-14T20-43-50-127Z,GRUPO TyC,grupotyc.com,wordpress_sitemap_rest_html,phase5_fetch_failed,bedrooms,2,0,0,0,100,100,0,0,0,0,not_recommended,Alta tasa de error de extraccion en la muestra.
webs_propias_phase7_2026-06-14T20-43-50-127Z,GRUPO TyC,grupotyc.com,wordpress_sitemap_rest_html,phase5_fetch_failed,total_area,2,0,0,0,100,100,0,0,0,0,not_recommended,Alta tasa de error de extraccion en la muestra.
webs_propias_phase7_2026-06-14T20-43-50-127Z,GRUPO TyC,grupotyc.com,wordpress_sitemap_rest_html,phase5_fetch_failed,unit_status,2,0,0,0,100,100,0,0,0,0,not_recommended,Alta tasa de error de extraccion en la muestra.
webs_propias_phase7_2026-06-14T20-43-50-127Z,GRUPO TyC,grupotyc.com,wordpress_sitemap_rest_html,phase5_fetch_failed,unit_count,2,0,0,0,100,100,0,0,0,0,not_recommended,Alta tasa de error de extraccion en la muestra.
webs_propias_phase7_2026-06-14T20-43-50-127Z,GRUPO TyC,grupotyc.com,wordpress_sitemap_rest_html,phase5_fetch_failed,list_price_avg,2,0,0,0,100,100,0,0,0,0,not_recommended,Alta tasa de error de extraccion en la muestra.
webs_propias_phase7_2026-06-14T20-43-50-127Z,GRUPO TyC,grupotyc.com,wordpress_sitemap_rest_html,phase5_fetch_failed,currency,2,0,0,0,100,100,0,0,0,0,not_recommended,Alta tasa de error de extraccion en la muestra.
webs_propias_phase7_2026-06-14T20-43-50-127Z,GRUPO TyC,grupotyc.com,wordpress_sitemap_rest_html,phase5_fetch_failed,delivery_year,2,0,0,0,100,100,0,0,0,0,not_recommended,Alta tasa de error de extraccion en la muestra.
webs_propias_phase7_2026-06-14T20-43-50-127Z,GRUPO TyC,grupotyc.com,wordpress_sitemap_rest_html,phase5_fetch_failed,delivery_date,2,0,0,0,100,100,0,0,0,0,not_recommended,Alta tasa de error de extraccion en la muestra.
webs_propias_phase7_2026-06-14T20-43-50-127Z,GRUPO TyC,grupotyc.com,wordpress_sitemap_rest_html,phase5_fetch_failed,description,2,0,0,0,100,100,0,0,0,0,not_recommended,Alta tasa de error de extraccion en la muestra.
webs_propias_phase7_2026-06-14T20-43-50-127Z,GRUPO TyC,grupotyc.com,wordpress_sitemap_rest_html,phase5_fetch_failed,amenities,2,0,0,0,100,100,0,0,0,0,not_recommended,Alta tasa de error de extraccion en la muestra.
webs_propias_phase7_2026-06-14T20-43-50-127Z,GRUPO TyC,grupotyc.com,wordpress_sitemap_rest_html,phase5_fetch_failed,contact_name,2,0,0,0,100,100,0,0,0,0,not_recommended,Alta tasa de error de extraccion en la muestra.
webs_propias_phase7_2026-06-14T20-43-50-127Z,GRUPO TyC,grupotyc.com,wordpress_sitemap_rest_html,phase5_fetch_failed,contact_phone,2,0,0,0,100,100,0,0,0,0,not_recommended,Alta tasa de error de extraccion en la muestra.
webs_propias_phase7_2026-06-14T20-43-50-127Z,GRUPO TyC,grupotyc.com,wordpress_sitemap_rest_html,phase5_fetch_failed,whatsapp,2,0,0,0,100,100,0,0,0,0,not_recommended,Alta tasa de error de extraccion en la muestra.
webs_propias_phase7_2026-06-14T20-43-50-127Z,GRUPO TyC,grupotyc.com,wordpress_sitemap_rest_html,phase5_fetch_failed,email,2,0,0,0,100,100,0,0,0,0,not_recommended,Alta tasa de error de extraccion en la muestra.
webs_propias_phase7_2026-06-14T20-43-50-127Z,GRUPO TyC,grupotyc.com,wordpress_sitemap_rest_html,phase5_fetch_failed,financing_banks,2,0,0,0,100,100,0,0,0,0,not_recommended,Alta tasa de error de extraccion en la muestra.
webs_propias_phase7_2026-06-14T20-43-50-127Z,GRUPO TyC,grupotyc.com,wordpress_sitemap_rest_html,phase5_fetch_failed,latitude,2,0,0,0,100,100,0,0,0,0,not_recommended,Alta tasa de error de extraccion en la muestra.
webs_propias_phase7_2026-06-14T20-43-50-127Z,GRUPO TyC,grupotyc.com,wordpress_sitemap_rest_html,phase5_fetch_failed,longitude,2,0,0,0,100,100,0,0,0,0,not_recommended,Alta tasa de error de extraccion en la muestra.
webs_propias_phase7_2026-06-14T20-43-50-127Z,ABRIL GRUPO INMOBILIARIO,abril.pe,wordpress_sitemap_rest_html,phase5_wordpress_html_jsonld,source_url,2,2,100,100,0,0,0,0,0,100,primary_candidate,Campo critico con cobertura y evidencia suficientes en la muestra.
webs_propias_phase7_2026-06-14T20-43-50-127Z,ABRIL GRUPO INMOBILIARIO,abril.pe,wordpress_sitemap_rest_html,phase5_wordpress_html_jsonld,agency_name,2,2,100,100,0,0,0,0,0,100,primary_candidate,Campo critico con cobertura y evidencia suficientes en la muestra.
webs_propias_phase7_2026-06-14T20-43-50-127Z,ABRIL GRUPO INMOBILIARIO,abril.pe,wordpress_sitemap_rest_html,phase5_wordpress_html_jsonld,project_name,2,2,100,66,0,0,0,0,0,100,primary_candidate,Campo critico con cobertura y evidencia suficientes en la muestra.
webs_propias_phase7_2026-06-14T20-43-50-127Z,ABRIL GRUPO INMOBILIARIO,abril.pe,wordpress_sitemap_rest_html,phase5_wordpress_html_jsonld,district,2,2,100,66,0,0,0,50,0,100,manual_review,Mismatch alto contra Nexo en registros comparables.
webs_propias_phase7_2026-06-14T20-43-50-127Z,ABRIL GRUPO INMOBILIARIO,abril.pe,wordpress_sitemap_rest_html,phase5_wordpress_html_jsonld,address,2,2,100,66,0,0,0,50,0,100,manual_review,Mismatch alto contra Nexo en registros comparables.
webs_propias_phase7_2026-06-14T20-43-50-127Z,ABRIL GRUPO INMOBILIARIO,abril.pe,wordpress_sitemap_rest_html,phase5_wordpress_html_jsonld,typology,2,2,100,66,0,0,0,0,0,100,primary_candidate,Campo critico con cobertura y evidencia suficientes en la muestra.
webs_propias_phase7_2026-06-14T20-43-50-127Z,ABRIL GRUPO INMOBILIARIO,abril.pe,wordpress_sitemap_rest_html,phase5_wordpress_html_jsonld,bedrooms,2,0,0,0,100,0,0,0,0,0,not_recommended,Campo no observado en la muestra Fase 5.
webs_propias_phase7_2026-06-14T20-43-50-127Z,ABRIL GRUPO INMOBILIARIO,abril.pe,wordpress_sitemap_rest_html,phase5_wordpress_html_jsonld,total_area,2,0,0,0,100,0,0,0,0,0,not_recommended,Campo no observado en la muestra Fase 5.
webs_propias_phase7_2026-06-14T20-43-50-127Z,ABRIL GRUPO INMOBILIARIO,abril.pe,wordpress_sitemap_rest_html,phase5_wordpress_html_jsonld,unit_status,2,2,100,33,0,0,0,0,0,100,primary_candidate,Campo critico con cobertura y evidencia suficientes en la muestra.
webs_propias_phase7_2026-06-14T20-43-50-127Z,ABRIL GRUPO INMOBILIARIO,abril.pe,wordpress_sitemap_rest_html,phase5_wordpress_html_jsonld,unit_count,2,0,0,0,100,0,0,0,0,0,not_recommended,Campo no observado en la muestra Fase 5.
webs_propias_phase7_2026-06-14T20-43-50-127Z,ABRIL GRUPO INMOBILIARIO,abril.pe,wordpress_sitemap_rest_html,phase5_wordpress_html_jsonld,list_price_avg,2,0,0,0,100,0,0,0,0,0,not_recommended,Campo no observado en la muestra Fase 5.
webs_propias_phase7_2026-06-14T20-43-50-127Z,ABRIL GRUPO INMOBILIARIO,abril.pe,wordpress_sitemap_rest_html,phase5_wordpress_html_jsonld,currency,2,0,0,0,100,0,0,0,0,0,not_recommended,Campo no observado en la muestra Fase 5.
webs_propias_phase7_2026-06-14T20-43-50-127Z,ABRIL GRUPO INMOBILIARIO,abril.pe,wordpress_sitemap_rest_html,phase5_wordpress_html_jsonld,delivery_year,2,1,50,66,50,0,0,0,0,100,enrichment_only,"Campo util para enriquecimiento, no necesariamente fuente primaria."
webs_propias_phase7_2026-06-14T20-43-50-127Z,ABRIL GRUPO INMOBILIARIO,abril.pe,wordpress_sitemap_rest_html,phase5_wordpress_html_jsonld,delivery_date,2,1,50,66,50,0,0,0,0,100,enrichment_only,"Campo util para enriquecimiento, no necesariamente fuente primaria."
webs_propias_phase7_2026-06-14T20-43-50-127Z,ABRIL GRUPO INMOBILIARIO,abril.pe,wordpress_sitemap_rest_html,phase5_wordpress_html_jsonld,description,2,2,100,66,0,0,0,0,0,100,enrichment_only,"Campo util para enriquecimiento, no necesariamente fuente primaria."
webs_propias_phase7_2026-06-14T20-43-50-127Z,ABRIL GRUPO INMOBILIARIO,abril.pe,wordpress_sitemap_rest_html,phase5_wordpress_html_jsonld,amenities,2,2,100,33,0,0,0,0,0,100,enrichment_only,"Campo util para enriquecimiento, no necesariamente fuente primaria."
webs_propias_phase7_2026-06-14T20-43-50-127Z,ABRIL GRUPO INMOBILIARIO,abril.pe,wordpress_sitemap_rest_html,phase5_wordpress_html_jsonld,contact_name,2,0,0,0,100,0,0,0,0,0,not_recommended,Campo no observado en la muestra Fase 5.
webs_propias_phase7_2026-06-14T20-43-50-127Z,ABRIL GRUPO INMOBILIARIO,abril.pe,wordpress_sitemap_rest_html,phase5_wordpress_html_jsonld,contact_phone,2,2,100,66,0,0,0,0,0,100,enrichment_only,"Campo util para enriquecimiento, no necesariamente fuente primaria."
webs_propias_phase7_2026-06-14T20-43-50-127Z,ABRIL GRUPO INMOBILIARIO,abril.pe,wordpress_sitemap_rest_html,phase5_wordpress_html_jsonld,whatsapp,2,2,100,66,0,0,0,0,0,100,enrichment_only,"Campo util para enriquecimiento, no necesariamente fuente primaria."
webs_propias_phase7_2026-06-14T20-43-50-127Z,ABRIL GRUPO INMOBILIARIO,abril.pe,wordpress_sitemap_rest_html,phase5_wordpress_html_jsonld,email,2,2,100,66,0,0,0,0,0,100,enrichment_only,"Campo util para enriquecimiento, no necesariamente fuente primaria."
webs_propias_phase7_2026-06-14T20-43-50-127Z,ABRIL GRUPO INMOBILIARIO,abril.pe,wordpress_sitemap_rest_html,phase5_wordpress_html_jsonld,financing_banks,2,2,100,33,0,0,0,0,0,100,enrichment_only,"Campo util para enriquecimiento, no necesariamente fuente primaria."
webs_propias_phase7_2026-06-14T20-43-50-127Z,ABRIL GRUPO INMOBILIARIO,abril.pe,wordpress_sitemap_rest_html,phase5_wordpress_html_jsonld,latitude,2,0,0,0,100,0,0,100,0,0,not_recommended,Campo no observado en la muestra Fase 5.
webs_propias_phase7_2026-06-14T20-43-50-127Z,ABRIL GRUPO INMOBILIARIO,abril.pe,wordpress_sitemap_rest_html,phase5_wordpress_html_jsonld,longitude,2,0,0,0,100,0,0,100,0,0,not_recommended,Campo no observado en la muestra Fase 5.
webs_propias_phase7_2026-06-14T20-43-50-127Z,EE INMOBILIARIA,eeinmobiliaria.com,wordpress_sitemap_rest_html,phase5_wordpress_html_jsonld,source_url,2,2,100,100,0,0,0,0,0,100,primary_candidate,Campo critico con cobertura y evidencia suficientes en la muestra.
webs_propias_phase7_2026-06-14T20-43-50-127Z,EE INMOBILIARIA,eeinmobiliaria.com,wordpress_sitemap_rest_html,phase5_wordpress_html_jsonld,agency_name,2,2,100,100,0,0,0,0,0,100,primary_candidate,Campo critico con cobertura y evidencia suficientes en la muestra.
webs_propias_phase7_2026-06-14T20-43-50-127Z,EE INMOBILIARIA,eeinmobiliaria.com,wordpress_sitemap_rest_html,phase5_wordpress_html_jsonld,project_name,2,2,100,66,0,0,0,0,0,100,primary_candidate,Campo critico con cobertura y evidencia suficientes en la muestra.
webs_propias_phase7_2026-06-14T20-43-50-127Z,EE INMOBILIARIA,eeinmobiliaria.com,wordpress_sitemap_rest_html,phase5_wordpress_html_jsonld,district,2,2,100,66,0,0,0,50,0,100,manual_review,Mismatch alto contra Nexo en registros comparables.
webs_propias_phase7_2026-06-14T20-43-50-127Z,EE INMOBILIARIA,eeinmobiliaria.com,wordpress_sitemap_rest_html,phase5_wordpress_html_jsonld,address,2,2,100,66,0,0,0,50,0,100,manual_review,Mismatch alto contra Nexo en registros comparables.
webs_propias_phase7_2026-06-14T20-43-50-127Z,EE INMOBILIARIA,eeinmobiliaria.com,wordpress_sitemap_rest_html,phase5_wordpress_html_jsonld,typology,2,2,100,66,0,0,0,0,0,100,primary_candidate,Campo critico con cobertura y evidencia suficientes en la muestra.
webs_propias_phase7_2026-06-14T20-43-50-127Z,EE INMOBILIARIA,eeinmobiliaria.com,wordpress_sitemap_rest_html,phase5_wordpress_html_jsonld,bedrooms,2,2,100,66,0,0,0,0,0,100,primary_candidate,Campo critico con cobertura y evidencia suficientes en la muestra.
webs_propias_phase7_2026-06-14T20-43-50-127Z,EE INMOBILIARIA,eeinmobiliaria.com,wordpress_sitemap_rest_html,phase5_wordpress_html_jsonld,total_area,2,2,100,66,0,0,0,0,0,100,primary_candidate,Campo critico con cobertura y evidencia suficientes en la muestra.
webs_propias_phase7_2026-06-14T20-43-50-127Z,EE INMOBILIARIA,eeinmobiliaria.com,wordpress_sitemap_rest_html,phase5_wordpress_html_jsonld,unit_status,2,1,50,33,50,0,0,0,0,100,enrichment_only,"Campo util para enriquecimiento, no necesariamente fuente primaria."
webs_propias_phase7_2026-06-14T20-43-50-127Z,EE INMOBILIARIA,eeinmobiliaria.com,wordpress_sitemap_rest_html,phase5_wordpress_html_jsonld,unit_count,2,0,0,0,100,0,0,0,0,0,not_recommended,Campo no observado en la muestra Fase 5.
webs_propias_phase7_2026-06-14T20-43-50-127Z,EE INMOBILIARIA,eeinmobiliaria.com,wordpress_sitemap_rest_html,phase5_wordpress_html_jsonld,list_price_avg,2,0,0,0,100,0,0,0,0,0,not_recommended,Campo no observado en la muestra Fase 5.
webs_propias_phase7_2026-06-14T20-43-50-127Z,EE INMOBILIARIA,eeinmobiliaria.com,wordpress_sitemap_rest_html,phase5_wordpress_html_jsonld,currency,2,0,0,0,100,0,0,0,0,0,not_recommended,Campo no observado en la muestra Fase 5.
webs_propias_phase7_2026-06-14T20-43-50-127Z,EE INMOBILIARIA,eeinmobiliaria.com,wordpress_sitemap_rest_html,phase5_wordpress_html_jsonld,delivery_year,2,0,0,0,100,0,0,0,0,0,not_recommended,Campo no observado en la muestra Fase 5.
webs_propias_phase7_2026-06-14T20-43-50-127Z,EE INMOBILIARIA,eeinmobiliaria.com,wordpress_sitemap_rest_html,phase5_wordpress_html_jsonld,delivery_date,2,0,0,0,100,0,0,0,0,0,not_recommended,Campo no observado en la muestra Fase 5.
webs_propias_phase7_2026-06-14T20-43-50-127Z,EE INMOBILIARIA,eeinmobiliaria.com,wordpress_sitemap_rest_html,phase5_wordpress_html_jsonld,description,2,0,0,0,100,0,0,0,0,0,not_recommended,Campo no observado en la muestra Fase 5.
webs_propias_phase7_2026-06-14T20-43-50-127Z,EE INMOBILIARIA,eeinmobiliaria.com,wordpress_sitemap_rest_html,phase5_wordpress_html_jsonld,amenities,2,2,100,33,0,0,0,0,0,100,enrichment_only,"Campo util para enriquecimiento, no necesariamente fuente primaria."
webs_propias_phase7_2026-06-14T20-43-50-127Z,EE INMOBILIARIA,eeinmobiliaria.com,wordpress_sitemap_rest_html,phase5_wordpress_html_jsonld,contact_name,2,0,0,0,100,0,0,0,0,0,not_recommended,Campo no observado en la muestra Fase 5.
webs_propias_phase7_2026-06-14T20-43-50-127Z,EE INMOBILIARIA,eeinmobiliaria.com,wordpress_sitemap_rest_html,phase5_wordpress_html_jsonld,contact_phone,2,2,100,66,0,0,0,0,0,100,enrichment_only,"Campo util para enriquecimiento, no necesariamente fuente primaria."
webs_propias_phase7_2026-06-14T20-43-50-127Z,EE INMOBILIARIA,eeinmobiliaria.com,wordpress_sitemap_rest_html,phase5_wordpress_html_jsonld,whatsapp,2,2,100,66,0,0,0,0,0,100,enrichment_only,"Campo util para enriquecimiento, no necesariamente fuente primaria."
webs_propias_phase7_2026-06-14T20-43-50-127Z,EE INMOBILIARIA,eeinmobiliaria.com,wordpress_sitemap_rest_html,phase5_wordpress_html_jsonld,email,2,2,100,66,0,0,0,0,0,100,enrichment_only,"Campo util para enriquecimiento, no necesariamente fuente primaria."
webs_propias_phase7_2026-06-14T20-43-50-127Z,EE INMOBILIARIA,eeinmobiliaria.com,wordpress_sitemap_rest_html,phase5_wordpress_html_jsonld,financing_banks,2,1,50,33,50,0,0,0,0,100,enrichment_only,"Campo util para enriquecimiento, no necesariamente fuente primaria."
webs_propias_phase7_2026-06-14T20-43-50-127Z,EE INMOBILIARIA,eeinmobiliaria.com,wordpress_sitemap_rest_html,phase5_wordpress_html_jsonld,latitude,2,0,0,0,100,0,0,100,0,0,not_recommended,Campo no observado en la muestra Fase 5.
webs_propias_phase7_2026-06-14T20-43-50-127Z,EE INMOBILIARIA,eeinmobiliaria.com,wordpress_sitemap_rest_html,phase5_wordpress_html_jsonld,longitude,2,0,0,0,100,0,0,100,0,0,not_recommended,Campo no observado en la muestra Fase 5.
webs_propias_phase7_2026-06-14T20-43-50-127Z,GRUPO T&C,grupotyc.com,wordpress_sitemap_rest_html,phase5_wordpress_html_jsonld,source_url,2,2,100,100,0,0,0,0,0,100,primary_candidate,Campo critico con cobertura y evidencia suficientes en la muestra.
webs_propias_phase7_2026-06-14T20-43-50-127Z,GRUPO T&C,grupotyc.com,wordpress_sitemap_rest_html,phase5_wordpress_html_jsonld,agency_name,2,2,100,100,0,0,0,0,0,100,primary_candidate,Campo critico con cobertura y evidencia suficientes en la muestra.
webs_propias_phase7_2026-06-14T20-43-50-127Z,GRUPO T&C,grupotyc.com,wordpress_sitemap_rest_html,phase5_wordpress_html_jsonld,project_name,2,2,100,66,0,0,0,0,0,100,primary_candidate,Campo critico con cobertura y evidencia suficientes en la muestra.
webs_propias_phase7_2026-06-14T20-43-50-127Z,GRUPO T&C,grupotyc.com,wordpress_sitemap_rest_html,phase5_wordpress_html_jsonld,district,2,1,50,66,50,0,0,100,0,100,manual_review,Mismatch alto contra Nexo en registros comparables.
webs_propias_phase7_2026-06-14T20-43-50-127Z,GRUPO T&C,grupotyc.com,wordpress_sitemap_rest_html,phase5_wordpress_html_jsonld,address,2,2,100,66,0,0,0,0,0,100,primary_candidate,Campo critico con cobertura y evidencia suficientes en la muestra.
webs_propias_phase7_2026-06-14T20-43-50-127Z,GRUPO T&C,grupotyc.com,wordpress_sitemap_rest_html,phase5_wordpress_html_jsonld,typology,2,2,100,66,0,0,0,0,0,100,primary_candidate,Campo critico con cobertura y evidencia suficientes en la muestra.
webs_propias_phase7_2026-06-14T20-43-50-127Z,GRUPO T&C,grupotyc.com,wordpress_sitemap_rest_html,phase5_wordpress_html_jsonld,bedrooms,2,2,100,66,0,0,0,0,0,100,primary_candidate,Campo critico con cobertura y evidencia suficientes en la muestra.
webs_propias_phase7_2026-06-14T20-43-50-127Z,GRUPO T&C,grupotyc.com,wordpress_sitemap_rest_html,phase5_wordpress_html_jsonld,total_area,2,2,100,66,0,0,0,0,0,100,primary_candidate,Campo critico con cobertura y evidencia suficientes en la muestra.
webs_propias_phase7_2026-06-14T20-43-50-127Z,GRUPO T&C,grupotyc.com,wordpress_sitemap_rest_html,phase5_wordpress_html_jsonld,unit_status,2,2,100,33,0,0,0,0,0,100,primary_candidate,Campo critico con cobertura y evidencia suficientes en la muestra.
webs_propias_phase7_2026-06-14T20-43-50-127Z,GRUPO T&C,grupotyc.com,wordpress_sitemap_rest_html,phase5_wordpress_html_jsonld,unit_count,2,0,0,0,100,0,0,0,0,0,not_recommended,Campo no observado en la muestra Fase 5.
webs_propias_phase7_2026-06-14T20-43-50-127Z,GRUPO T&C,grupotyc.com,wordpress_sitemap_rest_html,phase5_wordpress_html_jsonld,list_price_avg,2,0,0,0,100,0,0,0,0,0,not_recommended,Campo no observado en la muestra Fase 5.
webs_propias_phase7_2026-06-14T20-43-50-127Z,GRUPO T&C,grupotyc.com,wordpress_sitemap_rest_html,phase5_wordpress_html_jsonld,currency,2,0,0,0,100,0,0,0,0,0,not_recommended,Campo no observado en la muestra Fase 5.
webs_propias_phase7_2026-06-14T20-43-50-127Z,GRUPO T&C,grupotyc.com,wordpress_sitemap_rest_html,phase5_wordpress_html_jsonld,delivery_year,2,1,50,66,50,0,0,0,0,100,enrichment_only,"Campo util para enriquecimiento, no necesariamente fuente primaria."
webs_propias_phase7_2026-06-14T20-43-50-127Z,GRUPO T&C,grupotyc.com,wordpress_sitemap_rest_html,phase5_wordpress_html_jsonld,delivery_date,2,1,50,66,50,0,0,0,0,100,enrichment_only,"Campo util para enriquecimiento, no necesariamente fuente primaria."
webs_propias_phase7_2026-06-14T20-43-50-127Z,GRUPO T&C,grupotyc.com,wordpress_sitemap_rest_html,phase5_wordpress_html_jsonld,description,2,1,50,66,50,0,0,0,0,100,enrichment_only,"Campo util para enriquecimiento, no necesariamente fuente primaria."
webs_propias_phase7_2026-06-14T20-43-50-127Z,GRUPO T&C,grupotyc.com,wordpress_sitemap_rest_html,phase5_wordpress_html_jsonld,amenities,2,2,100,33,0,0,0,0,0,100,enrichment_only,"Campo util para enriquecimiento, no necesariamente fuente primaria."
webs_propias_phase7_2026-06-14T20-43-50-127Z,GRUPO T&C,grupotyc.com,wordpress_sitemap_rest_html,phase5_wordpress_html_jsonld,contact_name,2,0,0,0,100,0,0,0,0,0,not_recommended,Campo no observado en la muestra Fase 5.
webs_propias_phase7_2026-06-14T20-43-50-127Z,GRUPO T&C,grupotyc.com,wordpress_sitemap_rest_html,phase5_wordpress_html_jsonld,contact_phone,2,2,100,66,0,0,0,0,0,100,enrichment_only,"Campo util para enriquecimiento, no necesariamente fuente primaria."
webs_propias_phase7_2026-06-14T20-43-50-127Z,GRUPO T&C,grupotyc.com,wordpress_sitemap_rest_html,phase5_wordpress_html_jsonld,whatsapp,2,0,0,0,100,0,0,0,0,0,not_recommended,Campo no observado en la muestra Fase 5.
webs_propias_phase7_2026-06-14T20-43-50-127Z,GRUPO T&C,grupotyc.com,wordpress_sitemap_rest_html,phase5_wordpress_html_jsonld,email,2,2,100,66,0,0,0,0,0,100,enrichment_only,"Campo util para enriquecimiento, no necesariamente fuente primaria."
webs_propias_phase7_2026-06-14T20-43-50-127Z,GRUPO T&C,grupotyc.com,wordpress_sitemap_rest_html,phase5_wordpress_html_jsonld,financing_banks,2,0,0,0,100,0,0,0,0,0,not_recommended,Campo no observado en la muestra Fase 5.
webs_propias_phase7_2026-06-14T20-43-50-127Z,GRUPO T&C,grupotyc.com,wordpress_sitemap_rest_html,phase5_wordpress_html_jsonld,latitude,2,0,0,0,100,0,0,100,0,0,not_recommended,Campo no observado en la muestra Fase 5.
webs_propias_phase7_2026-06-14T20-43-50-127Z,GRUPO T&C,grupotyc.com,wordpress_sitemap_rest_html,phase5_wordpress_html_jsonld,longitude,2,0,0,0,100,0,0,100,0,0,not_recommended,Campo no observado en la muestra Fase 5.
webs_propias_phase7_2026-06-14T20-43-50-127Z,REYNA INMOBILIARIA,reynainmobiliaria.pe,wordpress_sitemap_rest_html,phase5_wordpress_html_jsonld,source_url,2,2,100,100,0,0,0,0,0,100,primary_candidate,Campo critico con cobertura y evidencia suficientes en la muestra.
webs_propias_phase7_2026-06-14T20-43-50-127Z,REYNA INMOBILIARIA,reynainmobiliaria.pe,wordpress_sitemap_rest_html,phase5_wordpress_html_jsonld,agency_name,2,2,100,100,0,0,0,0,0,100,primary_candidate,Campo critico con cobertura y evidencia suficientes en la muestra.
webs_propias_phase7_2026-06-14T20-43-50-127Z,REYNA INMOBILIARIA,reynainmobiliaria.pe,wordpress_sitemap_rest_html,phase5_wordpress_html_jsonld,project_name,2,2,100,66,0,0,0,0,0,100,primary_candidate,Campo critico con cobertura y evidencia suficientes en la muestra.
webs_propias_phase7_2026-06-14T20-43-50-127Z,REYNA INMOBILIARIA,reynainmobiliaria.pe,wordpress_sitemap_rest_html,phase5_wordpress_html_jsonld,district,2,2,100,66,0,0,0,100,0,100,manual_review,Mismatch alto contra Nexo en registros comparables.
webs_propias_phase7_2026-06-14T20-43-50-127Z,REYNA INMOBILIARIA,reynainmobiliaria.pe,wordpress_sitemap_rest_html,phase5_wordpress_html_jsonld,address,2,1,50,66,50,0,0,0,0,100,enrichment_only,"Campo util para enriquecimiento, no necesariamente fuente primaria."
webs_propias_phase7_2026-06-14T20-43-50-127Z,REYNA INMOBILIARIA,reynainmobiliaria.pe,wordpress_sitemap_rest_html,phase5_wordpress_html_jsonld,typology,2,2,100,66,0,0,0,0,0,100,primary_candidate,Campo critico con cobertura y evidencia suficientes en la muestra.
webs_propias_phase7_2026-06-14T20-43-50-127Z,REYNA INMOBILIARIA,reynainmobiliaria.pe,wordpress_sitemap_rest_html,phase5_wordpress_html_jsonld,bedrooms,2,0,0,0,100,0,0,0,0,0,not_recommended,Campo no observado en la muestra Fase 5.
webs_propias_phase7_2026-06-14T20-43-50-127Z,REYNA INMOBILIARIA,reynainmobiliaria.pe,wordpress_sitemap_rest_html,phase5_wordpress_html_jsonld,total_area,2,0,0,0,100,0,0,0,0,0,not_recommended,Campo no observado en la muestra Fase 5.
webs_propias_phase7_2026-06-14T20-43-50-127Z,REYNA INMOBILIARIA,reynainmobiliaria.pe,wordpress_sitemap_rest_html,phase5_wordpress_html_jsonld,unit_status,2,1,50,33,50,0,0,0,0,100,enrichment_only,"Campo util para enriquecimiento, no necesariamente fuente primaria."
webs_propias_phase7_2026-06-14T20-43-50-127Z,REYNA INMOBILIARIA,reynainmobiliaria.pe,wordpress_sitemap_rest_html,phase5_wordpress_html_jsonld,unit_count,2,0,0,0,100,0,0,0,0,0,not_recommended,Campo no observado en la muestra Fase 5.
webs_propias_phase7_2026-06-14T20-43-50-127Z,REYNA INMOBILIARIA,reynainmobiliaria.pe,wordpress_sitemap_rest_html,phase5_wordpress_html_jsonld,list_price_avg,2,0,0,0,100,0,0,0,0,0,not_recommended,Campo no observado en la muestra Fase 5.
webs_propias_phase7_2026-06-14T20-43-50-127Z,REYNA INMOBILIARIA,reynainmobiliaria.pe,wordpress_sitemap_rest_html,phase5_wordpress_html_jsonld,currency,2,0,0,0,100,0,0,0,0,0,not_recommended,Campo no observado en la muestra Fase 5.
webs_propias_phase7_2026-06-14T20-43-50-127Z,REYNA INMOBILIARIA,reynainmobiliaria.pe,wordpress_sitemap_rest_html,phase5_wordpress_html_jsonld,delivery_year,2,0,0,0,100,0,0,0,0,0,not_recommended,Campo no observado en la muestra Fase 5.
webs_propias_phase7_2026-06-14T20-43-50-127Z,REYNA INMOBILIARIA,reynainmobiliaria.pe,wordpress_sitemap_rest_html,phase5_wordpress_html_jsonld,delivery_date,2,0,0,0,100,0,0,0,0,0,not_recommended,Campo no observado en la muestra Fase 5.
webs_propias_phase7_2026-06-14T20-43-50-127Z,REYNA INMOBILIARIA,reynainmobiliaria.pe,wordpress_sitemap_rest_html,phase5_wordpress_html_jsonld,description,2,2,100,66,0,0,0,0,0,100,enrichment_only,"Campo util para enriquecimiento, no necesariamente fuente primaria."
webs_propias_phase7_2026-06-14T20-43-50-127Z,REYNA INMOBILIARIA,reynainmobiliaria.pe,wordpress_sitemap_rest_html,phase5_wordpress_html_jsonld,amenities,2,2,100,33,0,0,0,0,0,100,enrichment_only,"Campo util para enriquecimiento, no necesariamente fuente primaria."
webs_propias_phase7_2026-06-14T20-43-50-127Z,REYNA INMOBILIARIA,reynainmobiliaria.pe,wordpress_sitemap_rest_html,phase5_wordpress_html_jsonld,contact_name,2,0,0,0,100,0,0,0,0,0,not_recommended,Campo no observado en la muestra Fase 5.
webs_propias_phase7_2026-06-14T20-43-50-127Z,REYNA INMOBILIARIA,reynainmobiliaria.pe,wordpress_sitemap_rest_html,phase5_wordpress_html_jsonld,contact_phone,2,2,100,66,0,0,0,0,0,100,enrichment_only,"Campo util para enriquecimiento, no necesariamente fuente primaria."
webs_propias_phase7_2026-06-14T20-43-50-127Z,REYNA INMOBILIARIA,reynainmobiliaria.pe,wordpress_sitemap_rest_html,phase5_wordpress_html_jsonld,whatsapp,2,0,0,0,100,0,0,0,0,0,not_recommended,Campo no observado en la muestra Fase 5.
webs_propias_phase7_2026-06-14T20-43-50-127Z,REYNA INMOBILIARIA,reynainmobiliaria.pe,wordpress_sitemap_rest_html,phase5_wordpress_html_jsonld,email,2,2,100,66,0,0,0,0,0,100,enrichment_only,"Campo util para enriquecimiento, no necesariamente fuente primaria."
webs_propias_phase7_2026-06-14T20-43-50-127Z,REYNA INMOBILIARIA,reynainmobiliaria.pe,wordpress_sitemap_rest_html,phase5_wordpress_html_jsonld,financing_banks,2,0,0,0,100,0,0,0,0,0,not_recommended,Campo no observado en la muestra Fase 5.
webs_propias_phase7_2026-06-14T20-43-50-127Z,REYNA INMOBILIARIA,reynainmobiliaria.pe,wordpress_sitemap_rest_html,phase5_wordpress_html_jsonld,latitude,2,0,0,0,100,0,0,100,0,0,not_recommended,Campo no observado en la muestra Fase 5.
webs_propias_phase7_2026-06-14T20-43-50-127Z,REYNA INMOBILIARIA,reynainmobiliaria.pe,wordpress_sitemap_rest_html,phase5_wordpress_html_jsonld,longitude,2,0,0,0,100,0,0,100,0,0,not_recommended,Campo no observado en la muestra Fase 5.
webs_propias_phase7_2026-06-14T20-43-50-127Z,GRUPO TyC,grupotyc.com,wordpress_sitemap_rest_html,phase5_wordpress_html_jsonld,source_url,2,2,100,100,0,0,0,0,0,100,primary_candidate,Campo critico con cobertura y evidencia suficientes en la muestra.
webs_propias_phase7_2026-06-14T20-43-50-127Z,GRUPO TyC,grupotyc.com,wordpress_sitemap_rest_html,phase5_wordpress_html_jsonld,agency_name,2,2,100,100,0,0,0,0,0,100,primary_candidate,Campo critico con cobertura y evidencia suficientes en la muestra.
webs_propias_phase7_2026-06-14T20-43-50-127Z,GRUPO TyC,grupotyc.com,wordpress_sitemap_rest_html,phase5_wordpress_html_jsonld,project_name,2,2,100,66,0,0,0,0,0,100,primary_candidate,Campo critico con cobertura y evidencia suficientes en la muestra.
webs_propias_phase7_2026-06-14T20-43-50-127Z,GRUPO TyC,grupotyc.com,wordpress_sitemap_rest_html,phase5_wordpress_html_jsonld,district,2,1,50,66,50,0,0,100,0,100,manual_review,Mismatch alto contra Nexo en registros comparables.
webs_propias_phase7_2026-06-14T20-43-50-127Z,GRUPO TyC,grupotyc.com,wordpress_sitemap_rest_html,phase5_wordpress_html_jsonld,address,2,2,100,66,0,0,0,0,0,100,primary_candidate,Campo critico con cobertura y evidencia suficientes en la muestra.
webs_propias_phase7_2026-06-14T20-43-50-127Z,GRUPO TyC,grupotyc.com,wordpress_sitemap_rest_html,phase5_wordpress_html_jsonld,typology,2,2,100,66,0,0,0,0,0,100,primary_candidate,Campo critico con cobertura y evidencia suficientes en la muestra.
webs_propias_phase7_2026-06-14T20-43-50-127Z,GRUPO TyC,grupotyc.com,wordpress_sitemap_rest_html,phase5_wordpress_html_jsonld,bedrooms,2,2,100,66,0,0,0,0,0,100,primary_candidate,Campo critico con cobertura y evidencia suficientes en la muestra.
webs_propias_phase7_2026-06-14T20-43-50-127Z,GRUPO TyC,grupotyc.com,wordpress_sitemap_rest_html,phase5_wordpress_html_jsonld,total_area,2,2,100,66,0,0,0,0,0,100,primary_candidate,Campo critico con cobertura y evidencia suficientes en la muestra.
webs_propias_phase7_2026-06-14T20-43-50-127Z,GRUPO TyC,grupotyc.com,wordpress_sitemap_rest_html,phase5_wordpress_html_jsonld,unit_status,2,2,100,33,0,0,0,0,0,100,primary_candidate,Campo critico con cobertura y evidencia suficientes en la muestra.
webs_propias_phase7_2026-06-14T20-43-50-127Z,GRUPO TyC,grupotyc.com,wordpress_sitemap_rest_html,phase5_wordpress_html_jsonld,unit_count,2,0,0,0,100,0,0,0,0,0,not_recommended,Campo no observado en la muestra Fase 5.
webs_propias_phase7_2026-06-14T20-43-50-127Z,GRUPO TyC,grupotyc.com,wordpress_sitemap_rest_html,phase5_wordpress_html_jsonld,list_price_avg,2,0,0,0,100,0,0,0,0,0,not_recommended,Campo no observado en la muestra Fase 5.
webs_propias_phase7_2026-06-14T20-43-50-127Z,GRUPO TyC,grupotyc.com,wordpress_sitemap_rest_html,phase5_wordpress_html_jsonld,currency,2,0,0,0,100,0,0,0,0,0,not_recommended,Campo no observado en la muestra Fase 5.
webs_propias_phase7_2026-06-14T20-43-50-127Z,GRUPO TyC,grupotyc.com,wordpress_sitemap_rest_html,phase5_wordpress_html_jsonld,delivery_year,2,1,50,66,50,0,0,0,0,100,enrichment_only,"Campo util para enriquecimiento, no necesariamente fuente primaria."
webs_propias_phase7_2026-06-14T20-43-50-127Z,GRUPO TyC,grupotyc.com,wordpress_sitemap_rest_html,phase5_wordpress_html_jsonld,delivery_date,2,1,50,66,50,0,0,0,0,100,enrichment_only,"Campo util para enriquecimiento, no necesariamente fuente primaria."
webs_propias_phase7_2026-06-14T20-43-50-127Z,GRUPO TyC,grupotyc.com,wordpress_sitemap_rest_html,phase5_wordpress_html_jsonld,description,2,1,50,66,50,0,0,0,0,100,enrichment_only,"Campo util para enriquecimiento, no necesariamente fuente primaria."
webs_propias_phase7_2026-06-14T20-43-50-127Z,GRUPO TyC,grupotyc.com,wordpress_sitemap_rest_html,phase5_wordpress_html_jsonld,amenities,2,2,100,33,0,0,0,0,0,100,enrichment_only,"Campo util para enriquecimiento, no necesariamente fuente primaria."
webs_propias_phase7_2026-06-14T20-43-50-127Z,GRUPO TyC,grupotyc.com,wordpress_sitemap_rest_html,phase5_wordpress_html_jsonld,contact_name,2,0,0,0,100,0,0,0,0,0,not_recommended,Campo no observado en la muestra Fase 5.
webs_propias_phase7_2026-06-14T20-43-50-127Z,GRUPO TyC,grupotyc.com,wordpress_sitemap_rest_html,phase5_wordpress_html_jsonld,contact_phone,2,2,100,66,0,0,0,0,0,100,enrichment_only,"Campo util para enriquecimiento, no necesariamente fuente primaria."
webs_propias_phase7_2026-06-14T20-43-50-127Z,GRUPO TyC,grupotyc.com,wordpress_sitemap_rest_html,phase5_wordpress_html_jsonld,whatsapp,2,0,0,0,100,0,0,0,0,0,not_recommended,Campo no observado en la muestra Fase 5.
webs_propias_phase7_2026-06-14T20-43-50-127Z,GRUPO TyC,grupotyc.com,wordpress_sitemap_rest_html,phase5_wordpress_html_jsonld,email,2,2,100,66,0,0,0,0,0,100,enrichment_only,"Campo util para enriquecimiento, no necesariamente fuente primaria."
webs_propias_phase7_2026-06-14T20-43-50-127Z,GRUPO TyC,grupotyc.com,wordpress_sitemap_rest_html,phase5_wordpress_html_jsonld,financing_banks,2,0,0,0,100,0,0,0,0,0,not_recommended,Campo no observado en la muestra Fase 5.
webs_propias_phase7_2026-06-14T20-43-50-127Z,GRUPO TyC,grupotyc.com,wordpress_sitemap_rest_html,phase5_wordpress_html_jsonld,latitude,2,0,0,0,100,0,0,100,0,0,not_recommended,Campo no observado en la muestra Fase 5.
webs_propias_phase7_2026-06-14T20-43-50-127Z,GRUPO TyC,grupotyc.com,wordpress_sitemap_rest_html,phase5_wordpress_html_jsonld,longitude,2,0,0,0,100,0,0,100,0,0,not_recommended,Campo no observado en la muestra Fase 5.
webs_propias_phase7_2026-06-14T20-43-50-127Z,GRUPO SOL,gruposol.com.pe,wordpress_sitemap_rest_html,phase5_wordpress_html_jsonld,source_url,2,2,100,100,0,0,0,0,0,100,primary_candidate,Campo critico con cobertura y evidencia suficientes en la muestra.
webs_propias_phase7_2026-06-14T20-43-50-127Z,GRUPO SOL,gruposol.com.pe,wordpress_sitemap_rest_html,phase5_wordpress_html_jsonld,agency_name,2,2,100,100,0,0,0,0,0,100,primary_candidate,Campo critico con cobertura y evidencia suficientes en la muestra.
webs_propias_phase7_2026-06-14T20-43-50-127Z,GRUPO SOL,gruposol.com.pe,wordpress_sitemap_rest_html,phase5_wordpress_html_jsonld,project_name,2,2,100,66,0,0,0,0,0,100,primary_candidate,Campo critico con cobertura y evidencia suficientes en la muestra.
webs_propias_phase7_2026-06-14T20-43-50-127Z,GRUPO SOL,gruposol.com.pe,wordpress_sitemap_rest_html,phase5_wordpress_html_jsonld,district,2,2,100,66,0,0,0,0,0,100,primary_candidate,Campo critico con cobertura y evidencia suficientes en la muestra.
webs_propias_phase7_2026-06-14T20-43-50-127Z,GRUPO SOL,gruposol.com.pe,wordpress_sitemap_rest_html,phase5_wordpress_html_jsonld,address,2,2,100,66,0,0,0,100,0,100,manual_review,Mismatch alto contra Nexo en registros comparables.
webs_propias_phase7_2026-06-14T20-43-50-127Z,GRUPO SOL,gruposol.com.pe,wordpress_sitemap_rest_html,phase5_wordpress_html_jsonld,typology,2,2,100,66,0,0,0,0,0,100,primary_candidate,Campo critico con cobertura y evidencia suficientes en la muestra.
webs_propias_phase7_2026-06-14T20-43-50-127Z,GRUPO SOL,gruposol.com.pe,wordpress_sitemap_rest_html,phase5_wordpress_html_jsonld,bedrooms,2,0,0,0,100,0,0,0,0,0,not_recommended,Campo no observado en la muestra Fase 5.
webs_propias_phase7_2026-06-14T20-43-50-127Z,GRUPO SOL,gruposol.com.pe,wordpress_sitemap_rest_html,phase5_wordpress_html_jsonld,total_area,2,2,100,66,0,0,0,0,0,100,primary_candidate,Campo critico con cobertura y evidencia suficientes en la muestra.
webs_propias_phase7_2026-06-14T20-43-50-127Z,GRUPO SOL,gruposol.com.pe,wordpress_sitemap_rest_html,phase5_wordpress_html_jsonld,unit_status,2,2,100,33,0,0,0,0,0,100,primary_candidate,Campo critico con cobertura y evidencia suficientes en la muestra.
webs_propias_phase7_2026-06-14T20-43-50-127Z,GRUPO SOL,gruposol.com.pe,wordpress_sitemap_rest_html,phase5_wordpress_html_jsonld,unit_count,2,0,0,0,100,0,0,0,0,0,not_recommended,Campo no observado en la muestra Fase 5.
webs_propias_phase7_2026-06-14T20-43-50-127Z,GRUPO SOL,gruposol.com.pe,wordpress_sitemap_rest_html,phase5_wordpress_html_jsonld,list_price_avg,2,0,0,0,100,0,0,0,0,0,not_recommended,Campo no observado en la muestra Fase 5.
webs_propias_phase7_2026-06-14T20-43-50-127Z,GRUPO SOL,gruposol.com.pe,wordpress_sitemap_rest_html,phase5_wordpress_html_jsonld,currency,2,0,0,0,100,0,0,0,0,0,not_recommended,Campo no observado en la muestra Fase 5.
webs_propias_phase7_2026-06-14T20-43-50-127Z,GRUPO SOL,gruposol.com.pe,wordpress_sitemap_rest_html,phase5_wordpress_html_jsonld,delivery_year,2,0,0,0,100,0,0,0,0,0,not_recommended,Campo no observado en la muestra Fase 5.
webs_propias_phase7_2026-06-14T20-43-50-127Z,GRUPO SOL,gruposol.com.pe,wordpress_sitemap_rest_html,phase5_wordpress_html_jsonld,delivery_date,2,0,0,0,100,0,0,0,0,0,not_recommended,Campo no observado en la muestra Fase 5.
webs_propias_phase7_2026-06-14T20-43-50-127Z,GRUPO SOL,gruposol.com.pe,wordpress_sitemap_rest_html,phase5_wordpress_html_jsonld,description,2,2,100,66,0,0,0,0,0,100,enrichment_only,"Campo util para enriquecimiento, no necesariamente fuente primaria."
webs_propias_phase7_2026-06-14T20-43-50-127Z,GRUPO SOL,gruposol.com.pe,wordpress_sitemap_rest_html,phase5_wordpress_html_jsonld,amenities,2,0,0,0,100,0,0,0,0,0,not_recommended,Campo no observado en la muestra Fase 5.
webs_propias_phase7_2026-06-14T20-43-50-127Z,GRUPO SOL,gruposol.com.pe,wordpress_sitemap_rest_html,phase5_wordpress_html_jsonld,contact_name,2,0,0,0,100,0,0,0,0,0,not_recommended,Campo no observado en la muestra Fase 5.
webs_propias_phase7_2026-06-14T20-43-50-127Z,GRUPO SOL,gruposol.com.pe,wordpress_sitemap_rest_html,phase5_wordpress_html_jsonld,contact_phone,2,2,100,66,0,0,0,0,0,100,enrichment_only,"Campo util para enriquecimiento, no necesariamente fuente primaria."
webs_propias_phase7_2026-06-14T20-43-50-127Z,GRUPO SOL,gruposol.com.pe,wordpress_sitemap_rest_html,phase5_wordpress_html_jsonld,whatsapp,2,2,100,66,0,0,0,0,0,100,enrichment_only,"Campo util para enriquecimiento, no necesariamente fuente primaria."
webs_propias_phase7_2026-06-14T20-43-50-127Z,GRUPO SOL,gruposol.com.pe,wordpress_sitemap_rest_html,phase5_wordpress_html_jsonld,email,2,2,100,66,0,0,0,0,0,100,enrichment_only,"Campo util para enriquecimiento, no necesariamente fuente primaria."
webs_propias_phase7_2026-06-14T20-43-50-127Z,GRUPO SOL,gruposol.com.pe,wordpress_sitemap_rest_html,phase5_wordpress_html_jsonld,financing_banks,2,0,0,0,100,0,0,0,0,0,not_recommended,Campo no observado en la muestra Fase 5.
webs_propias_phase7_2026-06-14T20-43-50-127Z,GRUPO SOL,gruposol.com.pe,wordpress_sitemap_rest_html,phase5_wordpress_html_jsonld,latitude,2,0,0,0,100,0,0,100,0,0,not_recommended,Campo no observado en la muestra Fase 5.
webs_propias_phase7_2026-06-14T20-43-50-127Z,GRUPO SOL,gruposol.com.pe,wordpress_sitemap_rest_html,phase5_wordpress_html_jsonld,longitude,2,0,0,0,100,0,0,100,0,0,not_recommended,Campo no observado en la muestra Fase 5.
webs_propias_phase7_2026-06-14T20-43-50-127Z,MADRID INMOBILIARIA,madridinmobiliaria.pe,embedded_json_html,phase5_embedded_json_html,source_url,2,2,100,100,0,0,50,0,0,100,primary_candidate,Campo critico con cobertura y evidencia suficientes en la muestra.
webs_propias_phase7_2026-06-14T20-43-50-127Z,MADRID INMOBILIARIA,madridinmobiliaria.pe,embedded_json_html,phase5_embedded_json_html,agency_name,2,2,100,100,0,0,50,0,0,100,primary_candidate,Campo critico con cobertura y evidencia suficientes en la muestra.
webs_propias_phase7_2026-06-14T20-43-50-127Z,MADRID INMOBILIARIA,madridinmobiliaria.pe,embedded_json_html,phase5_embedded_json_html,project_name,2,2,100,66,0,0,50,0,0,100,primary_candidate,Campo critico con cobertura y evidencia suficientes en la muestra.
webs_propias_phase7_2026-06-14T20-43-50-127Z,MADRID INMOBILIARIA,madridinmobiliaria.pe,embedded_json_html,phase5_embedded_json_html,district,2,2,100,66,0,0,50,0,0,100,primary_candidate,Campo critico con cobertura y evidencia suficientes en la muestra.
webs_propias_phase7_2026-06-14T20-43-50-127Z,MADRID INMOBILIARIA,madridinmobiliaria.pe,embedded_json_html,phase5_embedded_json_html,address,2,2,100,66,0,0,50,0,0,100,primary_candidate,Campo critico con cobertura y evidencia suficientes en la muestra.
webs_propias_phase7_2026-06-14T20-43-50-127Z,MADRID INMOBILIARIA,madridinmobiliaria.pe,embedded_json_html,phase5_embedded_json_html,typology,2,2,100,66,0,0,50,0,0,100,primary_candidate,Campo critico con cobertura y evidencia suficientes en la muestra.
webs_propias_phase7_2026-06-14T20-43-50-127Z,MADRID INMOBILIARIA,madridinmobiliaria.pe,embedded_json_html,phase5_embedded_json_html,bedrooms,2,2,100,66,0,0,50,0,0,100,primary_candidate,Campo critico con cobertura y evidencia suficientes en la muestra.
webs_propias_phase7_2026-06-14T20-43-50-127Z,MADRID INMOBILIARIA,madridinmobiliaria.pe,embedded_json_html,phase5_embedded_json_html,total_area,2,2,100,66,0,0,50,0,0,100,primary_candidate,Campo critico con cobertura y evidencia suficientes en la muestra.
webs_propias_phase7_2026-06-14T20-43-50-127Z,MADRID INMOBILIARIA,madridinmobiliaria.pe,embedded_json_html,phase5_embedded_json_html,unit_status,2,2,100,33,0,0,50,0,0,100,primary_candidate,Campo critico con cobertura y evidencia suficientes en la muestra.
webs_propias_phase7_2026-06-14T20-43-50-127Z,MADRID INMOBILIARIA,madridinmobiliaria.pe,embedded_json_html,phase5_embedded_json_html,unit_count,2,0,0,0,100,0,50,0,0,0,not_recommended,Campo no observado en la muestra Fase 5.
webs_propias_phase7_2026-06-14T20-43-50-127Z,MADRID INMOBILIARIA,madridinmobiliaria.pe,embedded_json_html,phase5_embedded_json_html,list_price_avg,2,0,0,0,100,0,50,0,0,0,not_recommended,Campo no observado en la muestra Fase 5.
webs_propias_phase7_2026-06-14T20-43-50-127Z,MADRID INMOBILIARIA,madridinmobiliaria.pe,embedded_json_html,phase5_embedded_json_html,currency,2,0,0,0,100,0,50,0,0,0,not_recommended,Campo no observado en la muestra Fase 5.
webs_propias_phase7_2026-06-14T20-43-50-127Z,MADRID INMOBILIARIA,madridinmobiliaria.pe,embedded_json_html,phase5_embedded_json_html,delivery_year,2,0,0,0,100,0,50,0,0,0,not_recommended,Campo no observado en la muestra Fase 5.
webs_propias_phase7_2026-06-14T20-43-50-127Z,MADRID INMOBILIARIA,madridinmobiliaria.pe,embedded_json_html,phase5_embedded_json_html,delivery_date,2,0,0,0,100,0,50,0,0,0,not_recommended,Campo no observado en la muestra Fase 5.
webs_propias_phase7_2026-06-14T20-43-50-127Z,MADRID INMOBILIARIA,madridinmobiliaria.pe,embedded_json_html,phase5_embedded_json_html,description,2,2,100,66,0,0,50,0,0,100,enrichment_only,"Campo util para enriquecimiento, no necesariamente fuente primaria."
webs_propias_phase7_2026-06-14T20-43-50-127Z,MADRID INMOBILIARIA,madridinmobiliaria.pe,embedded_json_html,phase5_embedded_json_html,amenities,2,0,0,0,100,0,50,0,0,0,not_recommended,Campo no observado en la muestra Fase 5.
webs_propias_phase7_2026-06-14T20-43-50-127Z,MADRID INMOBILIARIA,madridinmobiliaria.pe,embedded_json_html,phase5_embedded_json_html,contact_name,2,0,0,0,100,0,50,0,0,0,not_recommended,Campo no observado en la muestra Fase 5.
webs_propias_phase7_2026-06-14T20-43-50-127Z,MADRID INMOBILIARIA,madridinmobiliaria.pe,embedded_json_html,phase5_embedded_json_html,contact_phone,2,2,100,66,0,0,50,0,0,100,enrichment_only,"Campo util para enriquecimiento, no necesariamente fuente primaria."
webs_propias_phase7_2026-06-14T20-43-50-127Z,MADRID INMOBILIARIA,madridinmobiliaria.pe,embedded_json_html,phase5_embedded_json_html,whatsapp,2,2,100,66,0,0,50,0,0,100,enrichment_only,"Campo util para enriquecimiento, no necesariamente fuente primaria."
webs_propias_phase7_2026-06-14T20-43-50-127Z,MADRID INMOBILIARIA,madridinmobiliaria.pe,embedded_json_html,phase5_embedded_json_html,email,2,2,100,66,0,0,50,0,0,100,enrichment_only,"Campo util para enriquecimiento, no necesariamente fuente primaria."
webs_propias_phase7_2026-06-14T20-43-50-127Z,MADRID INMOBILIARIA,madridinmobiliaria.pe,embedded_json_html,phase5_embedded_json_html,financing_banks,2,0,0,0,100,0,50,0,0,0,not_recommended,Campo no observado en la muestra Fase 5.
webs_propias_phase7_2026-06-14T20-43-50-127Z,MADRID INMOBILIARIA,madridinmobiliaria.pe,embedded_json_html,phase5_embedded_json_html,latitude,2,0,0,0,100,0,50,0,0,0,not_recommended,Campo no observado en la muestra Fase 5.
webs_propias_phase7_2026-06-14T20-43-50-127Z,MADRID INMOBILIARIA,madridinmobiliaria.pe,embedded_json_html,phase5_embedded_json_html,longitude,2,0,0,0,100,0,50,0,0,0,not_recommended,Campo no observado en la muestra Fase 5.
webs_propias_phase7_2026-06-14T20-43-50-127Z,ACTUAL,actual.pe,wordpress_sitemap_rest_html,phase5_wordpress_html_jsonld,source_url,2,2,100,100,0,0,0,0,0,100,primary_candidate,Campo critico con cobertura y evidencia suficientes en la muestra.
webs_propias_phase7_2026-06-14T20-43-50-127Z,ACTUAL,actual.pe,wordpress_sitemap_rest_html,phase5_wordpress_html_jsonld,agency_name,2,2,100,100,0,0,0,0,0,100,primary_candidate,Campo critico con cobertura y evidencia suficientes en la muestra.
webs_propias_phase7_2026-06-14T20-43-50-127Z,ACTUAL,actual.pe,wordpress_sitemap_rest_html,phase5_wordpress_html_jsonld,project_name,2,2,100,66,0,0,0,0,0,100,primary_candidate,Campo critico con cobertura y evidencia suficientes en la muestra.
webs_propias_phase7_2026-06-14T20-43-50-127Z,ACTUAL,actual.pe,wordpress_sitemap_rest_html,phase5_wordpress_html_jsonld,district,2,2,100,66,0,0,0,0,0,100,primary_candidate,Campo critico con cobertura y evidencia suficientes en la muestra.
webs_propias_phase7_2026-06-14T20-43-50-127Z,ACTUAL,actual.pe,wordpress_sitemap_rest_html,phase5_wordpress_html_jsonld,address,2,2,100,66,0,0,0,50,0,100,manual_review,Mismatch alto contra Nexo en registros comparables.
webs_propias_phase7_2026-06-14T20-43-50-127Z,ACTUAL,actual.pe,wordpress_sitemap_rest_html,phase5_wordpress_html_jsonld,typology,2,2,100,66,0,0,0,0,0,100,primary_candidate,Campo critico con cobertura y evidencia suficientes en la muestra.
webs_propias_phase7_2026-06-14T20-43-50-127Z,ACTUAL,actual.pe,wordpress_sitemap_rest_html,phase5_wordpress_html_jsonld,bedrooms,2,2,100,66,0,0,0,0,0,100,primary_candidate,Campo critico con cobertura y evidencia suficientes en la muestra.
webs_propias_phase7_2026-06-14T20-43-50-127Z,ACTUAL,actual.pe,wordpress_sitemap_rest_html,phase5_wordpress_html_jsonld,total_area,2,2,100,66,0,0,0,0,0,100,primary_candidate,Campo critico con cobertura y evidencia suficientes en la muestra.
webs_propias_phase7_2026-06-14T20-43-50-127Z,ACTUAL,actual.pe,wordpress_sitemap_rest_html,phase5_wordpress_html_jsonld,unit_status,2,2,100,33,0,0,0,0,0,100,primary_candidate,Campo critico con cobertura y evidencia suficientes en la muestra.
webs_propias_phase7_2026-06-14T20-43-50-127Z,ACTUAL,actual.pe,wordpress_sitemap_rest_html,phase5_wordpress_html_jsonld,unit_count,2,0,0,0,100,0,0,0,0,0,not_recommended,Campo no observado en la muestra Fase 5.
webs_propias_phase7_2026-06-14T20-43-50-127Z,ACTUAL,actual.pe,wordpress_sitemap_rest_html,phase5_wordpress_html_jsonld,list_price_avg,2,0,0,0,100,0,0,0,0,0,not_recommended,Campo no observado en la muestra Fase 5.
webs_propias_phase7_2026-06-14T20-43-50-127Z,ACTUAL,actual.pe,wordpress_sitemap_rest_html,phase5_wordpress_html_jsonld,currency,2,0,0,0,100,0,0,0,0,0,not_recommended,Campo no observado en la muestra Fase 5.
webs_propias_phase7_2026-06-14T20-43-50-127Z,ACTUAL,actual.pe,wordpress_sitemap_rest_html,phase5_wordpress_html_jsonld,delivery_year,2,0,0,0,100,0,0,0,0,0,not_recommended,Campo no observado en la muestra Fase 5.
webs_propias_phase7_2026-06-14T20-43-50-127Z,ACTUAL,actual.pe,wordpress_sitemap_rest_html,phase5_wordpress_html_jsonld,delivery_date,2,0,0,0,100,0,0,0,0,0,not_recommended,Campo no observado en la muestra Fase 5.
webs_propias_phase7_2026-06-14T20-43-50-127Z,ACTUAL,actual.pe,wordpress_sitemap_rest_html,phase5_wordpress_html_jsonld,description,2,2,100,66,0,0,0,0,0,100,enrichment_only,"Campo util para enriquecimiento, no necesariamente fuente primaria."
webs_propias_phase7_2026-06-14T20-43-50-127Z,ACTUAL,actual.pe,wordpress_sitemap_rest_html,phase5_wordpress_html_jsonld,amenities,2,2,100,33,0,0,0,0,0,100,enrichment_only,"Campo util para enriquecimiento, no necesariamente fuente primaria."
webs_propias_phase7_2026-06-14T20-43-50-127Z,ACTUAL,actual.pe,wordpress_sitemap_rest_html,phase5_wordpress_html_jsonld,contact_name,2,0,0,0,100,0,0,0,0,0,not_recommended,Campo no observado en la muestra Fase 5.
webs_propias_phase7_2026-06-14T20-43-50-127Z,ACTUAL,actual.pe,wordpress_sitemap_rest_html,phase5_wordpress_html_jsonld,contact_phone,2,2,100,66,0,0,0,0,0,100,enrichment_only,"Campo util para enriquecimiento, no necesariamente fuente primaria."
webs_propias_phase7_2026-06-14T20-43-50-127Z,ACTUAL,actual.pe,wordpress_sitemap_rest_html,phase5_wordpress_html_jsonld,whatsapp,2,2,100,66,0,0,0,0,0,100,enrichment_only,"Campo util para enriquecimiento, no necesariamente fuente primaria."
webs_propias_phase7_2026-06-14T20-43-50-127Z,ACTUAL,actual.pe,wordpress_sitemap_rest_html,phase5_wordpress_html_jsonld,email,2,2,100,66,0,0,0,0,0,100,enrichment_only,"Campo util para enriquecimiento, no necesariamente fuente primaria."
webs_propias_phase7_2026-06-14T20-43-50-127Z,ACTUAL,actual.pe,wordpress_sitemap_rest_html,phase5_wordpress_html_jsonld,financing_banks,2,0,0,0,100,0,0,0,0,0,not_recommended,Campo no observado en la muestra Fase 5.
webs_propias_phase7_2026-06-14T20-43-50-127Z,ACTUAL,actual.pe,wordpress_sitemap_rest_html,phase5_wordpress_html_jsonld,latitude,2,0,0,0,100,0,0,100,0,0,not_recommended,Campo no observado en la muestra Fase 5.
webs_propias_phase7_2026-06-14T20-43-50-127Z,ACTUAL,actual.pe,wordpress_sitemap_rest_html,phase5_wordpress_html_jsonld,longitude,2,0,0,0,100,0,0,100,0,0,not_recommended,Campo no observado en la muestra Fase 5.
webs_propias_phase7_2026-06-14T20-43-50-127Z,INMGENIO,inmgenio.pe,wordpress_sitemap_rest_html,phase5_wordpress_html_jsonld,source_url,2,2,100,100,0,0,0,0,0,100,primary_candidate,Campo critico con cobertura y evidencia suficientes en la muestra.
webs_propias_phase7_2026-06-14T20-43-50-127Z,INMGENIO,inmgenio.pe,wordpress_sitemap_rest_html,phase5_wordpress_html_jsonld,agency_name,2,2,100,100,0,0,0,0,0,100,primary_candidate,Campo critico con cobertura y evidencia suficientes en la muestra.
webs_propias_phase7_2026-06-14T20-43-50-127Z,INMGENIO,inmgenio.pe,wordpress_sitemap_rest_html,phase5_wordpress_html_jsonld,project_name,2,2,100,66,0,0,0,0,0,100,primary_candidate,Campo critico con cobertura y evidencia suficientes en la muestra.
webs_propias_phase7_2026-06-14T20-43-50-127Z,INMGENIO,inmgenio.pe,wordpress_sitemap_rest_html,phase5_wordpress_html_jsonld,district,2,2,100,66,0,0,0,100,0,100,manual_review,Mismatch alto contra Nexo en registros comparables.
webs_propias_phase7_2026-06-14T20-43-50-127Z,INMGENIO,inmgenio.pe,wordpress_sitemap_rest_html,phase5_wordpress_html_jsonld,address,2,2,100,66,0,0,0,100,0,100,manual_review,Mismatch alto contra Nexo en registros comparables.
webs_propias_phase7_2026-06-14T20-43-50-127Z,INMGENIO,inmgenio.pe,wordpress_sitemap_rest_html,phase5_wordpress_html_jsonld,typology,2,2,100,66,0,0,0,0,0,100,primary_candidate,Campo critico con cobertura y evidencia suficientes en la muestra.
webs_propias_phase7_2026-06-14T20-43-50-127Z,INMGENIO,inmgenio.pe,wordpress_sitemap_rest_html,phase5_wordpress_html_jsonld,bedrooms,2,0,0,0,100,0,0,0,0,0,not_recommended,Campo no observado en la muestra Fase 5.
webs_propias_phase7_2026-06-14T20-43-50-127Z,INMGENIO,inmgenio.pe,wordpress_sitemap_rest_html,phase5_wordpress_html_jsonld,total_area,2,1,50,66,50,0,0,0,0,100,enrichment_only,"Campo util para enriquecimiento, no necesariamente fuente primaria."
webs_propias_phase7_2026-06-14T20-43-50-127Z,INMGENIO,inmgenio.pe,wordpress_sitemap_rest_html,phase5_wordpress_html_jsonld,unit_status,2,2,100,33,0,0,0,0,0,100,primary_candidate,Campo critico con cobertura y evidencia suficientes en la muestra.
webs_propias_phase7_2026-06-14T20-43-50-127Z,INMGENIO,inmgenio.pe,wordpress_sitemap_rest_html,phase5_wordpress_html_jsonld,unit_count,2,0,0,0,100,0,0,0,0,0,not_recommended,Campo no observado en la muestra Fase 5.
webs_propias_phase7_2026-06-14T20-43-50-127Z,INMGENIO,inmgenio.pe,wordpress_sitemap_rest_html,phase5_wordpress_html_jsonld,list_price_avg,2,0,0,0,100,0,0,0,0,0,not_recommended,Campo no observado en la muestra Fase 5.
webs_propias_phase7_2026-06-14T20-43-50-127Z,INMGENIO,inmgenio.pe,wordpress_sitemap_rest_html,phase5_wordpress_html_jsonld,currency,2,0,0,0,100,0,0,0,0,0,not_recommended,Campo no observado en la muestra Fase 5.
webs_propias_phase7_2026-06-14T20-43-50-127Z,INMGENIO,inmgenio.pe,wordpress_sitemap_rest_html,phase5_wordpress_html_jsonld,delivery_year,2,0,0,0,100,0,0,0,0,0,not_recommended,Campo no observado en la muestra Fase 5.
webs_propias_phase7_2026-06-14T20-43-50-127Z,INMGENIO,inmgenio.pe,wordpress_sitemap_rest_html,phase5_wordpress_html_jsonld,delivery_date,2,0,0,0,100,0,0,0,0,0,not_recommended,Campo no observado en la muestra Fase 5.
webs_propias_phase7_2026-06-14T20-43-50-127Z,INMGENIO,inmgenio.pe,wordpress_sitemap_rest_html,phase5_wordpress_html_jsonld,description,2,1,50,66,50,0,0,0,0,100,enrichment_only,"Campo util para enriquecimiento, no necesariamente fuente primaria."
webs_propias_phase7_2026-06-14T20-43-50-127Z,INMGENIO,inmgenio.pe,wordpress_sitemap_rest_html,phase5_wordpress_html_jsonld,amenities,2,1,50,33,50,0,0,0,0,100,enrichment_only,"Campo util para enriquecimiento, no necesariamente fuente primaria."
webs_propias_phase7_2026-06-14T20-43-50-127Z,INMGENIO,inmgenio.pe,wordpress_sitemap_rest_html,phase5_wordpress_html_jsonld,contact_name,2,0,0,0,100,0,0,0,0,0,not_recommended,Campo no observado en la muestra Fase 5.
webs_propias_phase7_2026-06-14T20-43-50-127Z,INMGENIO,inmgenio.pe,wordpress_sitemap_rest_html,phase5_wordpress_html_jsonld,contact_phone,2,2,100,66,0,0,0,0,0,100,enrichment_only,"Campo util para enriquecimiento, no necesariamente fuente primaria."
webs_propias_phase7_2026-06-14T20-43-50-127Z,INMGENIO,inmgenio.pe,wordpress_sitemap_rest_html,phase5_wordpress_html_jsonld,whatsapp,2,2,100,66,0,0,0,0,0,100,enrichment_only,"Campo util para enriquecimiento, no necesariamente fuente primaria."
webs_propias_phase7_2026-06-14T20-43-50-127Z,INMGENIO,inmgenio.pe,wordpress_sitemap_rest_html,phase5_wordpress_html_jsonld,email,2,2,100,66,0,0,0,0,0,100,enrichment_only,"Campo util para enriquecimiento, no necesariamente fuente primaria."
webs_propias_phase7_2026-06-14T20-43-50-127Z,INMGENIO,inmgenio.pe,wordpress_sitemap_rest_html,phase5_wordpress_html_jsonld,financing_banks,2,0,0,0,100,0,0,0,0,0,not_recommended,Campo no observado en la muestra Fase 5.
webs_propias_phase7_2026-06-14T20-43-50-127Z,INMGENIO,inmgenio.pe,wordpress_sitemap_rest_html,phase5_wordpress_html_jsonld,latitude,2,0,0,0,100,0,0,100,0,0,not_recommended,Campo no observado en la muestra Fase 5.
webs_propias_phase7_2026-06-14T20-43-50-127Z,INMGENIO,inmgenio.pe,wordpress_sitemap_rest_html,phase5_wordpress_html_jsonld,longitude,2,0,0,0,100,0,0,100,0,0,not_recommended,Campo no observado en la muestra Fase 5.
webs_propias_phase7_2026-06-14T20-43-50-127Z,GRV CORPORATIVA,grvcorp.com,wordpress_sitemap_rest_html,phase5_wordpress_html_jsonld,source_url,2,2,100,100,0,0,0,0,0,100,primary_candidate,Campo critico con cobertura y evidencia suficientes en la muestra.
webs_propias_phase7_2026-06-14T20-43-50-127Z,GRV CORPORATIVA,grvcorp.com,wordpress_sitemap_rest_html,phase5_wordpress_html_jsonld,agency_name,2,2,100,100,0,0,0,0,0,100,primary_candidate,Campo critico con cobertura y evidencia suficientes en la muestra.
webs_propias_phase7_2026-06-14T20-43-50-127Z,GRV CORPORATIVA,grvcorp.com,wordpress_sitemap_rest_html,phase5_wordpress_html_jsonld,project_name,2,2,100,66,0,0,0,0,0,100,primary_candidate,Campo critico con cobertura y evidencia suficientes en la muestra.
webs_propias_phase7_2026-06-14T20-43-50-127Z,GRV CORPORATIVA,grvcorp.com,wordpress_sitemap_rest_html,phase5_wordpress_html_jsonld,district,2,2,100,66,0,0,0,100,0,100,manual_review,Mismatch alto contra Nexo en registros comparables.
webs_propias_phase7_2026-06-14T20-43-50-127Z,GRV CORPORATIVA,grvcorp.com,wordpress_sitemap_rest_html,phase5_wordpress_html_jsonld,address,2,2,100,66,0,0,0,100,0,100,manual_review,Mismatch alto contra Nexo en registros comparables.
webs_propias_phase7_2026-06-14T20-43-50-127Z,GRV CORPORATIVA,grvcorp.com,wordpress_sitemap_rest_html,phase5_wordpress_html_jsonld,typology,2,2,100,66,0,0,0,0,0,100,primary_candidate,Campo critico con cobertura y evidencia suficientes en la muestra.
webs_propias_phase7_2026-06-14T20-43-50-127Z,GRV CORPORATIVA,grvcorp.com,wordpress_sitemap_rest_html,phase5_wordpress_html_jsonld,bedrooms,2,0,0,0,100,0,0,0,0,0,not_recommended,Campo no observado en la muestra Fase 5.
webs_propias_phase7_2026-06-14T20-43-50-127Z,GRV CORPORATIVA,grvcorp.com,wordpress_sitemap_rest_html,phase5_wordpress_html_jsonld,total_area,2,0,0,0,100,0,0,0,0,0,not_recommended,Campo no observado en la muestra Fase 5.
webs_propias_phase7_2026-06-14T20-43-50-127Z,GRV CORPORATIVA,grvcorp.com,wordpress_sitemap_rest_html,phase5_wordpress_html_jsonld,unit_status,2,0,0,0,100,0,0,0,0,0,not_recommended,Campo no observado en la muestra Fase 5.
webs_propias_phase7_2026-06-14T20-43-50-127Z,GRV CORPORATIVA,grvcorp.com,wordpress_sitemap_rest_html,phase5_wordpress_html_jsonld,unit_count,2,2,100,33,0,0,0,0,0,100,primary_candidate,Campo critico con cobertura y evidencia suficientes en la muestra.
webs_propias_phase7_2026-06-14T20-43-50-127Z,GRV CORPORATIVA,grvcorp.com,wordpress_sitemap_rest_html,phase5_wordpress_html_jsonld,list_price_avg,2,0,0,0,100,0,0,0,0,0,not_recommended,Campo no observado en la muestra Fase 5.
webs_propias_phase7_2026-06-14T20-43-50-127Z,GRV CORPORATIVA,grvcorp.com,wordpress_sitemap_rest_html,phase5_wordpress_html_jsonld,currency,2,0,0,0,100,0,0,0,0,0,not_recommended,Campo no observado en la muestra Fase 5.
webs_propias_phase7_2026-06-14T20-43-50-127Z,GRV CORPORATIVA,grvcorp.com,wordpress_sitemap_rest_html,phase5_wordpress_html_jsonld,delivery_year,2,0,0,0,100,0,0,0,0,0,not_recommended,Campo no observado en la muestra Fase 5.
webs_propias_phase7_2026-06-14T20-43-50-127Z,GRV CORPORATIVA,grvcorp.com,wordpress_sitemap_rest_html,phase5_wordpress_html_jsonld,delivery_date,2,0,0,0,100,0,0,0,0,0,not_recommended,Campo no observado en la muestra Fase 5.
webs_propias_phase7_2026-06-14T20-43-50-127Z,GRV CORPORATIVA,grvcorp.com,wordpress_sitemap_rest_html,phase5_wordpress_html_jsonld,description,2,2,100,66,0,0,0,0,0,100,enrichment_only,"Campo util para enriquecimiento, no necesariamente fuente primaria."
webs_propias_phase7_2026-06-14T20-43-50-127Z,GRV CORPORATIVA,grvcorp.com,wordpress_sitemap_rest_html,phase5_wordpress_html_jsonld,amenities,2,2,100,33,0,0,0,0,0,100,enrichment_only,"Campo util para enriquecimiento, no necesariamente fuente primaria."
webs_propias_phase7_2026-06-14T20-43-50-127Z,GRV CORPORATIVA,grvcorp.com,wordpress_sitemap_rest_html,phase5_wordpress_html_jsonld,contact_name,2,0,0,0,100,0,0,0,0,0,not_recommended,Campo no observado en la muestra Fase 5.
webs_propias_phase7_2026-06-14T20-43-50-127Z,GRV CORPORATIVA,grvcorp.com,wordpress_sitemap_rest_html,phase5_wordpress_html_jsonld,contact_phone,2,2,100,66,0,0,0,0,0,100,enrichment_only,"Campo util para enriquecimiento, no necesariamente fuente primaria."
webs_propias_phase7_2026-06-14T20-43-50-127Z,GRV CORPORATIVA,grvcorp.com,wordpress_sitemap_rest_html,phase5_wordpress_html_jsonld,whatsapp,2,0,0,0,100,0,0,0,0,0,not_recommended,Campo no observado en la muestra Fase 5.
webs_propias_phase7_2026-06-14T20-43-50-127Z,GRV CORPORATIVA,grvcorp.com,wordpress_sitemap_rest_html,phase5_wordpress_html_jsonld,email,2,0,0,0,100,0,0,0,0,0,not_recommended,Campo no observado en la muestra Fase 5.
webs_propias_phase7_2026-06-14T20-43-50-127Z,GRV CORPORATIVA,grvcorp.com,wordpress_sitemap_rest_html,phase5_wordpress_html_jsonld,financing_banks,2,0,0,0,100,0,0,0,0,0,not_recommended,Campo no observado en la muestra Fase 5.
webs_propias_phase7_2026-06-14T20-43-50-127Z,GRV CORPORATIVA,grvcorp.com,wordpress_sitemap_rest_html,phase5_wordpress_html_jsonld,latitude,2,0,0,0,100,0,0,100,0,0,not_recommended,Campo no observado en la muestra Fase 5.
webs_propias_phase7_2026-06-14T20-43-50-127Z,GRV CORPORATIVA,grvcorp.com,wordpress_sitemap_rest_html,phase5_wordpress_html_jsonld,longitude,2,0,0,0,100,0,0,100,0,0,not_recommended,Campo no observado en la muestra Fase 5.
webs_propias_phase7_2026-06-14T20-43-50-127Z,CONSTRUCTORA INARCO,inarco.com.pe,wordpress_sitemap_rest_html,phase5_wordpress_html_jsonld,source_url,2,2,100,100,0,0,0,0,0,100,primary_candidate,Campo critico con cobertura y evidencia suficientes en la muestra.
webs_propias_phase7_2026-06-14T20-43-50-127Z,CONSTRUCTORA INARCO,inarco.com.pe,wordpress_sitemap_rest_html,phase5_wordpress_html_jsonld,agency_name,2,2,100,100,0,0,0,0,0,100,primary_candidate,Campo critico con cobertura y evidencia suficientes en la muestra.
webs_propias_phase7_2026-06-14T20-43-50-127Z,CONSTRUCTORA INARCO,inarco.com.pe,wordpress_sitemap_rest_html,phase5_wordpress_html_jsonld,project_name,2,2,100,66,0,0,0,0,0,100,primary_candidate,Campo critico con cobertura y evidencia suficientes en la muestra.
webs_propias_phase7_2026-06-14T20-43-50-127Z,CONSTRUCTORA INARCO,inarco.com.pe,wordpress_sitemap_rest_html,phase5_wordpress_html_jsonld,district,2,2,100,66,0,0,0,0,0,100,primary_candidate,Campo critico con cobertura y evidencia suficientes en la muestra.
webs_propias_phase7_2026-06-14T20-43-50-127Z,CONSTRUCTORA INARCO,inarco.com.pe,wordpress_sitemap_rest_html,phase5_wordpress_html_jsonld,address,2,2,100,66,0,0,0,0,0,100,primary_candidate,Campo critico con cobertura y evidencia suficientes en la muestra.
webs_propias_phase7_2026-06-14T20-43-50-127Z,CONSTRUCTORA INARCO,inarco.com.pe,wordpress_sitemap_rest_html,phase5_wordpress_html_jsonld,typology,2,2,100,66,0,0,0,0,0,100,primary_candidate,Campo critico con cobertura y evidencia suficientes en la muestra.
webs_propias_phase7_2026-06-14T20-43-50-127Z,CONSTRUCTORA INARCO,inarco.com.pe,wordpress_sitemap_rest_html,phase5_wordpress_html_jsonld,bedrooms,2,0,0,0,100,0,0,0,0,0,not_recommended,Campo no observado en la muestra Fase 5.
webs_propias_phase7_2026-06-14T20-43-50-127Z,CONSTRUCTORA INARCO,inarco.com.pe,wordpress_sitemap_rest_html,phase5_wordpress_html_jsonld,total_area,2,0,0,0,100,0,0,0,0,0,not_recommended,Campo no observado en la muestra Fase 5.
webs_propias_phase7_2026-06-14T20-43-50-127Z,CONSTRUCTORA INARCO,inarco.com.pe,wordpress_sitemap_rest_html,phase5_wordpress_html_jsonld,unit_status,2,2,100,33,0,0,0,0,0,100,primary_candidate,Campo critico con cobertura y evidencia suficientes en la muestra.
webs_propias_phase7_2026-06-14T20-43-50-127Z,CONSTRUCTORA INARCO,inarco.com.pe,wordpress_sitemap_rest_html,phase5_wordpress_html_jsonld,unit_count,2,0,0,0,100,0,0,0,0,0,not_recommended,Campo no observado en la muestra Fase 5.
webs_propias_phase7_2026-06-14T20-43-50-127Z,CONSTRUCTORA INARCO,inarco.com.pe,wordpress_sitemap_rest_html,phase5_wordpress_html_jsonld,list_price_avg,2,0,0,0,100,0,0,0,0,0,not_recommended,Campo no observado en la muestra Fase 5.
webs_propias_phase7_2026-06-14T20-43-50-127Z,CONSTRUCTORA INARCO,inarco.com.pe,wordpress_sitemap_rest_html,phase5_wordpress_html_jsonld,currency,2,0,0,0,100,0,0,0,0,0,not_recommended,Campo no observado en la muestra Fase 5.
webs_propias_phase7_2026-06-14T20-43-50-127Z,CONSTRUCTORA INARCO,inarco.com.pe,wordpress_sitemap_rest_html,phase5_wordpress_html_jsonld,delivery_year,2,0,0,0,100,0,0,0,0,0,not_recommended,Campo no observado en la muestra Fase 5.
webs_propias_phase7_2026-06-14T20-43-50-127Z,CONSTRUCTORA INARCO,inarco.com.pe,wordpress_sitemap_rest_html,phase5_wordpress_html_jsonld,delivery_date,2,0,0,0,100,0,0,0,0,0,not_recommended,Campo no observado en la muestra Fase 5.
webs_propias_phase7_2026-06-14T20-43-50-127Z,CONSTRUCTORA INARCO,inarco.com.pe,wordpress_sitemap_rest_html,phase5_wordpress_html_jsonld,description,2,0,0,0,100,0,0,0,0,0,not_recommended,Campo no observado en la muestra Fase 5.
webs_propias_phase7_2026-06-14T20-43-50-127Z,CONSTRUCTORA INARCO,inarco.com.pe,wordpress_sitemap_rest_html,phase5_wordpress_html_jsonld,amenities,2,0,0,0,100,0,0,0,0,0,not_recommended,Campo no observado en la muestra Fase 5.
webs_propias_phase7_2026-06-14T20-43-50-127Z,CONSTRUCTORA INARCO,inarco.com.pe,wordpress_sitemap_rest_html,phase5_wordpress_html_jsonld,contact_name,2,0,0,0,100,0,0,0,0,0,not_recommended,Campo no observado en la muestra Fase 5.
webs_propias_phase7_2026-06-14T20-43-50-127Z,CONSTRUCTORA INARCO,inarco.com.pe,wordpress_sitemap_rest_html,phase5_wordpress_html_jsonld,contact_phone,2,2,100,66,0,0,0,0,0,100,enrichment_only,"Campo util para enriquecimiento, no necesariamente fuente primaria."
webs_propias_phase7_2026-06-14T20-43-50-127Z,CONSTRUCTORA INARCO,inarco.com.pe,wordpress_sitemap_rest_html,phase5_wordpress_html_jsonld,whatsapp,2,0,0,0,100,0,0,0,0,0,not_recommended,Campo no observado en la muestra Fase 5.
webs_propias_phase7_2026-06-14T20-43-50-127Z,CONSTRUCTORA INARCO,inarco.com.pe,wordpress_sitemap_rest_html,phase5_wordpress_html_jsonld,email,2,2,100,66,0,0,0,0,0,100,enrichment_only,"Campo util para enriquecimiento, no necesariamente fuente primaria."
webs_propias_phase7_2026-06-14T20-43-50-127Z,CONSTRUCTORA INARCO,inarco.com.pe,wordpress_sitemap_rest_html,phase5_wordpress_html_jsonld,financing_banks,2,0,0,0,100,0,0,0,0,0,not_recommended,Campo no observado en la muestra Fase 5.
webs_propias_phase7_2026-06-14T20-43-50-127Z,CONSTRUCTORA INARCO,inarco.com.pe,wordpress_sitemap_rest_html,phase5_wordpress_html_jsonld,latitude,2,0,0,0,100,0,0,0,0,0,not_recommended,Campo no observado en la muestra Fase 5.
webs_propias_phase7_2026-06-14T20-43-50-127Z,CONSTRUCTORA INARCO,inarco.com.pe,wordpress_sitemap_rest_html,phase5_wordpress_html_jsonld,longitude,2,0,0,0,100,0,0,0,0,0,not_recommended,Campo no observado en la muestra Fase 5.
webs_propias_phase7_2026-06-14T20-43-50-127Z,LUGANO,luganosac.com,wordpress_sitemap_rest_html,phase5_wordpress_html_jsonld,source_url,2,2,100,100,0,0,0,0,0,100,primary_candidate,Campo critico con cobertura y evidencia suficientes en la muestra.
webs_propias_phase7_2026-06-14T20-43-50-127Z,LUGANO,luganosac.com,wordpress_sitemap_rest_html,phase5_wordpress_html_jsonld,agency_name,2,2,100,100,0,0,0,0,0,100,primary_candidate,Campo critico con cobertura y evidencia suficientes en la muestra.
webs_propias_phase7_2026-06-14T20-43-50-127Z,LUGANO,luganosac.com,wordpress_sitemap_rest_html,phase5_wordpress_html_jsonld,project_name,2,2,100,66,0,0,0,0,0,100,primary_candidate,Campo critico con cobertura y evidencia suficientes en la muestra.
webs_propias_phase7_2026-06-14T20-43-50-127Z,LUGANO,luganosac.com,wordpress_sitemap_rest_html,phase5_wordpress_html_jsonld,district,2,2,100,66,0,0,0,0,0,100,primary_candidate,Campo critico con cobertura y evidencia suficientes en la muestra.
webs_propias_phase7_2026-06-14T20-43-50-127Z,LUGANO,luganosac.com,wordpress_sitemap_rest_html,phase5_wordpress_html_jsonld,address,2,2,100,66,0,0,0,0,0,100,primary_candidate,Campo critico con cobertura y evidencia suficientes en la muestra.
webs_propias_phase7_2026-06-14T20-43-50-127Z,LUGANO,luganosac.com,wordpress_sitemap_rest_html,phase5_wordpress_html_jsonld,typology,2,2,100,66,0,0,0,0,0,100,primary_candidate,Campo critico con cobertura y evidencia suficientes en la muestra.
webs_propias_phase7_2026-06-14T20-43-50-127Z,LUGANO,luganosac.com,wordpress_sitemap_rest_html,phase5_wordpress_html_jsonld,bedrooms,2,2,100,66,0,0,0,0,0,100,primary_candidate,Campo critico con cobertura y evidencia suficientes en la muestra.
webs_propias_phase7_2026-06-14T20-43-50-127Z,LUGANO,luganosac.com,wordpress_sitemap_rest_html,phase5_wordpress_html_jsonld,total_area,2,1,50,66,50,0,0,0,0,100,enrichment_only,"Campo util para enriquecimiento, no necesariamente fuente primaria."
webs_propias_phase7_2026-06-14T20-43-50-127Z,LUGANO,luganosac.com,wordpress_sitemap_rest_html,phase5_wordpress_html_jsonld,unit_status,2,2,100,33,0,0,0,0,0,100,primary_candidate,Campo critico con cobertura y evidencia suficientes en la muestra.
webs_propias_phase7_2026-06-14T20-43-50-127Z,LUGANO,luganosac.com,wordpress_sitemap_rest_html,phase5_wordpress_html_jsonld,unit_count,2,0,0,0,100,0,0,0,0,0,not_recommended,Campo no observado en la muestra Fase 5.
webs_propias_phase7_2026-06-14T20-43-50-127Z,LUGANO,luganosac.com,wordpress_sitemap_rest_html,phase5_wordpress_html_jsonld,list_price_avg,2,0,0,0,100,0,0,0,0,0,not_recommended,Campo no observado en la muestra Fase 5.
webs_propias_phase7_2026-06-14T20-43-50-127Z,LUGANO,luganosac.com,wordpress_sitemap_rest_html,phase5_wordpress_html_jsonld,currency,2,0,0,0,100,0,0,0,0,0,not_recommended,Campo no observado en la muestra Fase 5.
webs_propias_phase7_2026-06-14T20-43-50-127Z,LUGANO,luganosac.com,wordpress_sitemap_rest_html,phase5_wordpress_html_jsonld,delivery_year,2,0,0,0,100,0,0,0,0,0,not_recommended,Campo no observado en la muestra Fase 5.
webs_propias_phase7_2026-06-14T20-43-50-127Z,LUGANO,luganosac.com,wordpress_sitemap_rest_html,phase5_wordpress_html_jsonld,delivery_date,2,0,0,0,100,0,0,0,0,0,not_recommended,Campo no observado en la muestra Fase 5.
webs_propias_phase7_2026-06-14T20-43-50-127Z,LUGANO,luganosac.com,wordpress_sitemap_rest_html,phase5_wordpress_html_jsonld,description,2,2,100,66,0,0,0,0,0,100,enrichment_only,"Campo util para enriquecimiento, no necesariamente fuente primaria."
webs_propias_phase7_2026-06-14T20-43-50-127Z,LUGANO,luganosac.com,wordpress_sitemap_rest_html,phase5_wordpress_html_jsonld,amenities,2,2,100,33,0,0,0,0,0,100,enrichment_only,"Campo util para enriquecimiento, no necesariamente fuente primaria."
webs_propias_phase7_2026-06-14T20-43-50-127Z,LUGANO,luganosac.com,wordpress_sitemap_rest_html,phase5_wordpress_html_jsonld,contact_name,2,0,0,0,100,0,0,0,0,0,not_recommended,Campo no observado en la muestra Fase 5.
webs_propias_phase7_2026-06-14T20-43-50-127Z,LUGANO,luganosac.com,wordpress_sitemap_rest_html,phase5_wordpress_html_jsonld,contact_phone,2,2,100,66,0,0,0,0,0,100,enrichment_only,"Campo util para enriquecimiento, no necesariamente fuente primaria."
webs_propias_phase7_2026-06-14T20-43-50-127Z,LUGANO,luganosac.com,wordpress_sitemap_rest_html,phase5_wordpress_html_jsonld,whatsapp,2,2,100,66,0,0,0,0,0,100,enrichment_only,"Campo util para enriquecimiento, no necesariamente fuente primaria."
webs_propias_phase7_2026-06-14T20-43-50-127Z,LUGANO,luganosac.com,wordpress_sitemap_rest_html,phase5_wordpress_html_jsonld,email,2,2,100,66,0,0,0,0,0,100,enrichment_only,"Campo util para enriquecimiento, no necesariamente fuente primaria."
webs_propias_phase7_2026-06-14T20-43-50-127Z,LUGANO,luganosac.com,wordpress_sitemap_rest_html,phase5_wordpress_html_jsonld,financing_banks,2,1,50,33,50,0,0,0,0,100,enrichment_only,"Campo util para enriquecimiento, no necesariamente fuente primaria."
webs_propias_phase7_2026-06-14T20-43-50-127Z,LUGANO,luganosac.com,wordpress_sitemap_rest_html,phase5_wordpress_html_jsonld,latitude,2,0,0,0,100,0,0,0,0,0,not_recommended,Campo no observado en la muestra Fase 5.
webs_propias_phase7_2026-06-14T20-43-50-127Z,LUGANO,luganosac.com,wordpress_sitemap_rest_html,phase5_wordpress_html_jsonld,longitude,2,0,0,0,100,0,0,0,0,0,not_recommended,Campo no observado en la muestra Fase 5.
webs_propias_phase7_2026-06-14T20-43-50-127Z,GDC INMOBILIARIA,gdcinmobiliaria.pe,wordpress_sitemap_rest_html,phase5_wordpress_html_jsonld,source_url,2,2,100,100,0,0,0,0,0,100,primary_candidate,Campo critico con cobertura y evidencia suficientes en la muestra.
webs_propias_phase7_2026-06-14T20-43-50-127Z,GDC INMOBILIARIA,gdcinmobiliaria.pe,wordpress_sitemap_rest_html,phase5_wordpress_html_jsonld,agency_name,2,2,100,100,0,0,0,0,0,100,primary_candidate,Campo critico con cobertura y evidencia suficientes en la muestra.
webs_propias_phase7_2026-06-14T20-43-50-127Z,GDC INMOBILIARIA,gdcinmobiliaria.pe,wordpress_sitemap_rest_html,phase5_wordpress_html_jsonld,project_name,2,2,100,66,0,0,0,0,0,100,primary_candidate,Campo critico con cobertura y evidencia suficientes en la muestra.
webs_propias_phase7_2026-06-14T20-43-50-127Z,GDC INMOBILIARIA,gdcinmobiliaria.pe,wordpress_sitemap_rest_html,phase5_wordpress_html_jsonld,district,2,2,100,66,0,0,0,100,0,100,manual_review,Mismatch alto contra Nexo en registros comparables.
webs_propias_phase7_2026-06-14T20-43-50-127Z,GDC INMOBILIARIA,gdcinmobiliaria.pe,wordpress_sitemap_rest_html,phase5_wordpress_html_jsonld,address,2,2,100,66,0,0,0,0,0,100,primary_candidate,Campo critico con cobertura y evidencia suficientes en la muestra.
webs_propias_phase7_2026-06-14T20-43-50-127Z,GDC INMOBILIARIA,gdcinmobiliaria.pe,wordpress_sitemap_rest_html,phase5_wordpress_html_jsonld,typology,2,2,100,66,0,0,0,0,0,100,primary_candidate,Campo critico con cobertura y evidencia suficientes en la muestra.
webs_propias_phase7_2026-06-14T20-43-50-127Z,GDC INMOBILIARIA,gdcinmobiliaria.pe,wordpress_sitemap_rest_html,phase5_wordpress_html_jsonld,bedrooms,2,2,100,66,0,0,0,0,0,100,primary_candidate,Campo critico con cobertura y evidencia suficientes en la muestra.
webs_propias_phase7_2026-06-14T20-43-50-127Z,GDC INMOBILIARIA,gdcinmobiliaria.pe,wordpress_sitemap_rest_html,phase5_wordpress_html_jsonld,total_area,2,2,100,66,0,0,0,0,0,100,primary_candidate,Campo critico con cobertura y evidencia suficientes en la muestra.
webs_propias_phase7_2026-06-14T20-43-50-127Z,GDC INMOBILIARIA,gdcinmobiliaria.pe,wordpress_sitemap_rest_html,phase5_wordpress_html_jsonld,unit_status,2,2,100,33,0,0,0,0,0,100,primary_candidate,Campo critico con cobertura y evidencia suficientes en la muestra.
webs_propias_phase7_2026-06-14T20-43-50-127Z,GDC INMOBILIARIA,gdcinmobiliaria.pe,wordpress_sitemap_rest_html,phase5_wordpress_html_jsonld,unit_count,2,0,0,0,100,0,0,0,0,0,not_recommended,Campo no observado en la muestra Fase 5.
webs_propias_phase7_2026-06-14T20-43-50-127Z,GDC INMOBILIARIA,gdcinmobiliaria.pe,wordpress_sitemap_rest_html,phase5_wordpress_html_jsonld,list_price_avg,2,0,0,0,100,0,0,0,0,0,not_recommended,Campo no observado en la muestra Fase 5.
webs_propias_phase7_2026-06-14T20-43-50-127Z,GDC INMOBILIARIA,gdcinmobiliaria.pe,wordpress_sitemap_rest_html,phase5_wordpress_html_jsonld,currency,2,0,0,0,100,0,0,0,0,0,not_recommended,Campo no observado en la muestra Fase 5.
webs_propias_phase7_2026-06-14T20-43-50-127Z,GDC INMOBILIARIA,gdcinmobiliaria.pe,wordpress_sitemap_rest_html,phase5_wordpress_html_jsonld,delivery_year,2,0,0,0,100,0,0,0,0,0,not_recommended,Campo no observado en la muestra Fase 5.
webs_propias_phase7_2026-06-14T20-43-50-127Z,GDC INMOBILIARIA,gdcinmobiliaria.pe,wordpress_sitemap_rest_html,phase5_wordpress_html_jsonld,delivery_date,2,0,0,0,100,0,0,0,0,0,not_recommended,Campo no observado en la muestra Fase 5.
webs_propias_phase7_2026-06-14T20-43-50-127Z,GDC INMOBILIARIA,gdcinmobiliaria.pe,wordpress_sitemap_rest_html,phase5_wordpress_html_jsonld,description,2,1,50,66,50,0,0,0,0,100,enrichment_only,"Campo util para enriquecimiento, no necesariamente fuente primaria."
webs_propias_phase7_2026-06-14T20-43-50-127Z,GDC INMOBILIARIA,gdcinmobiliaria.pe,wordpress_sitemap_rest_html,phase5_wordpress_html_jsonld,amenities,2,1,50,33,50,0,0,0,0,100,enrichment_only,"Campo util para enriquecimiento, no necesariamente fuente primaria."
webs_propias_phase7_2026-06-14T20-43-50-127Z,GDC INMOBILIARIA,gdcinmobiliaria.pe,wordpress_sitemap_rest_html,phase5_wordpress_html_jsonld,contact_name,2,0,0,0,100,0,0,0,0,0,not_recommended,Campo no observado en la muestra Fase 5.
webs_propias_phase7_2026-06-14T20-43-50-127Z,GDC INMOBILIARIA,gdcinmobiliaria.pe,wordpress_sitemap_rest_html,phase5_wordpress_html_jsonld,contact_phone,2,2,100,66,0,0,0,0,0,100,enrichment_only,"Campo util para enriquecimiento, no necesariamente fuente primaria."
webs_propias_phase7_2026-06-14T20-43-50-127Z,GDC INMOBILIARIA,gdcinmobiliaria.pe,wordpress_sitemap_rest_html,phase5_wordpress_html_jsonld,whatsapp,2,2,100,66,0,0,0,0,0,100,enrichment_only,"Campo util para enriquecimiento, no necesariamente fuente primaria."
webs_propias_phase7_2026-06-14T20-43-50-127Z,GDC INMOBILIARIA,gdcinmobiliaria.pe,wordpress_sitemap_rest_html,phase5_wordpress_html_jsonld,email,2,2,100,66,0,0,0,0,0,100,enrichment_only,"Campo util para enriquecimiento, no necesariamente fuente primaria."
webs_propias_phase7_2026-06-14T20-43-50-127Z,GDC INMOBILIARIA,gdcinmobiliaria.pe,wordpress_sitemap_rest_html,phase5_wordpress_html_jsonld,financing_banks,2,0,0,0,100,0,0,0,0,0,not_recommended,Campo no observado en la muestra Fase 5.
webs_propias_phase7_2026-06-14T20-43-50-127Z,GDC INMOBILIARIA,gdcinmobiliaria.pe,wordpress_sitemap_rest_html,phase5_wordpress_html_jsonld,latitude,2,0,0,0,100,0,0,100,0,0,not_recommended,Campo no observado en la muestra Fase 5.
webs_propias_phase7_2026-06-14T20-43-50-127Z,GDC INMOBILIARIA,gdcinmobiliaria.pe,wordpress_sitemap_rest_html,phase5_wordpress_html_jsonld,longitude,2,0,0,0,100,0,0,100,0,0,not_recommended,Campo no observado en la muestra Fase 5.
webs_propias_phase7_2026-06-14T20-43-50-127Z,AURORA GRUPO INMOBILIARIO,grupoaurora.pe,wordpress_sitemap_rest_html,phase5_wordpress_html_jsonld,source_url,2,2,100,100,0,0,0,0,0,100,primary_candidate,Campo critico con cobertura y evidencia suficientes en la muestra.
webs_propias_phase7_2026-06-14T20-43-50-127Z,AURORA GRUPO INMOBILIARIO,grupoaurora.pe,wordpress_sitemap_rest_html,phase5_wordpress_html_jsonld,agency_name,2,2,100,100,0,0,0,0,0,100,primary_candidate,Campo critico con cobertura y evidencia suficientes en la muestra.
webs_propias_phase7_2026-06-14T20-43-50-127Z,AURORA GRUPO INMOBILIARIO,grupoaurora.pe,wordpress_sitemap_rest_html,phase5_wordpress_html_jsonld,project_name,2,2,100,66,0,0,0,100,0,100,manual_review,Mismatch alto contra Nexo en registros comparables.
webs_propias_phase7_2026-06-14T20-43-50-127Z,AURORA GRUPO INMOBILIARIO,grupoaurora.pe,wordpress_sitemap_rest_html,phase5_wordpress_html_jsonld,district,2,2,100,66,0,0,0,0,0,100,primary_candidate,Campo critico con cobertura y evidencia suficientes en la muestra.
webs_propias_phase7_2026-06-14T20-43-50-127Z,AURORA GRUPO INMOBILIARIO,grupoaurora.pe,wordpress_sitemap_rest_html,phase5_wordpress_html_jsonld,address,2,2,100,66,0,0,0,50,0,100,manual_review,Mismatch alto contra Nexo en registros comparables.
webs_propias_phase7_2026-06-14T20-43-50-127Z,AURORA GRUPO INMOBILIARIO,grupoaurora.pe,wordpress_sitemap_rest_html,phase5_wordpress_html_jsonld,typology,2,2,100,66,0,0,0,0,0,100,primary_candidate,Campo critico con cobertura y evidencia suficientes en la muestra.
webs_propias_phase7_2026-06-14T20-43-50-127Z,AURORA GRUPO INMOBILIARIO,grupoaurora.pe,wordpress_sitemap_rest_html,phase5_wordpress_html_jsonld,bedrooms,2,2,100,66,0,0,0,0,0,100,primary_candidate,Campo critico con cobertura y evidencia suficientes en la muestra.
webs_propias_phase7_2026-06-14T20-43-50-127Z,AURORA GRUPO INMOBILIARIO,grupoaurora.pe,wordpress_sitemap_rest_html,phase5_wordpress_html_jsonld,total_area,2,1,50,66,50,0,0,0,0,100,enrichment_only,"Campo util para enriquecimiento, no necesariamente fuente primaria."
webs_propias_phase7_2026-06-14T20-43-50-127Z,AURORA GRUPO INMOBILIARIO,grupoaurora.pe,wordpress_sitemap_rest_html,phase5_wordpress_html_jsonld,unit_status,2,1,50,33,50,0,0,0,0,100,enrichment_only,"Campo util para enriquecimiento, no necesariamente fuente primaria."
webs_propias_phase7_2026-06-14T20-43-50-127Z,AURORA GRUPO INMOBILIARIO,grupoaurora.pe,wordpress_sitemap_rest_html,phase5_wordpress_html_jsonld,unit_count,2,0,0,0,100,0,0,0,0,0,not_recommended,Campo no observado en la muestra Fase 5.
webs_propias_phase7_2026-06-14T20-43-50-127Z,AURORA GRUPO INMOBILIARIO,grupoaurora.pe,wordpress_sitemap_rest_html,phase5_wordpress_html_jsonld,list_price_avg,2,0,0,0,100,0,0,0,0,0,not_recommended,Campo no observado en la muestra Fase 5.
webs_propias_phase7_2026-06-14T20-43-50-127Z,AURORA GRUPO INMOBILIARIO,grupoaurora.pe,wordpress_sitemap_rest_html,phase5_wordpress_html_jsonld,currency,2,0,0,0,100,0,0,0,0,0,not_recommended,Campo no observado en la muestra Fase 5.
webs_propias_phase7_2026-06-14T20-43-50-127Z,AURORA GRUPO INMOBILIARIO,grupoaurora.pe,wordpress_sitemap_rest_html,phase5_wordpress_html_jsonld,delivery_year,2,0,0,0,100,0,0,0,0,0,not_recommended,Campo no observado en la muestra Fase 5.
webs_propias_phase7_2026-06-14T20-43-50-127Z,AURORA GRUPO INMOBILIARIO,grupoaurora.pe,wordpress_sitemap_rest_html,phase5_wordpress_html_jsonld,delivery_date,2,0,0,0,100,0,0,0,0,0,not_recommended,Campo no observado en la muestra Fase 5.
webs_propias_phase7_2026-06-14T20-43-50-127Z,AURORA GRUPO INMOBILIARIO,grupoaurora.pe,wordpress_sitemap_rest_html,phase5_wordpress_html_jsonld,description,2,2,100,66,0,0,0,0,0,100,enrichment_only,"Campo util para enriquecimiento, no necesariamente fuente primaria."
webs_propias_phase7_2026-06-14T20-43-50-127Z,AURORA GRUPO INMOBILIARIO,grupoaurora.pe,wordpress_sitemap_rest_html,phase5_wordpress_html_jsonld,amenities,2,1,50,33,50,0,0,0,0,100,enrichment_only,"Campo util para enriquecimiento, no necesariamente fuente primaria."
webs_propias_phase7_2026-06-14T20-43-50-127Z,AURORA GRUPO INMOBILIARIO,grupoaurora.pe,wordpress_sitemap_rest_html,phase5_wordpress_html_jsonld,contact_name,2,0,0,0,100,0,0,0,0,0,not_recommended,Campo no observado en la muestra Fase 5.
webs_propias_phase7_2026-06-14T20-43-50-127Z,AURORA GRUPO INMOBILIARIO,grupoaurora.pe,wordpress_sitemap_rest_html,phase5_wordpress_html_jsonld,contact_phone,2,1,50,66,50,0,0,0,0,100,enrichment_only,"Campo util para enriquecimiento, no necesariamente fuente primaria."
webs_propias_phase7_2026-06-14T20-43-50-127Z,AURORA GRUPO INMOBILIARIO,grupoaurora.pe,wordpress_sitemap_rest_html,phase5_wordpress_html_jsonld,whatsapp,2,2,100,66,0,0,0,0,0,100,enrichment_only,"Campo util para enriquecimiento, no necesariamente fuente primaria."
webs_propias_phase7_2026-06-14T20-43-50-127Z,AURORA GRUPO INMOBILIARIO,grupoaurora.pe,wordpress_sitemap_rest_html,phase5_wordpress_html_jsonld,email,2,1,50,66,50,0,0,0,0,100,enrichment_only,"Campo util para enriquecimiento, no necesariamente fuente primaria."
webs_propias_phase7_2026-06-14T20-43-50-127Z,AURORA GRUPO INMOBILIARIO,grupoaurora.pe,wordpress_sitemap_rest_html,phase5_wordpress_html_jsonld,financing_banks,2,0,0,0,100,0,0,0,0,0,not_recommended,Campo no observado en la muestra Fase 5.
webs_propias_phase7_2026-06-14T20-43-50-127Z,AURORA GRUPO INMOBILIARIO,grupoaurora.pe,wordpress_sitemap_rest_html,phase5_wordpress_html_jsonld,latitude,2,0,0,0,100,0,0,100,0,0,not_recommended,Campo no observado en la muestra Fase 5.
webs_propias_phase7_2026-06-14T20-43-50-127Z,AURORA GRUPO INMOBILIARIO,grupoaurora.pe,wordpress_sitemap_rest_html,phase5_wordpress_html_jsonld,longitude,2,0,0,0,100,0,0,100,0,0,not_recommended,Campo no observado en la muestra Fase 5.
webs_propias_phase7_2026-06-14T20-43-50-127Z,CANTABRIA,inmobiliariacantabria.com,wordpress_sitemap_rest_html,phase5_wordpress_html_jsonld,source_url,2,2,100,100,0,0,0,0,0,100,primary_candidate,Campo critico con cobertura y evidencia suficientes en la muestra.
webs_propias_phase7_2026-06-14T20-43-50-127Z,CANTABRIA,inmobiliariacantabria.com,wordpress_sitemap_rest_html,phase5_wordpress_html_jsonld,agency_name,2,2,100,100,0,0,0,0,0,100,primary_candidate,Campo critico con cobertura y evidencia suficientes en la muestra.
webs_propias_phase7_2026-06-14T20-43-50-127Z,CANTABRIA,inmobiliariacantabria.com,wordpress_sitemap_rest_html,phase5_wordpress_html_jsonld,project_name,2,2,100,66,0,0,0,0,0,100,primary_candidate,Campo critico con cobertura y evidencia suficientes en la muestra.
webs_propias_phase7_2026-06-14T20-43-50-127Z,CANTABRIA,inmobiliariacantabria.com,wordpress_sitemap_rest_html,phase5_wordpress_html_jsonld,district,2,2,100,66,0,0,0,0,0,100,primary_candidate,Campo critico con cobertura y evidencia suficientes en la muestra.
webs_propias_phase7_2026-06-14T20-43-50-127Z,CANTABRIA,inmobiliariacantabria.com,wordpress_sitemap_rest_html,phase5_wordpress_html_jsonld,address,2,2,100,66,0,0,0,50,0,100,manual_review,Mismatch alto contra Nexo en registros comparables.
webs_propias_phase7_2026-06-14T20-43-50-127Z,CANTABRIA,inmobiliariacantabria.com,wordpress_sitemap_rest_html,phase5_wordpress_html_jsonld,typology,2,2,100,66,0,0,0,0,0,100,primary_candidate,Campo critico con cobertura y evidencia suficientes en la muestra.
webs_propias_phase7_2026-06-14T20-43-50-127Z,CANTABRIA,inmobiliariacantabria.com,wordpress_sitemap_rest_html,phase5_wordpress_html_jsonld,bedrooms,2,2,100,66,0,0,0,0,0,100,primary_candidate,Campo critico con cobertura y evidencia suficientes en la muestra.
webs_propias_phase7_2026-06-14T20-43-50-127Z,CANTABRIA,inmobiliariacantabria.com,wordpress_sitemap_rest_html,phase5_wordpress_html_jsonld,total_area,2,2,100,66,0,0,0,0,0,100,primary_candidate,Campo critico con cobertura y evidencia suficientes en la muestra.
webs_propias_phase7_2026-06-14T20-43-50-127Z,CANTABRIA,inmobiliariacantabria.com,wordpress_sitemap_rest_html,phase5_wordpress_html_jsonld,unit_status,2,2,100,33,0,0,0,0,0,100,primary_candidate,Campo critico con cobertura y evidencia suficientes en la muestra.
webs_propias_phase7_2026-06-14T20-43-50-127Z,CANTABRIA,inmobiliariacantabria.com,wordpress_sitemap_rest_html,phase5_wordpress_html_jsonld,unit_count,2,0,0,0,100,0,0,0,0,0,not_recommended,Campo no observado en la muestra Fase 5.
webs_propias_phase7_2026-06-14T20-43-50-127Z,CANTABRIA,inmobiliariacantabria.com,wordpress_sitemap_rest_html,phase5_wordpress_html_jsonld,list_price_avg,2,0,0,0,100,0,0,0,0,0,not_recommended,Campo no observado en la muestra Fase 5.
webs_propias_phase7_2026-06-14T20-43-50-127Z,CANTABRIA,inmobiliariacantabria.com,wordpress_sitemap_rest_html,phase5_wordpress_html_jsonld,currency,2,0,0,0,100,0,0,0,0,0,not_recommended,Campo no observado en la muestra Fase 5.
webs_propias_phase7_2026-06-14T20-43-50-127Z,CANTABRIA,inmobiliariacantabria.com,wordpress_sitemap_rest_html,phase5_wordpress_html_jsonld,delivery_year,2,2,100,66,0,0,0,0,0,100,primary_candidate,Campo critico con cobertura y evidencia suficientes en la muestra.
webs_propias_phase7_2026-06-14T20-43-50-127Z,CANTABRIA,inmobiliariacantabria.com,wordpress_sitemap_rest_html,phase5_wordpress_html_jsonld,delivery_date,2,2,100,66,0,0,0,0,0,100,primary_candidate,Campo critico con cobertura y evidencia suficientes en la muestra.
webs_propias_phase7_2026-06-14T20-43-50-127Z,CANTABRIA,inmobiliariacantabria.com,wordpress_sitemap_rest_html,phase5_wordpress_html_jsonld,description,2,0,0,0,100,0,0,0,0,0,not_recommended,Campo no observado en la muestra Fase 5.
webs_propias_phase7_2026-06-14T20-43-50-127Z,CANTABRIA,inmobiliariacantabria.com,wordpress_sitemap_rest_html,phase5_wordpress_html_jsonld,amenities,2,2,100,33,0,0,0,0,0,100,enrichment_only,"Campo util para enriquecimiento, no necesariamente fuente primaria."
webs_propias_phase7_2026-06-14T20-43-50-127Z,CANTABRIA,inmobiliariacantabria.com,wordpress_sitemap_rest_html,phase5_wordpress_html_jsonld,contact_name,2,0,0,0,100,0,0,0,0,0,not_recommended,Campo no observado en la muestra Fase 5.
webs_propias_phase7_2026-06-14T20-43-50-127Z,CANTABRIA,inmobiliariacantabria.com,wordpress_sitemap_rest_html,phase5_wordpress_html_jsonld,contact_phone,2,1,50,66,50,0,0,0,0,100,enrichment_only,"Campo util para enriquecimiento, no necesariamente fuente primaria."
webs_propias_phase7_2026-06-14T20-43-50-127Z,CANTABRIA,inmobiliariacantabria.com,wordpress_sitemap_rest_html,phase5_wordpress_html_jsonld,whatsapp,2,2,100,66,0,0,0,0,0,100,enrichment_only,"Campo util para enriquecimiento, no necesariamente fuente primaria."
webs_propias_phase7_2026-06-14T20-43-50-127Z,CANTABRIA,inmobiliariacantabria.com,wordpress_sitemap_rest_html,phase5_wordpress_html_jsonld,email,2,1,50,66,50,0,0,0,0,100,enrichment_only,"Campo util para enriquecimiento, no necesariamente fuente primaria."
webs_propias_phase7_2026-06-14T20-43-50-127Z,CANTABRIA,inmobiliariacantabria.com,wordpress_sitemap_rest_html,phase5_wordpress_html_jsonld,financing_banks,2,0,0,0,100,0,0,0,0,0,not_recommended,Campo no observado en la muestra Fase 5.
webs_propias_phase7_2026-06-14T20-43-50-127Z,CANTABRIA,inmobiliariacantabria.com,wordpress_sitemap_rest_html,phase5_wordpress_html_jsonld,latitude,2,0,0,0,100,0,0,100,0,0,not_recommended,Campo no observado en la muestra Fase 5.
webs_propias_phase7_2026-06-14T20-43-50-127Z,CANTABRIA,inmobiliariacantabria.com,wordpress_sitemap_rest_html,phase5_wordpress_html_jsonld,longitude,2,0,0,0,100,0,0,100,0,0,not_recommended,Campo no observado en la muestra Fase 5.
webs_propias_phase7_2026-06-14T20-43-50-127Z,FRONTERA,frontera.pe,wordpress_sitemap_rest_html,phase5_wordpress_html_jsonld,source_url,2,2,100,100,0,0,0,0,0,100,primary_candidate,Campo critico con cobertura y evidencia suficientes en la muestra.
webs_propias_phase7_2026-06-14T20-43-50-127Z,FRONTERA,frontera.pe,wordpress_sitemap_rest_html,phase5_wordpress_html_jsonld,agency_name,2,2,100,100,0,0,0,0,0,100,primary_candidate,Campo critico con cobertura y evidencia suficientes en la muestra.
webs_propias_phase7_2026-06-14T20-43-50-127Z,FRONTERA,frontera.pe,wordpress_sitemap_rest_html,phase5_wordpress_html_jsonld,project_name,2,2,100,66,0,0,0,0,0,100,primary_candidate,Campo critico con cobertura y evidencia suficientes en la muestra.
webs_propias_phase7_2026-06-14T20-43-50-127Z,FRONTERA,frontera.pe,wordpress_sitemap_rest_html,phase5_wordpress_html_jsonld,district,2,1,50,66,50,0,0,100,0,100,manual_review,Mismatch alto contra Nexo en registros comparables.
webs_propias_phase7_2026-06-14T20-43-50-127Z,FRONTERA,frontera.pe,wordpress_sitemap_rest_html,phase5_wordpress_html_jsonld,address,2,1,50,66,50,0,0,0,0,100,enrichment_only,"Campo util para enriquecimiento, no necesariamente fuente primaria."
webs_propias_phase7_2026-06-14T20-43-50-127Z,FRONTERA,frontera.pe,wordpress_sitemap_rest_html,phase5_wordpress_html_jsonld,typology,2,1,50,66,50,0,0,0,0,100,enrichment_only,"Campo util para enriquecimiento, no necesariamente fuente primaria."
webs_propias_phase7_2026-06-14T20-43-50-127Z,FRONTERA,frontera.pe,wordpress_sitemap_rest_html,phase5_wordpress_html_jsonld,bedrooms,2,0,0,0,100,0,0,0,0,0,not_recommended,Campo no observado en la muestra Fase 5.
webs_propias_phase7_2026-06-14T20-43-50-127Z,FRONTERA,frontera.pe,wordpress_sitemap_rest_html,phase5_wordpress_html_jsonld,total_area,2,1,50,66,50,0,0,0,0,100,enrichment_only,"Campo util para enriquecimiento, no necesariamente fuente primaria."
webs_propias_phase7_2026-06-14T20-43-50-127Z,FRONTERA,frontera.pe,wordpress_sitemap_rest_html,phase5_wordpress_html_jsonld,unit_status,2,2,100,33,0,0,0,0,0,100,primary_candidate,Campo critico con cobertura y evidencia suficientes en la muestra.
webs_propias_phase7_2026-06-14T20-43-50-127Z,FRONTERA,frontera.pe,wordpress_sitemap_rest_html,phase5_wordpress_html_jsonld,unit_count,2,0,0,0,100,0,0,0,0,0,not_recommended,Campo no observado en la muestra Fase 5.
webs_propias_phase7_2026-06-14T20-43-50-127Z,FRONTERA,frontera.pe,wordpress_sitemap_rest_html,phase5_wordpress_html_jsonld,list_price_avg,2,0,0,0,100,0,0,0,0,0,not_recommended,Campo no observado en la muestra Fase 5.
webs_propias_phase7_2026-06-14T20-43-50-127Z,FRONTERA,frontera.pe,wordpress_sitemap_rest_html,phase5_wordpress_html_jsonld,currency,2,0,0,0,100,0,0,0,0,0,not_recommended,Campo no observado en la muestra Fase 5.
webs_propias_phase7_2026-06-14T20-43-50-127Z,FRONTERA,frontera.pe,wordpress_sitemap_rest_html,phase5_wordpress_html_jsonld,delivery_year,2,0,0,0,100,0,0,0,0,0,not_recommended,Campo no observado en la muestra Fase 5.
webs_propias_phase7_2026-06-14T20-43-50-127Z,FRONTERA,frontera.pe,wordpress_sitemap_rest_html,phase5_wordpress_html_jsonld,delivery_date,2,0,0,0,100,0,0,0,0,0,not_recommended,Campo no observado en la muestra Fase 5.
webs_propias_phase7_2026-06-14T20-43-50-127Z,FRONTERA,frontera.pe,wordpress_sitemap_rest_html,phase5_wordpress_html_jsonld,description,2,2,100,66,0,0,0,0,0,100,enrichment_only,"Campo util para enriquecimiento, no necesariamente fuente primaria."
webs_propias_phase7_2026-06-14T20-43-50-127Z,FRONTERA,frontera.pe,wordpress_sitemap_rest_html,phase5_wordpress_html_jsonld,amenities,2,1,50,33,50,0,0,0,0,100,enrichment_only,"Campo util para enriquecimiento, no necesariamente fuente primaria."
webs_propias_phase7_2026-06-14T20-43-50-127Z,FRONTERA,frontera.pe,wordpress_sitemap_rest_html,phase5_wordpress_html_jsonld,contact_name,2,0,0,0,100,0,0,0,0,0,not_recommended,Campo no observado en la muestra Fase 5.
webs_propias_phase7_2026-06-14T20-43-50-127Z,FRONTERA,frontera.pe,wordpress_sitemap_rest_html,phase5_wordpress_html_jsonld,contact_phone,2,2,100,66,0,0,0,0,0,100,enrichment_only,"Campo util para enriquecimiento, no necesariamente fuente primaria."
webs_propias_phase7_2026-06-14T20-43-50-127Z,FRONTERA,frontera.pe,wordpress_sitemap_rest_html,phase5_wordpress_html_jsonld,whatsapp,2,1,50,66,50,0,0,0,0,100,enrichment_only,"Campo util para enriquecimiento, no necesariamente fuente primaria."
webs_propias_phase7_2026-06-14T20-43-50-127Z,FRONTERA,frontera.pe,wordpress_sitemap_rest_html,phase5_wordpress_html_jsonld,email,2,2,100,66,0,0,0,0,0,100,enrichment_only,"Campo util para enriquecimiento, no necesariamente fuente primaria."
webs_propias_phase7_2026-06-14T20-43-50-127Z,FRONTERA,frontera.pe,wordpress_sitemap_rest_html,phase5_wordpress_html_jsonld,financing_banks,2,0,0,0,100,0,0,0,0,0,not_recommended,Campo no observado en la muestra Fase 5.
webs_propias_phase7_2026-06-14T20-43-50-127Z,FRONTERA,frontera.pe,wordpress_sitemap_rest_html,phase5_wordpress_html_jsonld,latitude,2,0,0,0,100,0,0,100,0,0,not_recommended,Campo no observado en la muestra Fase 5.
webs_propias_phase7_2026-06-14T20-43-50-127Z,FRONTERA,frontera.pe,wordpress_sitemap_rest_html,phase5_wordpress_html_jsonld,longitude,2,0,0,0,100,0,0,100,0,0,not_recommended,Campo no observado en la muestra Fase 5.
webs_propias_phase7_2026-06-14T20-43-50-127Z,SEMBRA INMOBILIARIA,sembra.pe,wordpress_sitemap_rest_html,phase5_wordpress_html_jsonld,source_url,2,2,100,100,0,0,0,0,0,100,primary_candidate,Campo critico con cobertura y evidencia suficientes en la muestra.
webs_propias_phase7_2026-06-14T20-43-50-127Z,SEMBRA INMOBILIARIA,sembra.pe,wordpress_sitemap_rest_html,phase5_wordpress_html_jsonld,agency_name,2,2,100,100,0,0,0,0,0,100,primary_candidate,Campo critico con cobertura y evidencia suficientes en la muestra.
webs_propias_phase7_2026-06-14T20-43-50-127Z,SEMBRA INMOBILIARIA,sembra.pe,wordpress_sitemap_rest_html,phase5_wordpress_html_jsonld,project_name,2,2,100,66,0,0,0,0,0,100,primary_candidate,Campo critico con cobertura y evidencia suficientes en la muestra.
webs_propias_phase7_2026-06-14T20-43-50-127Z,SEMBRA INMOBILIARIA,sembra.pe,wordpress_sitemap_rest_html,phase5_wordpress_html_jsonld,district,2,2,100,66,0,0,0,0,0,100,primary_candidate,Campo critico con cobertura y evidencia suficientes en la muestra.
webs_propias_phase7_2026-06-14T20-43-50-127Z,SEMBRA INMOBILIARIA,sembra.pe,wordpress_sitemap_rest_html,phase5_wordpress_html_jsonld,address,2,2,100,66,0,0,0,0,0,100,primary_candidate,Campo critico con cobertura y evidencia suficientes en la muestra.
webs_propias_phase7_2026-06-14T20-43-50-127Z,SEMBRA INMOBILIARIA,sembra.pe,wordpress_sitemap_rest_html,phase5_wordpress_html_jsonld,typology,2,2,100,66,0,0,0,0,0,100,primary_candidate,Campo critico con cobertura y evidencia suficientes en la muestra.
webs_propias_phase7_2026-06-14T20-43-50-127Z,SEMBRA INMOBILIARIA,sembra.pe,wordpress_sitemap_rest_html,phase5_wordpress_html_jsonld,bedrooms,2,0,0,0,100,0,0,0,0,0,not_recommended,Campo no observado en la muestra Fase 5.
webs_propias_phase7_2026-06-14T20-43-50-127Z,SEMBRA INMOBILIARIA,sembra.pe,wordpress_sitemap_rest_html,phase5_wordpress_html_jsonld,total_area,2,2,100,66,0,0,0,0,0,100,primary_candidate,Campo critico con cobertura y evidencia suficientes en la muestra.
webs_propias_phase7_2026-06-14T20-43-50-127Z,SEMBRA INMOBILIARIA,sembra.pe,wordpress_sitemap_rest_html,phase5_wordpress_html_jsonld,unit_status,2,2,100,33,0,0,0,0,0,100,primary_candidate,Campo critico con cobertura y evidencia suficientes en la muestra.
webs_propias_phase7_2026-06-14T20-43-50-127Z,SEMBRA INMOBILIARIA,sembra.pe,wordpress_sitemap_rest_html,phase5_wordpress_html_jsonld,unit_count,2,0,0,0,100,0,0,0,0,0,not_recommended,Campo no observado en la muestra Fase 5.
webs_propias_phase7_2026-06-14T20-43-50-127Z,SEMBRA INMOBILIARIA,sembra.pe,wordpress_sitemap_rest_html,phase5_wordpress_html_jsonld,list_price_avg,2,0,0,0,100,0,0,0,0,0,not_recommended,Campo no observado en la muestra Fase 5.
webs_propias_phase7_2026-06-14T20-43-50-127Z,SEMBRA INMOBILIARIA,sembra.pe,wordpress_sitemap_rest_html,phase5_wordpress_html_jsonld,currency,2,0,0,0,100,0,0,0,0,0,not_recommended,Campo no observado en la muestra Fase 5.
webs_propias_phase7_2026-06-14T20-43-50-127Z,SEMBRA INMOBILIARIA,sembra.pe,wordpress_sitemap_rest_html,phase5_wordpress_html_jsonld,delivery_year,2,0,0,0,100,0,0,0,0,0,not_recommended,Campo no observado en la muestra Fase 5.
webs_propias_phase7_2026-06-14T20-43-50-127Z,SEMBRA INMOBILIARIA,sembra.pe,wordpress_sitemap_rest_html,phase5_wordpress_html_jsonld,delivery_date,2,0,0,0,100,0,0,0,0,0,not_recommended,Campo no observado en la muestra Fase 5.
webs_propias_phase7_2026-06-14T20-43-50-127Z,SEMBRA INMOBILIARIA,sembra.pe,wordpress_sitemap_rest_html,phase5_wordpress_html_jsonld,description,2,0,0,0,100,0,0,0,0,0,not_recommended,Campo no observado en la muestra Fase 5.
webs_propias_phase7_2026-06-14T20-43-50-127Z,SEMBRA INMOBILIARIA,sembra.pe,wordpress_sitemap_rest_html,phase5_wordpress_html_jsonld,amenities,2,0,0,0,100,0,0,0,0,0,not_recommended,Campo no observado en la muestra Fase 5.
webs_propias_phase7_2026-06-14T20-43-50-127Z,SEMBRA INMOBILIARIA,sembra.pe,wordpress_sitemap_rest_html,phase5_wordpress_html_jsonld,contact_name,2,0,0,0,100,0,0,0,0,0,not_recommended,Campo no observado en la muestra Fase 5.
webs_propias_phase7_2026-06-14T20-43-50-127Z,SEMBRA INMOBILIARIA,sembra.pe,wordpress_sitemap_rest_html,phase5_wordpress_html_jsonld,contact_phone,2,2,100,66,0,0,0,0,0,100,enrichment_only,"Campo util para enriquecimiento, no necesariamente fuente primaria."
webs_propias_phase7_2026-06-14T20-43-50-127Z,SEMBRA INMOBILIARIA,sembra.pe,wordpress_sitemap_rest_html,phase5_wordpress_html_jsonld,whatsapp,2,0,0,0,100,0,0,0,0,0,not_recommended,Campo no observado en la muestra Fase 5.
webs_propias_phase7_2026-06-14T20-43-50-127Z,SEMBRA INMOBILIARIA,sembra.pe,wordpress_sitemap_rest_html,phase5_wordpress_html_jsonld,email,2,2,100,66,0,0,0,0,0,100,enrichment_only,"Campo util para enriquecimiento, no necesariamente fuente primaria."
webs_propias_phase7_2026-06-14T20-43-50-127Z,SEMBRA INMOBILIARIA,sembra.pe,wordpress_sitemap_rest_html,phase5_wordpress_html_jsonld,financing_banks,2,0,0,0,100,0,0,0,0,0,not_recommended,Campo no observado en la muestra Fase 5.
webs_propias_phase7_2026-06-14T20-43-50-127Z,SEMBRA INMOBILIARIA,sembra.pe,wordpress_sitemap_rest_html,phase5_wordpress_html_jsonld,latitude,2,0,0,0,100,0,0,0,0,0,not_recommended,Campo no observado en la muestra Fase 5.
webs_propias_phase7_2026-06-14T20-43-50-127Z,SEMBRA INMOBILIARIA,sembra.pe,wordpress_sitemap_rest_html,phase5_wordpress_html_jsonld,longitude,2,0,0,0,100,0,0,0,0,0,not_recommended,Campo no observado en la muestra Fase 5.
webs_propias_phase7_2026-06-14T20-43-50-127Z,TORATTO GRUPO INMOBILIARIO,grupotoratto.com,wordpress_sitemap_rest_html,phase5_wordpress_html_jsonld,source_url,2,2,100,100,0,0,0,0,0,100,primary_candidate,Campo critico con cobertura y evidencia suficientes en la muestra.
webs_propias_phase7_2026-06-14T20-43-50-127Z,TORATTO GRUPO INMOBILIARIO,grupotoratto.com,wordpress_sitemap_rest_html,phase5_wordpress_html_jsonld,agency_name,2,2,100,100,0,0,0,0,0,100,primary_candidate,Campo critico con cobertura y evidencia suficientes en la muestra.
webs_propias_phase7_2026-06-14T20-43-50-127Z,TORATTO GRUPO INMOBILIARIO,grupotoratto.com,wordpress_sitemap_rest_html,phase5_wordpress_html_jsonld,project_name,2,2,100,66,0,0,0,0,0,100,primary_candidate,Campo critico con cobertura y evidencia suficientes en la muestra.
webs_propias_phase7_2026-06-14T20-43-50-127Z,TORATTO GRUPO INMOBILIARIO,grupotoratto.com,wordpress_sitemap_rest_html,phase5_wordpress_html_jsonld,district,2,2,100,66,0,0,0,0,0,100,primary_candidate,Campo critico con cobertura y evidencia suficientes en la muestra.
webs_propias_phase7_2026-06-14T20-43-50-127Z,TORATTO GRUPO INMOBILIARIO,grupotoratto.com,wordpress_sitemap_rest_html,phase5_wordpress_html_jsonld,address,2,2,100,66,0,0,0,50,0,100,manual_review,Mismatch alto contra Nexo en registros comparables.
webs_propias_phase7_2026-06-14T20-43-50-127Z,TORATTO GRUPO INMOBILIARIO,grupotoratto.com,wordpress_sitemap_rest_html,phase5_wordpress_html_jsonld,typology,2,2,100,66,0,0,0,0,0,100,primary_candidate,Campo critico con cobertura y evidencia suficientes en la muestra.
webs_propias_phase7_2026-06-14T20-43-50-127Z,TORATTO GRUPO INMOBILIARIO,grupotoratto.com,wordpress_sitemap_rest_html,phase5_wordpress_html_jsonld,bedrooms,2,2,100,66,0,0,0,0,0,100,primary_candidate,Campo critico con cobertura y evidencia suficientes en la muestra.
webs_propias_phase7_2026-06-14T20-43-50-127Z,TORATTO GRUPO INMOBILIARIO,grupotoratto.com,wordpress_sitemap_rest_html,phase5_wordpress_html_jsonld,total_area,2,2,100,66,0,0,0,0,0,100,primary_candidate,Campo critico con cobertura y evidencia suficientes en la muestra.
webs_propias_phase7_2026-06-14T20-43-50-127Z,TORATTO GRUPO INMOBILIARIO,grupotoratto.com,wordpress_sitemap_rest_html,phase5_wordpress_html_jsonld,unit_status,2,2,100,33,0,0,0,0,0,100,primary_candidate,Campo critico con cobertura y evidencia suficientes en la muestra.
webs_propias_phase7_2026-06-14T20-43-50-127Z,TORATTO GRUPO INMOBILIARIO,grupotoratto.com,wordpress_sitemap_rest_html,phase5_wordpress_html_jsonld,unit_count,2,2,100,33,0,0,0,0,0,100,primary_candidate,Campo critico con cobertura y evidencia suficientes en la muestra.
webs_propias_phase7_2026-06-14T20-43-50-127Z,TORATTO GRUPO INMOBILIARIO,grupotoratto.com,wordpress_sitemap_rest_html,phase5_wordpress_html_jsonld,list_price_avg,2,0,0,0,100,0,0,0,0,0,not_recommended,Campo no observado en la muestra Fase 5.
webs_propias_phase7_2026-06-14T20-43-50-127Z,TORATTO GRUPO INMOBILIARIO,grupotoratto.com,wordpress_sitemap_rest_html,phase5_wordpress_html_jsonld,currency,2,0,0,0,100,0,0,0,0,0,not_recommended,Campo no observado en la muestra Fase 5.
webs_propias_phase7_2026-06-14T20-43-50-127Z,TORATTO GRUPO INMOBILIARIO,grupotoratto.com,wordpress_sitemap_rest_html,phase5_wordpress_html_jsonld,delivery_year,2,0,0,0,100,0,0,0,0,0,not_recommended,Campo no observado en la muestra Fase 5.
webs_propias_phase7_2026-06-14T20-43-50-127Z,TORATTO GRUPO INMOBILIARIO,grupotoratto.com,wordpress_sitemap_rest_html,phase5_wordpress_html_jsonld,delivery_date,2,0,0,0,100,0,0,0,0,0,not_recommended,Campo no observado en la muestra Fase 5.
webs_propias_phase7_2026-06-14T20-43-50-127Z,TORATTO GRUPO INMOBILIARIO,grupotoratto.com,wordpress_sitemap_rest_html,phase5_wordpress_html_jsonld,description,2,2,100,66,0,0,0,0,0,100,enrichment_only,"Campo util para enriquecimiento, no necesariamente fuente primaria."
webs_propias_phase7_2026-06-14T20-43-50-127Z,TORATTO GRUPO INMOBILIARIO,grupotoratto.com,wordpress_sitemap_rest_html,phase5_wordpress_html_jsonld,amenities,2,2,100,33,0,0,0,0,0,100,enrichment_only,"Campo util para enriquecimiento, no necesariamente fuente primaria."
webs_propias_phase7_2026-06-14T20-43-50-127Z,TORATTO GRUPO INMOBILIARIO,grupotoratto.com,wordpress_sitemap_rest_html,phase5_wordpress_html_jsonld,contact_name,2,0,0,0,100,0,0,0,0,0,not_recommended,Campo no observado en la muestra Fase 5.
webs_propias_phase7_2026-06-14T20-43-50-127Z,TORATTO GRUPO INMOBILIARIO,grupotoratto.com,wordpress_sitemap_rest_html,phase5_wordpress_html_jsonld,contact_phone,2,2,100,66,0,0,0,0,0,100,enrichment_only,"Campo util para enriquecimiento, no necesariamente fuente primaria."
webs_propias_phase7_2026-06-14T20-43-50-127Z,TORATTO GRUPO INMOBILIARIO,grupotoratto.com,wordpress_sitemap_rest_html,phase5_wordpress_html_jsonld,whatsapp,2,2,100,66,0,0,0,0,0,100,enrichment_only,"Campo util para enriquecimiento, no necesariamente fuente primaria."
webs_propias_phase7_2026-06-14T20-43-50-127Z,TORATTO GRUPO INMOBILIARIO,grupotoratto.com,wordpress_sitemap_rest_html,phase5_wordpress_html_jsonld,email,2,2,100,66,0,0,0,0,0,100,enrichment_only,"Campo util para enriquecimiento, no necesariamente fuente primaria."
webs_propias_phase7_2026-06-14T20-43-50-127Z,TORATTO GRUPO INMOBILIARIO,grupotoratto.com,wordpress_sitemap_rest_html,phase5_wordpress_html_jsonld,financing_banks,2,0,0,0,100,0,0,0,0,0,not_recommended,Campo no observado en la muestra Fase 5.
webs_propias_phase7_2026-06-14T20-43-50-127Z,TORATTO GRUPO INMOBILIARIO,grupotoratto.com,wordpress_sitemap_rest_html,phase5_wordpress_html_jsonld,latitude,2,0,0,0,100,0,0,100,0,0,not_recommended,Campo no observado en la muestra Fase 5.
webs_propias_phase7_2026-06-14T20-43-50-127Z,TORATTO GRUPO INMOBILIARIO,grupotoratto.com,wordpress_sitemap_rest_html,phase5_wordpress_html_jsonld,longitude,2,0,0,0,100,0,0,100,0,0,not_recommended,Campo no observado en la muestra Fase 5.
webs_propias_phase7_2026-06-14T20-43-50-127Z,VITAIN,vitain.pe,wordpress_sitemap_rest_html,phase5_wordpress_html_jsonld,source_url,2,2,100,100,0,0,0,0,0,100,primary_candidate,Campo critico con cobertura y evidencia suficientes en la muestra.
webs_propias_phase7_2026-06-14T20-43-50-127Z,VITAIN,vitain.pe,wordpress_sitemap_rest_html,phase5_wordpress_html_jsonld,agency_name,2,2,100,100,0,0,0,0,0,100,primary_candidate,Campo critico con cobertura y evidencia suficientes en la muestra.
webs_propias_phase7_2026-06-14T20-43-50-127Z,VITAIN,vitain.pe,wordpress_sitemap_rest_html,phase5_wordpress_html_jsonld,project_name,2,2,100,66,0,0,0,50,0,100,manual_review,Mismatch alto contra Nexo en registros comparables.
webs_propias_phase7_2026-06-14T20-43-50-127Z,VITAIN,vitain.pe,wordpress_sitemap_rest_html,phase5_wordpress_html_jsonld,district,2,2,100,66,0,0,0,50,0,100,manual_review,Mismatch alto contra Nexo en registros comparables.
webs_propias_phase7_2026-06-14T20-43-50-127Z,VITAIN,vitain.pe,wordpress_sitemap_rest_html,phase5_wordpress_html_jsonld,address,2,2,100,66,0,0,0,50,0,100,manual_review,Mismatch alto contra Nexo en registros comparables.
webs_propias_phase7_2026-06-14T20-43-50-127Z,VITAIN,vitain.pe,wordpress_sitemap_rest_html,phase5_wordpress_html_jsonld,typology,2,2,100,66,0,0,0,0,0,100,primary_candidate,Campo critico con cobertura y evidencia suficientes en la muestra.
webs_propias_phase7_2026-06-14T20-43-50-127Z,VITAIN,vitain.pe,wordpress_sitemap_rest_html,phase5_wordpress_html_jsonld,bedrooms,2,2,100,66,0,0,0,0,0,100,primary_candidate,Campo critico con cobertura y evidencia suficientes en la muestra.
webs_propias_phase7_2026-06-14T20-43-50-127Z,VITAIN,vitain.pe,wordpress_sitemap_rest_html,phase5_wordpress_html_jsonld,total_area,2,2,100,66,0,0,0,0,0,100,primary_candidate,Campo critico con cobertura y evidencia suficientes en la muestra.
webs_propias_phase7_2026-06-14T20-43-50-127Z,VITAIN,vitain.pe,wordpress_sitemap_rest_html,phase5_wordpress_html_jsonld,unit_status,2,1,50,33,50,0,0,0,0,100,enrichment_only,"Campo util para enriquecimiento, no necesariamente fuente primaria."
webs_propias_phase7_2026-06-14T20-43-50-127Z,VITAIN,vitain.pe,wordpress_sitemap_rest_html,phase5_wordpress_html_jsonld,unit_count,2,0,0,0,100,0,0,0,0,0,not_recommended,Campo no observado en la muestra Fase 5.
webs_propias_phase7_2026-06-14T20-43-50-127Z,VITAIN,vitain.pe,wordpress_sitemap_rest_html,phase5_wordpress_html_jsonld,list_price_avg,2,0,0,0,100,0,0,0,0,0,not_recommended,Campo no observado en la muestra Fase 5.
webs_propias_phase7_2026-06-14T20-43-50-127Z,VITAIN,vitain.pe,wordpress_sitemap_rest_html,phase5_wordpress_html_jsonld,currency,2,0,0,0,100,0,0,0,0,0,not_recommended,Campo no observado en la muestra Fase 5.
webs_propias_phase7_2026-06-14T20-43-50-127Z,VITAIN,vitain.pe,wordpress_sitemap_rest_html,phase5_wordpress_html_jsonld,delivery_year,2,0,0,0,100,0,0,0,0,0,not_recommended,Campo no observado en la muestra Fase 5.
webs_propias_phase7_2026-06-14T20-43-50-127Z,VITAIN,vitain.pe,wordpress_sitemap_rest_html,phase5_wordpress_html_jsonld,delivery_date,2,0,0,0,100,0,0,0,0,0,not_recommended,Campo no observado en la muestra Fase 5.
webs_propias_phase7_2026-06-14T20-43-50-127Z,VITAIN,vitain.pe,wordpress_sitemap_rest_html,phase5_wordpress_html_jsonld,description,2,1,50,66,50,0,0,0,0,100,enrichment_only,"Campo util para enriquecimiento, no necesariamente fuente primaria."
webs_propias_phase7_2026-06-14T20-43-50-127Z,VITAIN,vitain.pe,wordpress_sitemap_rest_html,phase5_wordpress_html_jsonld,amenities,2,1,50,33,50,0,0,0,0,100,enrichment_only,"Campo util para enriquecimiento, no necesariamente fuente primaria."
webs_propias_phase7_2026-06-14T20-43-50-127Z,VITAIN,vitain.pe,wordpress_sitemap_rest_html,phase5_wordpress_html_jsonld,contact_name,2,0,0,0,100,0,0,0,0,0,not_recommended,Campo no observado en la muestra Fase 5.
webs_propias_phase7_2026-06-14T20-43-50-127Z,VITAIN,vitain.pe,wordpress_sitemap_rest_html,phase5_wordpress_html_jsonld,contact_phone,2,2,100,66,0,0,0,0,0,100,enrichment_only,"Campo util para enriquecimiento, no necesariamente fuente primaria."
webs_propias_phase7_2026-06-14T20-43-50-127Z,VITAIN,vitain.pe,wordpress_sitemap_rest_html,phase5_wordpress_html_jsonld,whatsapp,2,0,0,0,100,0,0,0,0,0,not_recommended,Campo no observado en la muestra Fase 5.
webs_propias_phase7_2026-06-14T20-43-50-127Z,VITAIN,vitain.pe,wordpress_sitemap_rest_html,phase5_wordpress_html_jsonld,email,2,2,100,66,0,0,0,0,0,100,enrichment_only,"Campo util para enriquecimiento, no necesariamente fuente primaria."
webs_propias_phase7_2026-06-14T20-43-50-127Z,VITAIN,vitain.pe,wordpress_sitemap_rest_html,phase5_wordpress_html_jsonld,financing_banks,2,0,0,0,100,0,0,0,0,0,not_recommended,Campo no observado en la muestra Fase 5.
webs_propias_phase7_2026-06-14T20-43-50-127Z,VITAIN,vitain.pe,wordpress_sitemap_rest_html,phase5_wordpress_html_jsonld,latitude,2,0,0,0,100,0,0,100,0,0,not_recommended,Campo no observado en la muestra Fase 5.
webs_propias_phase7_2026-06-14T20-43-50-127Z,VITAIN,vitain.pe,wordpress_sitemap_rest_html,phase5_wordpress_html_jsonld,longitude,2,0,0,0,100,0,0,100,0,0,not_recommended,Campo no observado en la muestra Fase 5.
webs_propias_phase7_2026-06-14T20-43-50-127Z,VIENNA GRUPO INMOBILIARIO,vienna.pe,wordpress_sitemap_rest_html,phase5_wordpress_html_jsonld,source_url,2,2,100,100,0,0,0,0,0,100,primary_candidate,Campo critico con cobertura y evidencia suficientes en la muestra.
webs_propias_phase7_2026-06-14T20-43-50-127Z,VIENNA GRUPO INMOBILIARIO,vienna.pe,wordpress_sitemap_rest_html,phase5_wordpress_html_jsonld,agency_name,2,2,100,100,0,0,0,0,0,100,primary_candidate,Campo critico con cobertura y evidencia suficientes en la muestra.
webs_propias_phase7_2026-06-14T20-43-50-127Z,VIENNA GRUPO INMOBILIARIO,vienna.pe,wordpress_sitemap_rest_html,phase5_wordpress_html_jsonld,project_name,2,2,100,66,0,0,0,0,0,100,primary_candidate,Campo critico con cobertura y evidencia suficientes en la muestra.
webs_propias_phase7_2026-06-14T20-43-50-127Z,VIENNA GRUPO INMOBILIARIO,vienna.pe,wordpress_sitemap_rest_html,phase5_wordpress_html_jsonld,district,2,1,50,66,50,0,0,0,0,100,enrichment_only,"Campo util para enriquecimiento, no necesariamente fuente primaria."
webs_propias_phase7_2026-06-14T20-43-50-127Z,VIENNA GRUPO INMOBILIARIO,vienna.pe,wordpress_sitemap_rest_html,phase5_wordpress_html_jsonld,address,2,1,50,66,50,0,0,0,0,100,enrichment_only,"Campo util para enriquecimiento, no necesariamente fuente primaria."
webs_propias_phase7_2026-06-14T20-43-50-127Z,VIENNA GRUPO INMOBILIARIO,vienna.pe,wordpress_sitemap_rest_html,phase5_wordpress_html_jsonld,typology,2,2,100,66,0,0,0,0,0,100,primary_candidate,Campo critico con cobertura y evidencia suficientes en la muestra.
webs_propias_phase7_2026-06-14T20-43-50-127Z,VIENNA GRUPO INMOBILIARIO,vienna.pe,wordpress_sitemap_rest_html,phase5_wordpress_html_jsonld,bedrooms,2,0,0,0,100,0,0,0,0,0,not_recommended,Campo no observado en la muestra Fase 5.
webs_propias_phase7_2026-06-14T20-43-50-127Z,VIENNA GRUPO INMOBILIARIO,vienna.pe,wordpress_sitemap_rest_html,phase5_wordpress_html_jsonld,total_area,2,1,50,66,50,0,0,0,0,100,enrichment_only,"Campo util para enriquecimiento, no necesariamente fuente primaria."
webs_propias_phase7_2026-06-14T20-43-50-127Z,VIENNA GRUPO INMOBILIARIO,vienna.pe,wordpress_sitemap_rest_html,phase5_wordpress_html_jsonld,unit_status,2,2,100,33,0,0,0,0,0,100,primary_candidate,Campo critico con cobertura y evidencia suficientes en la muestra.
webs_propias_phase7_2026-06-14T20-43-50-127Z,VIENNA GRUPO INMOBILIARIO,vienna.pe,wordpress_sitemap_rest_html,phase5_wordpress_html_jsonld,unit_count,2,0,0,0,100,0,0,0,0,0,not_recommended,Campo no observado en la muestra Fase 5.
webs_propias_phase7_2026-06-14T20-43-50-127Z,VIENNA GRUPO INMOBILIARIO,vienna.pe,wordpress_sitemap_rest_html,phase5_wordpress_html_jsonld,list_price_avg,2,0,0,0,100,0,0,0,0,0,not_recommended,Campo no observado en la muestra Fase 5.
webs_propias_phase7_2026-06-14T20-43-50-127Z,VIENNA GRUPO INMOBILIARIO,vienna.pe,wordpress_sitemap_rest_html,phase5_wordpress_html_jsonld,currency,2,0,0,0,100,0,0,0,0,0,not_recommended,Campo no observado en la muestra Fase 5.
webs_propias_phase7_2026-06-14T20-43-50-127Z,VIENNA GRUPO INMOBILIARIO,vienna.pe,wordpress_sitemap_rest_html,phase5_wordpress_html_jsonld,delivery_year,2,2,100,66,0,0,0,0,0,100,primary_candidate,Campo critico con cobertura y evidencia suficientes en la muestra.
webs_propias_phase7_2026-06-14T20-43-50-127Z,VIENNA GRUPO INMOBILIARIO,vienna.pe,wordpress_sitemap_rest_html,phase5_wordpress_html_jsonld,delivery_date,2,2,100,66,0,0,0,0,0,100,primary_candidate,Campo critico con cobertura y evidencia suficientes en la muestra.
webs_propias_phase7_2026-06-14T20-43-50-127Z,VIENNA GRUPO INMOBILIARIO,vienna.pe,wordpress_sitemap_rest_html,phase5_wordpress_html_jsonld,description,2,0,0,0,100,0,0,0,0,0,not_recommended,Campo no observado en la muestra Fase 5.
webs_propias_phase7_2026-06-14T20-43-50-127Z,VIENNA GRUPO INMOBILIARIO,vienna.pe,wordpress_sitemap_rest_html,phase5_wordpress_html_jsonld,amenities,2,1,50,33,50,0,0,0,0,100,enrichment_only,"Campo util para enriquecimiento, no necesariamente fuente primaria."
webs_propias_phase7_2026-06-14T20-43-50-127Z,VIENNA GRUPO INMOBILIARIO,vienna.pe,wordpress_sitemap_rest_html,phase5_wordpress_html_jsonld,contact_name,2,0,0,0,100,0,0,0,0,0,not_recommended,Campo no observado en la muestra Fase 5.
webs_propias_phase7_2026-06-14T20-43-50-127Z,VIENNA GRUPO INMOBILIARIO,vienna.pe,wordpress_sitemap_rest_html,phase5_wordpress_html_jsonld,contact_phone,2,1,50,66,50,0,0,0,0,100,enrichment_only,"Campo util para enriquecimiento, no necesariamente fuente primaria."
webs_propias_phase7_2026-06-14T20-43-50-127Z,VIENNA GRUPO INMOBILIARIO,vienna.pe,wordpress_sitemap_rest_html,phase5_wordpress_html_jsonld,whatsapp,2,1,50,66,50,0,0,0,0,100,enrichment_only,"Campo util para enriquecimiento, no necesariamente fuente primaria."
webs_propias_phase7_2026-06-14T20-43-50-127Z,VIENNA GRUPO INMOBILIARIO,vienna.pe,wordpress_sitemap_rest_html,phase5_wordpress_html_jsonld,email,2,2,100,66,0,0,0,0,0,100,enrichment_only,"Campo util para enriquecimiento, no necesariamente fuente primaria."
webs_propias_phase7_2026-06-14T20-43-50-127Z,VIENNA GRUPO INMOBILIARIO,vienna.pe,wordpress_sitemap_rest_html,phase5_wordpress_html_jsonld,financing_banks,2,0,0,0,100,0,0,0,0,0,not_recommended,Campo no observado en la muestra Fase 5.
webs_propias_phase7_2026-06-14T20-43-50-127Z,VIENNA GRUPO INMOBILIARIO,vienna.pe,wordpress_sitemap_rest_html,phase5_wordpress_html_jsonld,latitude,2,0,0,0,100,0,0,100,0,0,not_recommended,Campo no observado en la muestra Fase 5.
webs_propias_phase7_2026-06-14T20-43-50-127Z,VIENNA GRUPO INMOBILIARIO,vienna.pe,wordpress_sitemap_rest_html,phase5_wordpress_html_jsonld,longitude,2,0,0,0,100,0,0,100,0,0,not_recommended,Campo no observado en la muestra Fase 5.
webs_propias_phase7_2026-06-14T20-43-50-127Z,MS INMOBILIARIA,msinmobiliaria.pe,wordpress_sitemap_rest_html,phase5_wordpress_html_jsonld,source_url,2,2,100,100,0,0,0,0,0,100,primary_candidate,Campo critico con cobertura y evidencia suficientes en la muestra.
webs_propias_phase7_2026-06-14T20-43-50-127Z,MS INMOBILIARIA,msinmobiliaria.pe,wordpress_sitemap_rest_html,phase5_wordpress_html_jsonld,agency_name,2,2,100,100,0,0,0,0,0,100,primary_candidate,Campo critico con cobertura y evidencia suficientes en la muestra.
webs_propias_phase7_2026-06-14T20-43-50-127Z,MS INMOBILIARIA,msinmobiliaria.pe,wordpress_sitemap_rest_html,phase5_wordpress_html_jsonld,project_name,2,2,100,66,0,0,0,0,0,100,primary_candidate,Campo critico con cobertura y evidencia suficientes en la muestra.
webs_propias_phase7_2026-06-14T20-43-50-127Z,MS INMOBILIARIA,msinmobiliaria.pe,wordpress_sitemap_rest_html,phase5_wordpress_html_jsonld,district,2,2,100,66,0,0,0,100,0,100,manual_review,Mismatch alto contra Nexo en registros comparables.
webs_propias_phase7_2026-06-14T20-43-50-127Z,MS INMOBILIARIA,msinmobiliaria.pe,wordpress_sitemap_rest_html,phase5_wordpress_html_jsonld,address,2,2,100,66,0,0,0,0,0,100,primary_candidate,Campo critico con cobertura y evidencia suficientes en la muestra.
webs_propias_phase7_2026-06-14T20-43-50-127Z,MS INMOBILIARIA,msinmobiliaria.pe,wordpress_sitemap_rest_html,phase5_wordpress_html_jsonld,typology,2,2,100,66,0,0,0,0,0,100,primary_candidate,Campo critico con cobertura y evidencia suficientes en la muestra.
webs_propias_phase7_2026-06-14T20-43-50-127Z,MS INMOBILIARIA,msinmobiliaria.pe,wordpress_sitemap_rest_html,phase5_wordpress_html_jsonld,bedrooms,2,2,100,66,0,0,0,0,0,100,primary_candidate,Campo critico con cobertura y evidencia suficientes en la muestra.
webs_propias_phase7_2026-06-14T20-43-50-127Z,MS INMOBILIARIA,msinmobiliaria.pe,wordpress_sitemap_rest_html,phase5_wordpress_html_jsonld,total_area,2,2,100,66,0,0,0,0,0,100,primary_candidate,Campo critico con cobertura y evidencia suficientes en la muestra.
webs_propias_phase7_2026-06-14T20-43-50-127Z,MS INMOBILIARIA,msinmobiliaria.pe,wordpress_sitemap_rest_html,phase5_wordpress_html_jsonld,unit_status,2,1,50,33,50,0,0,0,0,100,enrichment_only,"Campo util para enriquecimiento, no necesariamente fuente primaria."
webs_propias_phase7_2026-06-14T20-43-50-127Z,MS INMOBILIARIA,msinmobiliaria.pe,wordpress_sitemap_rest_html,phase5_wordpress_html_jsonld,unit_count,2,0,0,0,100,0,0,0,0,0,not_recommended,Campo no observado en la muestra Fase 5.
webs_propias_phase7_2026-06-14T20-43-50-127Z,MS INMOBILIARIA,msinmobiliaria.pe,wordpress_sitemap_rest_html,phase5_wordpress_html_jsonld,list_price_avg,2,0,0,0,100,0,0,0,0,0,not_recommended,Campo no observado en la muestra Fase 5.
webs_propias_phase7_2026-06-14T20-43-50-127Z,MS INMOBILIARIA,msinmobiliaria.pe,wordpress_sitemap_rest_html,phase5_wordpress_html_jsonld,currency,2,0,0,0,100,0,0,0,0,0,not_recommended,Campo no observado en la muestra Fase 5.
webs_propias_phase7_2026-06-14T20-43-50-127Z,MS INMOBILIARIA,msinmobiliaria.pe,wordpress_sitemap_rest_html,phase5_wordpress_html_jsonld,delivery_year,2,0,0,0,100,0,0,0,0,0,not_recommended,Campo no observado en la muestra Fase 5.
webs_propias_phase7_2026-06-14T20-43-50-127Z,MS INMOBILIARIA,msinmobiliaria.pe,wordpress_sitemap_rest_html,phase5_wordpress_html_jsonld,delivery_date,2,0,0,0,100,0,0,0,0,0,not_recommended,Campo no observado en la muestra Fase 5.
webs_propias_phase7_2026-06-14T20-43-50-127Z,MS INMOBILIARIA,msinmobiliaria.pe,wordpress_sitemap_rest_html,phase5_wordpress_html_jsonld,description,2,0,0,0,100,0,0,0,0,0,not_recommended,Campo no observado en la muestra Fase 5.
webs_propias_phase7_2026-06-14T20-43-50-127Z,MS INMOBILIARIA,msinmobiliaria.pe,wordpress_sitemap_rest_html,phase5_wordpress_html_jsonld,amenities,2,2,100,33,0,0,0,0,0,100,enrichment_only,"Campo util para enriquecimiento, no necesariamente fuente primaria."
webs_propias_phase7_2026-06-14T20-43-50-127Z,MS INMOBILIARIA,msinmobiliaria.pe,wordpress_sitemap_rest_html,phase5_wordpress_html_jsonld,contact_name,2,0,0,0,100,0,0,0,0,0,not_recommended,Campo no observado en la muestra Fase 5.
webs_propias_phase7_2026-06-14T20-43-50-127Z,MS INMOBILIARIA,msinmobiliaria.pe,wordpress_sitemap_rest_html,phase5_wordpress_html_jsonld,contact_phone,2,2,100,66,0,0,0,0,0,100,enrichment_only,"Campo util para enriquecimiento, no necesariamente fuente primaria."
webs_propias_phase7_2026-06-14T20-43-50-127Z,MS INMOBILIARIA,msinmobiliaria.pe,wordpress_sitemap_rest_html,phase5_wordpress_html_jsonld,whatsapp,2,2,100,66,0,0,0,0,0,100,enrichment_only,"Campo util para enriquecimiento, no necesariamente fuente primaria."
webs_propias_phase7_2026-06-14T20-43-50-127Z,MS INMOBILIARIA,msinmobiliaria.pe,wordpress_sitemap_rest_html,phase5_wordpress_html_jsonld,email,2,2,100,66,0,0,0,0,0,100,enrichment_only,"Campo util para enriquecimiento, no necesariamente fuente primaria."
webs_propias_phase7_2026-06-14T20-43-50-127Z,MS INMOBILIARIA,msinmobiliaria.pe,wordpress_sitemap_rest_html,phase5_wordpress_html_jsonld,financing_banks,2,0,0,0,100,0,0,0,0,0,not_recommended,Campo no observado en la muestra Fase 5.
webs_propias_phase7_2026-06-14T20-43-50-127Z,MS INMOBILIARIA,msinmobiliaria.pe,wordpress_sitemap_rest_html,phase5_wordpress_html_jsonld,latitude,2,0,0,0,100,0,0,100,0,0,not_recommended,Campo no observado en la muestra Fase 5.
webs_propias_phase7_2026-06-14T20-43-50-127Z,MS INMOBILIARIA,msinmobiliaria.pe,wordpress_sitemap_rest_html,phase5_wordpress_html_jsonld,longitude,2,0,0,0,100,0,0,100,0,0,not_recommended,Campo no observado en la muestra Fase 5.
webs_propias_phase7_2026-06-14T20-43-50-127Z,TER INMOBILIARIA,terinmobiliaria.com,wordpress_sitemap_rest_html,phase5_wordpress_html_jsonld,source_url,2,2,100,100,0,0,0,0,0,100,primary_candidate,Campo critico con cobertura y evidencia suficientes en la muestra.
webs_propias_phase7_2026-06-14T20-43-50-127Z,TER INMOBILIARIA,terinmobiliaria.com,wordpress_sitemap_rest_html,phase5_wordpress_html_jsonld,agency_name,2,2,100,100,0,0,0,0,0,100,primary_candidate,Campo critico con cobertura y evidencia suficientes en la muestra.
webs_propias_phase7_2026-06-14T20-43-50-127Z,TER INMOBILIARIA,terinmobiliaria.com,wordpress_sitemap_rest_html,phase5_wordpress_html_jsonld,project_name,2,2,100,66,0,0,0,0,0,100,primary_candidate,Campo critico con cobertura y evidencia suficientes en la muestra.
webs_propias_phase7_2026-06-14T20-43-50-127Z,TER INMOBILIARIA,terinmobiliaria.com,wordpress_sitemap_rest_html,phase5_wordpress_html_jsonld,district,2,2,100,66,0,0,0,50,0,100,manual_review,Mismatch alto contra Nexo en registros comparables.
webs_propias_phase7_2026-06-14T20-43-50-127Z,TER INMOBILIARIA,terinmobiliaria.com,wordpress_sitemap_rest_html,phase5_wordpress_html_jsonld,address,2,2,100,66,0,0,0,50,0,100,manual_review,Mismatch alto contra Nexo en registros comparables.
webs_propias_phase7_2026-06-14T20-43-50-127Z,TER INMOBILIARIA,terinmobiliaria.com,wordpress_sitemap_rest_html,phase5_wordpress_html_jsonld,typology,2,2,100,66,0,0,0,0,0,100,primary_candidate,Campo critico con cobertura y evidencia suficientes en la muestra.
webs_propias_phase7_2026-06-14T20-43-50-127Z,TER INMOBILIARIA,terinmobiliaria.com,wordpress_sitemap_rest_html,phase5_wordpress_html_jsonld,bedrooms,2,2,100,66,0,0,0,0,0,100,primary_candidate,Campo critico con cobertura y evidencia suficientes en la muestra.
webs_propias_phase7_2026-06-14T20-43-50-127Z,TER INMOBILIARIA,terinmobiliaria.com,wordpress_sitemap_rest_html,phase5_wordpress_html_jsonld,total_area,2,2,100,66,0,0,0,0,0,100,primary_candidate,Campo critico con cobertura y evidencia suficientes en la muestra.
webs_propias_phase7_2026-06-14T20-43-50-127Z,TER INMOBILIARIA,terinmobiliaria.com,wordpress_sitemap_rest_html,phase5_wordpress_html_jsonld,unit_status,2,2,100,33,0,0,0,0,0,100,primary_candidate,Campo critico con cobertura y evidencia suficientes en la muestra.
webs_propias_phase7_2026-06-14T20-43-50-127Z,TER INMOBILIARIA,terinmobiliaria.com,wordpress_sitemap_rest_html,phase5_wordpress_html_jsonld,unit_count,2,0,0,0,100,0,0,0,0,0,not_recommended,Campo no observado en la muestra Fase 5.
webs_propias_phase7_2026-06-14T20-43-50-127Z,TER INMOBILIARIA,terinmobiliaria.com,wordpress_sitemap_rest_html,phase5_wordpress_html_jsonld,list_price_avg,2,0,0,0,100,0,0,0,0,0,not_recommended,Campo no observado en la muestra Fase 5.
webs_propias_phase7_2026-06-14T20-43-50-127Z,TER INMOBILIARIA,terinmobiliaria.com,wordpress_sitemap_rest_html,phase5_wordpress_html_jsonld,currency,2,0,0,0,100,0,0,0,0,0,not_recommended,Campo no observado en la muestra Fase 5.
webs_propias_phase7_2026-06-14T20-43-50-127Z,TER INMOBILIARIA,terinmobiliaria.com,wordpress_sitemap_rest_html,phase5_wordpress_html_jsonld,delivery_year,2,0,0,0,100,0,0,0,0,0,not_recommended,Campo no observado en la muestra Fase 5.
webs_propias_phase7_2026-06-14T20-43-50-127Z,TER INMOBILIARIA,terinmobiliaria.com,wordpress_sitemap_rest_html,phase5_wordpress_html_jsonld,delivery_date,2,0,0,0,100,0,0,0,0,0,not_recommended,Campo no observado en la muestra Fase 5.
webs_propias_phase7_2026-06-14T20-43-50-127Z,TER INMOBILIARIA,terinmobiliaria.com,wordpress_sitemap_rest_html,phase5_wordpress_html_jsonld,description,2,2,100,66,0,0,0,0,0,100,enrichment_only,"Campo util para enriquecimiento, no necesariamente fuente primaria."
webs_propias_phase7_2026-06-14T20-43-50-127Z,TER INMOBILIARIA,terinmobiliaria.com,wordpress_sitemap_rest_html,phase5_wordpress_html_jsonld,amenities,2,2,100,33,0,0,0,0,0,100,enrichment_only,"Campo util para enriquecimiento, no necesariamente fuente primaria."
webs_propias_phase7_2026-06-14T20-43-50-127Z,TER INMOBILIARIA,terinmobiliaria.com,wordpress_sitemap_rest_html,phase5_wordpress_html_jsonld,contact_name,2,0,0,0,100,0,0,0,0,0,not_recommended,Campo no observado en la muestra Fase 5.
webs_propias_phase7_2026-06-14T20-43-50-127Z,TER INMOBILIARIA,terinmobiliaria.com,wordpress_sitemap_rest_html,phase5_wordpress_html_jsonld,contact_phone,2,2,100,66,0,0,0,0,0,100,enrichment_only,"Campo util para enriquecimiento, no necesariamente fuente primaria."
webs_propias_phase7_2026-06-14T20-43-50-127Z,TER INMOBILIARIA,terinmobiliaria.com,wordpress_sitemap_rest_html,phase5_wordpress_html_jsonld,whatsapp,2,2,100,66,0,0,0,0,0,100,enrichment_only,"Campo util para enriquecimiento, no necesariamente fuente primaria."
webs_propias_phase7_2026-06-14T20-43-50-127Z,TER INMOBILIARIA,terinmobiliaria.com,wordpress_sitemap_rest_html,phase5_wordpress_html_jsonld,email,2,2,100,66,0,0,0,0,0,100,enrichment_only,"Campo util para enriquecimiento, no necesariamente fuente primaria."
webs_propias_phase7_2026-06-14T20-43-50-127Z,TER INMOBILIARIA,terinmobiliaria.com,wordpress_sitemap_rest_html,phase5_wordpress_html_jsonld,financing_banks,2,0,0,0,100,0,0,0,0,0,not_recommended,Campo no observado en la muestra Fase 5.
webs_propias_phase7_2026-06-14T20-43-50-127Z,TER INMOBILIARIA,terinmobiliaria.com,wordpress_sitemap_rest_html,phase5_wordpress_html_jsonld,latitude,2,0,0,0,100,0,0,100,0,0,not_recommended,Campo no observado en la muestra Fase 5.
webs_propias_phase7_2026-06-14T20-43-50-127Z,TER INMOBILIARIA,terinmobiliaria.com,wordpress_sitemap_rest_html,phase5_wordpress_html_jsonld,longitude,2,0,0,0,100,0,0,100,0,0,not_recommended,Campo no observado en la muestra Fase 5.
webs_propias_phase7_2026-06-14T20-43-50-127Z,EVERGRAN GRUPO INMOBILIARIO,evergran.pe,embedded_json_html,phase5_embedded_json_html,source_url,2,2,100,100,0,0,0,0,0,100,primary_candidate,Campo critico con cobertura y evidencia suficientes en la muestra.
webs_propias_phase7_2026-06-14T20-43-50-127Z,EVERGRAN GRUPO INMOBILIARIO,evergran.pe,embedded_json_html,phase5_embedded_json_html,agency_name,2,2,100,100,0,0,0,0,0,100,primary_candidate,Campo critico con cobertura y evidencia suficientes en la muestra.
webs_propias_phase7_2026-06-14T20-43-50-127Z,EVERGRAN GRUPO INMOBILIARIO,evergran.pe,embedded_json_html,phase5_embedded_json_html,project_name,2,2,100,66,0,0,0,0,0,100,primary_candidate,Campo critico con cobertura y evidencia suficientes en la muestra.
webs_propias_phase7_2026-06-14T20-43-50-127Z,EVERGRAN GRUPO INMOBILIARIO,evergran.pe,embedded_json_html,phase5_embedded_json_html,district,2,2,100,66,0,0,0,100,0,100,manual_review,Mismatch alto contra Nexo en registros comparables.
webs_propias_phase7_2026-06-14T20-43-50-127Z,EVERGRAN GRUPO INMOBILIARIO,evergran.pe,embedded_json_html,phase5_embedded_json_html,address,2,2,100,66,0,0,0,50,0,100,manual_review,Mismatch alto contra Nexo en registros comparables.
webs_propias_phase7_2026-06-14T20-43-50-127Z,EVERGRAN GRUPO INMOBILIARIO,evergran.pe,embedded_json_html,phase5_embedded_json_html,typology,2,2,100,66,0,0,0,0,0,100,primary_candidate,Campo critico con cobertura y evidencia suficientes en la muestra.
webs_propias_phase7_2026-06-14T20-43-50-127Z,EVERGRAN GRUPO INMOBILIARIO,evergran.pe,embedded_json_html,phase5_embedded_json_html,bedrooms,2,2,100,66,0,0,0,0,0,100,primary_candidate,Campo critico con cobertura y evidencia suficientes en la muestra.
webs_propias_phase7_2026-06-14T20-43-50-127Z,EVERGRAN GRUPO INMOBILIARIO,evergran.pe,embedded_json_html,phase5_embedded_json_html,total_area,2,2,100,66,0,0,0,0,2,100,primary_candidate,Campo critico con cobertura y evidencia suficientes en la muestra.
webs_propias_phase7_2026-06-14T20-43-50-127Z,EVERGRAN GRUPO INMOBILIARIO,evergran.pe,embedded_json_html,phase5_embedded_json_html,unit_status,2,2,100,33,0,0,0,0,0,100,primary_candidate,Campo critico con cobertura y evidencia suficientes en la muestra.
webs_propias_phase7_2026-06-14T20-43-50-127Z,EVERGRAN GRUPO INMOBILIARIO,evergran.pe,embedded_json_html,phase5_embedded_json_html,unit_count,2,0,0,0,100,0,0,0,0,0,not_recommended,Campo no observado en la muestra Fase 5.
webs_propias_phase7_2026-06-14T20-43-50-127Z,EVERGRAN GRUPO INMOBILIARIO,evergran.pe,embedded_json_html,phase5_embedded_json_html,list_price_avg,2,0,0,0,100,0,0,0,0,0,not_recommended,Campo no observado en la muestra Fase 5.
webs_propias_phase7_2026-06-14T20-43-50-127Z,EVERGRAN GRUPO INMOBILIARIO,evergran.pe,embedded_json_html,phase5_embedded_json_html,currency,2,0,0,0,100,0,0,0,0,0,not_recommended,Campo no observado en la muestra Fase 5.
webs_propias_phase7_2026-06-14T20-43-50-127Z,EVERGRAN GRUPO INMOBILIARIO,evergran.pe,embedded_json_html,phase5_embedded_json_html,delivery_year,2,0,0,0,100,0,0,0,0,0,not_recommended,Campo no observado en la muestra Fase 5.
webs_propias_phase7_2026-06-14T20-43-50-127Z,EVERGRAN GRUPO INMOBILIARIO,evergran.pe,embedded_json_html,phase5_embedded_json_html,delivery_date,2,0,0,0,100,0,0,0,0,0,not_recommended,Campo no observado en la muestra Fase 5.
webs_propias_phase7_2026-06-14T20-43-50-127Z,EVERGRAN GRUPO INMOBILIARIO,evergran.pe,embedded_json_html,phase5_embedded_json_html,description,2,0,0,0,100,0,0,0,0,0,not_recommended,Campo no observado en la muestra Fase 5.
webs_propias_phase7_2026-06-14T20-43-50-127Z,EVERGRAN GRUPO INMOBILIARIO,evergran.pe,embedded_json_html,phase5_embedded_json_html,amenities,2,2,100,33,0,0,0,0,0,100,enrichment_only,"Campo util para enriquecimiento, no necesariamente fuente primaria."
webs_propias_phase7_2026-06-14T20-43-50-127Z,EVERGRAN GRUPO INMOBILIARIO,evergran.pe,embedded_json_html,phase5_embedded_json_html,contact_name,2,0,0,0,100,0,0,0,0,0,not_recommended,Campo no observado en la muestra Fase 5.
webs_propias_phase7_2026-06-14T20-43-50-127Z,EVERGRAN GRUPO INMOBILIARIO,evergran.pe,embedded_json_html,phase5_embedded_json_html,contact_phone,2,2,100,66,0,0,0,0,0,100,enrichment_only,"Campo util para enriquecimiento, no necesariamente fuente primaria."
webs_propias_phase7_2026-06-14T20-43-50-127Z,EVERGRAN GRUPO INMOBILIARIO,evergran.pe,embedded_json_html,phase5_embedded_json_html,whatsapp,2,2,100,66,0,0,0,0,0,100,enrichment_only,"Campo util para enriquecimiento, no necesariamente fuente primaria."
webs_propias_phase7_2026-06-14T20-43-50-127Z,EVERGRAN GRUPO INMOBILIARIO,evergran.pe,embedded_json_html,phase5_embedded_json_html,email,2,2,100,66,0,0,0,0,0,100,enrichment_only,"Campo util para enriquecimiento, no necesariamente fuente primaria."
webs_propias_phase7_2026-06-14T20-43-50-127Z,EVERGRAN GRUPO INMOBILIARIO,evergran.pe,embedded_json_html,phase5_embedded_json_html,financing_banks,2,0,0,0,100,0,0,0,0,0,not_recommended,Campo no observado en la muestra Fase 5.
webs_propias_phase7_2026-06-14T20-43-50-127Z,EVERGRAN GRUPO INMOBILIARIO,evergran.pe,embedded_json_html,phase5_embedded_json_html,latitude,2,0,0,0,100,0,0,100,0,0,not_recommended,Campo no observado en la muestra Fase 5.
webs_propias_phase7_2026-06-14T20-43-50-127Z,EVERGRAN GRUPO INMOBILIARIO,evergran.pe,embedded_json_html,phase5_embedded_json_html,longitude,2,0,0,0,100,0,0,100,0,0,not_recommended,Campo no observado en la muestra Fase 5.
webs_propias_phase7_2026-06-14T20-43-50-127Z,AVENIR GRUPO INMOBILIARIO,avenir.pe,embedded_json_html,phase5_embedded_json_html,source_url,2,2,100,100,0,0,0,0,0,100,primary_candidate,Campo critico con cobertura y evidencia suficientes en la muestra.
webs_propias_phase7_2026-06-14T20-43-50-127Z,AVENIR GRUPO INMOBILIARIO,avenir.pe,embedded_json_html,phase5_embedded_json_html,agency_name,2,2,100,100,0,0,0,0,0,100,primary_candidate,Campo critico con cobertura y evidencia suficientes en la muestra.
webs_propias_phase7_2026-06-14T20-43-50-127Z,AVENIR GRUPO INMOBILIARIO,avenir.pe,embedded_json_html,phase5_embedded_json_html,project_name,2,2,100,66,0,0,0,100,0,100,manual_review,Mismatch alto contra Nexo en registros comparables.
webs_propias_phase7_2026-06-14T20-43-50-127Z,AVENIR GRUPO INMOBILIARIO,avenir.pe,embedded_json_html,phase5_embedded_json_html,district,2,2,100,66,0,0,0,0,0,100,primary_candidate,Campo critico con cobertura y evidencia suficientes en la muestra.
webs_propias_phase7_2026-06-14T20-43-50-127Z,AVENIR GRUPO INMOBILIARIO,avenir.pe,embedded_json_html,phase5_embedded_json_html,address,2,2,100,66,0,0,0,0,0,100,primary_candidate,Campo critico con cobertura y evidencia suficientes en la muestra.
webs_propias_phase7_2026-06-14T20-43-50-127Z,AVENIR GRUPO INMOBILIARIO,avenir.pe,embedded_json_html,phase5_embedded_json_html,typology,2,1,50,66,50,0,0,0,0,100,enrichment_only,"Campo util para enriquecimiento, no necesariamente fuente primaria."
webs_propias_phase7_2026-06-14T20-43-50-127Z,AVENIR GRUPO INMOBILIARIO,avenir.pe,embedded_json_html,phase5_embedded_json_html,bedrooms,2,0,0,0,100,0,0,0,0,0,not_recommended,Campo no observado en la muestra Fase 5.
webs_propias_phase7_2026-06-14T20-43-50-127Z,AVENIR GRUPO INMOBILIARIO,avenir.pe,embedded_json_html,phase5_embedded_json_html,total_area,2,0,0,0,100,0,0,0,0,0,not_recommended,Campo no observado en la muestra Fase 5.
webs_propias_phase7_2026-06-14T20-43-50-127Z,AVENIR GRUPO INMOBILIARIO,avenir.pe,embedded_json_html,phase5_embedded_json_html,unit_status,2,2,100,33,0,0,0,0,0,100,primary_candidate,Campo critico con cobertura y evidencia suficientes en la muestra.
webs_propias_phase7_2026-06-14T20-43-50-127Z,AVENIR GRUPO INMOBILIARIO,avenir.pe,embedded_json_html,phase5_embedded_json_html,unit_count,2,0,0,0,100,0,0,0,0,0,not_recommended,Campo no observado en la muestra Fase 5.
webs_propias_phase7_2026-06-14T20-43-50-127Z,AVENIR GRUPO INMOBILIARIO,avenir.pe,embedded_json_html,phase5_embedded_json_html,list_price_avg,2,0,0,0,100,0,0,0,0,0,not_recommended,Campo no observado en la muestra Fase 5.
webs_propias_phase7_2026-06-14T20-43-50-127Z,AVENIR GRUPO INMOBILIARIO,avenir.pe,embedded_json_html,phase5_embedded_json_html,currency,2,0,0,0,100,0,0,0,0,0,not_recommended,Campo no observado en la muestra Fase 5.
webs_propias_phase7_2026-06-14T20-43-50-127Z,AVENIR GRUPO INMOBILIARIO,avenir.pe,embedded_json_html,phase5_embedded_json_html,delivery_year,2,0,0,0,100,0,0,0,0,0,not_recommended,Campo no observado en la muestra Fase 5.
webs_propias_phase7_2026-06-14T20-43-50-127Z,AVENIR GRUPO INMOBILIARIO,avenir.pe,embedded_json_html,phase5_embedded_json_html,delivery_date,2,0,0,0,100,0,0,0,0,0,not_recommended,Campo no observado en la muestra Fase 5.
webs_propias_phase7_2026-06-14T20-43-50-127Z,AVENIR GRUPO INMOBILIARIO,avenir.pe,embedded_json_html,phase5_embedded_json_html,description,2,2,100,66,0,0,0,0,0,100,enrichment_only,"Campo util para enriquecimiento, no necesariamente fuente primaria."
webs_propias_phase7_2026-06-14T20-43-50-127Z,AVENIR GRUPO INMOBILIARIO,avenir.pe,embedded_json_html,phase5_embedded_json_html,amenities,2,0,0,0,100,0,0,0,0,0,not_recommended,Campo no observado en la muestra Fase 5.
webs_propias_phase7_2026-06-14T20-43-50-127Z,AVENIR GRUPO INMOBILIARIO,avenir.pe,embedded_json_html,phase5_embedded_json_html,contact_name,2,0,0,0,100,0,0,0,0,0,not_recommended,Campo no observado en la muestra Fase 5.
webs_propias_phase7_2026-06-14T20-43-50-127Z,AVENIR GRUPO INMOBILIARIO,avenir.pe,embedded_json_html,phase5_embedded_json_html,contact_phone,2,0,0,0,100,0,0,0,0,0,not_recommended,Campo no observado en la muestra Fase 5.
webs_propias_phase7_2026-06-14T20-43-50-127Z,AVENIR GRUPO INMOBILIARIO,avenir.pe,embedded_json_html,phase5_embedded_json_html,whatsapp,2,0,0,0,100,0,0,0,0,0,not_recommended,Campo no observado en la muestra Fase 5.
webs_propias_phase7_2026-06-14T20-43-50-127Z,AVENIR GRUPO INMOBILIARIO,avenir.pe,embedded_json_html,phase5_embedded_json_html,email,2,0,0,0,100,0,0,0,0,0,not_recommended,Campo no observado en la muestra Fase 5.
webs_propias_phase7_2026-06-14T20-43-50-127Z,AVENIR GRUPO INMOBILIARIO,avenir.pe,embedded_json_html,phase5_embedded_json_html,financing_banks,2,0,0,0,100,0,0,0,0,0,not_recommended,Campo no observado en la muestra Fase 5.
webs_propias_phase7_2026-06-14T20-43-50-127Z,AVENIR GRUPO INMOBILIARIO,avenir.pe,embedded_json_html,phase5_embedded_json_html,latitude,2,0,0,0,100,0,0,100,0,0,not_recommended,Campo no observado en la muestra Fase 5.
webs_propias_phase7_2026-06-14T20-43-50-127Z,AVENIR GRUPO INMOBILIARIO,avenir.pe,embedded_json_html,phase5_embedded_json_html,longitude,2,0,0,0,100,0,0,100,0,0,not_recommended,Campo no observado en la muestra Fase 5.
webs_propias_phase7_2026-06-14T20-43-50-127Z,INHOUSE,inhouse.com.pe,embedded_json_html,phase5_embedded_json_html,source_url,2,2,100,100,0,0,50,0,0,100,primary_candidate,Campo critico con cobertura y evidencia suficientes en la muestra.
webs_propias_phase7_2026-06-14T20-43-50-127Z,INHOUSE,inhouse.com.pe,embedded_json_html,phase5_embedded_json_html,agency_name,2,2,100,100,0,0,50,0,0,100,primary_candidate,Campo critico con cobertura y evidencia suficientes en la muestra.
webs_propias_phase7_2026-06-14T20-43-50-127Z,INHOUSE,inhouse.com.pe,embedded_json_html,phase5_embedded_json_html,project_name,2,2,100,66,0,0,50,0,0,100,primary_candidate,Campo critico con cobertura y evidencia suficientes en la muestra.
webs_propias_phase7_2026-06-14T20-43-50-127Z,INHOUSE,inhouse.com.pe,embedded_json_html,phase5_embedded_json_html,district,2,2,100,66,0,0,50,0,0,100,primary_candidate,Campo critico con cobertura y evidencia suficientes en la muestra.
webs_propias_phase7_2026-06-14T20-43-50-127Z,INHOUSE,inhouse.com.pe,embedded_json_html,phase5_embedded_json_html,address,2,2,100,66,0,0,50,0,0,100,primary_candidate,Campo critico con cobertura y evidencia suficientes en la muestra.
webs_propias_phase7_2026-06-14T20-43-50-127Z,INHOUSE,inhouse.com.pe,embedded_json_html,phase5_embedded_json_html,typology,2,2,100,66,0,0,50,0,0,100,primary_candidate,Campo critico con cobertura y evidencia suficientes en la muestra.
webs_propias_phase7_2026-06-14T20-43-50-127Z,INHOUSE,inhouse.com.pe,embedded_json_html,phase5_embedded_json_html,bedrooms,2,2,100,66,0,0,50,0,0,100,primary_candidate,Campo critico con cobertura y evidencia suficientes en la muestra.
webs_propias_phase7_2026-06-14T20-43-50-127Z,INHOUSE,inhouse.com.pe,embedded_json_html,phase5_embedded_json_html,total_area,2,2,100,66,0,0,50,0,0,100,primary_candidate,Campo critico con cobertura y evidencia suficientes en la muestra.
webs_propias_phase7_2026-06-14T20-43-50-127Z,INHOUSE,inhouse.com.pe,embedded_json_html,phase5_embedded_json_html,unit_status,2,2,100,33,0,0,50,0,0,100,primary_candidate,Campo critico con cobertura y evidencia suficientes en la muestra.
webs_propias_phase7_2026-06-14T20-43-50-127Z,INHOUSE,inhouse.com.pe,embedded_json_html,phase5_embedded_json_html,unit_count,2,0,0,0,100,0,50,0,0,0,not_recommended,Campo no observado en la muestra Fase 5.
webs_propias_phase7_2026-06-14T20-43-50-127Z,INHOUSE,inhouse.com.pe,embedded_json_html,phase5_embedded_json_html,list_price_avg,2,0,0,0,100,0,50,0,0,0,not_recommended,Campo no observado en la muestra Fase 5.
webs_propias_phase7_2026-06-14T20-43-50-127Z,INHOUSE,inhouse.com.pe,embedded_json_html,phase5_embedded_json_html,currency,2,0,0,0,100,0,50,0,0,0,not_recommended,Campo no observado en la muestra Fase 5.
webs_propias_phase7_2026-06-14T20-43-50-127Z,INHOUSE,inhouse.com.pe,embedded_json_html,phase5_embedded_json_html,delivery_year,2,1,50,66,50,0,50,0,0,100,enrichment_only,"Campo util para enriquecimiento, no necesariamente fuente primaria."
webs_propias_phase7_2026-06-14T20-43-50-127Z,INHOUSE,inhouse.com.pe,embedded_json_html,phase5_embedded_json_html,delivery_date,2,1,50,66,50,0,50,0,0,100,enrichment_only,"Campo util para enriquecimiento, no necesariamente fuente primaria."
webs_propias_phase7_2026-06-14T20-43-50-127Z,INHOUSE,inhouse.com.pe,embedded_json_html,phase5_embedded_json_html,description,2,2,100,66,0,0,50,0,0,100,enrichment_only,"Campo util para enriquecimiento, no necesariamente fuente primaria."
webs_propias_phase7_2026-06-14T20-43-50-127Z,INHOUSE,inhouse.com.pe,embedded_json_html,phase5_embedded_json_html,amenities,2,2,100,33,0,0,50,0,0,100,enrichment_only,"Campo util para enriquecimiento, no necesariamente fuente primaria."
webs_propias_phase7_2026-06-14T20-43-50-127Z,INHOUSE,inhouse.com.pe,embedded_json_html,phase5_embedded_json_html,contact_name,2,0,0,0,100,0,50,0,0,0,not_recommended,Campo no observado en la muestra Fase 5.
webs_propias_phase7_2026-06-14T20-43-50-127Z,INHOUSE,inhouse.com.pe,embedded_json_html,phase5_embedded_json_html,contact_phone,2,2,100,66,0,0,50,0,0,100,enrichment_only,"Campo util para enriquecimiento, no necesariamente fuente primaria."
webs_propias_phase7_2026-06-14T20-43-50-127Z,INHOUSE,inhouse.com.pe,embedded_json_html,phase5_embedded_json_html,whatsapp,2,2,100,66,0,0,50,0,0,100,enrichment_only,"Campo util para enriquecimiento, no necesariamente fuente primaria."
webs_propias_phase7_2026-06-14T20-43-50-127Z,INHOUSE,inhouse.com.pe,embedded_json_html,phase5_embedded_json_html,email,2,2,100,66,0,0,50,0,0,100,enrichment_only,"Campo util para enriquecimiento, no necesariamente fuente primaria."
webs_propias_phase7_2026-06-14T20-43-50-127Z,INHOUSE,inhouse.com.pe,embedded_json_html,phase5_embedded_json_html,financing_banks,2,0,0,0,100,0,50,0,0,0,not_recommended,Campo no observado en la muestra Fase 5.
webs_propias_phase7_2026-06-14T20-43-50-127Z,INHOUSE,inhouse.com.pe,embedded_json_html,phase5_embedded_json_html,latitude,2,0,0,0,100,0,50,0,0,0,not_recommended,Campo no observado en la muestra Fase 5.
webs_propias_phase7_2026-06-14T20-43-50-127Z,INHOUSE,inhouse.com.pe,embedded_json_html,phase5_embedded_json_html,longitude,2,0,0,0,100,0,50,0,0,0,not_recommended,Campo no observado en la muestra Fase 5.
webs_propias_phase7_2026-06-14T20-43-50-127Z,VIVE PLM,viveplm.com,embedded_json_html,phase5_embedded_json_html,source_url,2,2,100,100,0,0,50,0,0,100,primary_candidate,Campo critico con cobertura y evidencia suficientes en la muestra.
webs_propias_phase7_2026-06-14T20-43-50-127Z,VIVE PLM,viveplm.com,embedded_json_html,phase5_embedded_json_html,agency_name,2,2,100,100,0,0,50,0,0,100,primary_candidate,Campo critico con cobertura y evidencia suficientes en la muestra.
webs_propias_phase7_2026-06-14T20-43-50-127Z,VIVE PLM,viveplm.com,embedded_json_html,phase5_embedded_json_html,project_name,2,2,100,66,0,0,50,0,0,100,primary_candidate,Campo critico con cobertura y evidencia suficientes en la muestra.
webs_propias_phase7_2026-06-14T20-43-50-127Z,VIVE PLM,viveplm.com,embedded_json_html,phase5_embedded_json_html,district,2,2,100,66,0,0,50,0,0,100,primary_candidate,Campo critico con cobertura y evidencia suficientes en la muestra.
webs_propias_phase7_2026-06-14T20-43-50-127Z,VIVE PLM,viveplm.com,embedded_json_html,phase5_embedded_json_html,address,2,2,100,66,0,0,50,0,0,100,primary_candidate,Campo critico con cobertura y evidencia suficientes en la muestra.
webs_propias_phase7_2026-06-14T20-43-50-127Z,VIVE PLM,viveplm.com,embedded_json_html,phase5_embedded_json_html,typology,2,2,100,66,0,0,50,0,0,100,primary_candidate,Campo critico con cobertura y evidencia suficientes en la muestra.
webs_propias_phase7_2026-06-14T20-43-50-127Z,VIVE PLM,viveplm.com,embedded_json_html,phase5_embedded_json_html,bedrooms,2,0,0,0,100,0,50,0,0,0,not_recommended,Campo no observado en la muestra Fase 5.
webs_propias_phase7_2026-06-14T20-43-50-127Z,VIVE PLM,viveplm.com,embedded_json_html,phase5_embedded_json_html,total_area,2,1,50,66,50,0,50,0,0,100,enrichment_only,"Campo util para enriquecimiento, no necesariamente fuente primaria."
webs_propias_phase7_2026-06-14T20-43-50-127Z,VIVE PLM,viveplm.com,embedded_json_html,phase5_embedded_json_html,unit_status,2,0,0,0,100,0,50,0,0,0,not_recommended,Campo no observado en la muestra Fase 5.
webs_propias_phase7_2026-06-14T20-43-50-127Z,VIVE PLM,viveplm.com,embedded_json_html,phase5_embedded_json_html,unit_count,2,0,0,0,100,0,50,0,0,0,not_recommended,Campo no observado en la muestra Fase 5.
webs_propias_phase7_2026-06-14T20-43-50-127Z,VIVE PLM,viveplm.com,embedded_json_html,phase5_embedded_json_html,list_price_avg,2,0,0,0,100,0,50,0,0,0,not_recommended,Campo no observado en la muestra Fase 5.
webs_propias_phase7_2026-06-14T20-43-50-127Z,VIVE PLM,viveplm.com,embedded_json_html,phase5_embedded_json_html,currency,2,0,0,0,100,0,50,0,0,0,not_recommended,Campo no observado en la muestra Fase 5.
webs_propias_phase7_2026-06-14T20-43-50-127Z,VIVE PLM,viveplm.com,embedded_json_html,phase5_embedded_json_html,delivery_year,2,0,0,0,100,0,50,0,0,0,not_recommended,Campo no observado en la muestra Fase 5.
webs_propias_phase7_2026-06-14T20-43-50-127Z,VIVE PLM,viveplm.com,embedded_json_html,phase5_embedded_json_html,delivery_date,2,0,0,0,100,0,50,0,0,0,not_recommended,Campo no observado en la muestra Fase 5.
webs_propias_phase7_2026-06-14T20-43-50-127Z,VIVE PLM,viveplm.com,embedded_json_html,phase5_embedded_json_html,description,2,2,100,66,0,0,50,0,0,100,enrichment_only,"Campo util para enriquecimiento, no necesariamente fuente primaria."
webs_propias_phase7_2026-06-14T20-43-50-127Z,VIVE PLM,viveplm.com,embedded_json_html,phase5_embedded_json_html,amenities,2,1,50,33,50,0,50,0,0,100,enrichment_only,"Campo util para enriquecimiento, no necesariamente fuente primaria."
webs_propias_phase7_2026-06-14T20-43-50-127Z,VIVE PLM,viveplm.com,embedded_json_html,phase5_embedded_json_html,contact_name,2,0,0,0,100,0,50,0,0,0,not_recommended,Campo no observado en la muestra Fase 5.
webs_propias_phase7_2026-06-14T20-43-50-127Z,VIVE PLM,viveplm.com,embedded_json_html,phase5_embedded_json_html,contact_phone,2,2,100,66,0,0,50,0,0,100,enrichment_only,"Campo util para enriquecimiento, no necesariamente fuente primaria."
webs_propias_phase7_2026-06-14T20-43-50-127Z,VIVE PLM,viveplm.com,embedded_json_html,phase5_embedded_json_html,whatsapp,2,2,100,66,0,0,50,0,0,100,enrichment_only,"Campo util para enriquecimiento, no necesariamente fuente primaria."
webs_propias_phase7_2026-06-14T20-43-50-127Z,VIVE PLM,viveplm.com,embedded_json_html,phase5_embedded_json_html,email,2,2,100,66,0,0,50,0,0,100,enrichment_only,"Campo util para enriquecimiento, no necesariamente fuente primaria."
webs_propias_phase7_2026-06-14T20-43-50-127Z,VIVE PLM,viveplm.com,embedded_json_html,phase5_embedded_json_html,financing_banks,2,0,0,0,100,0,50,0,0,0,not_recommended,Campo no observado en la muestra Fase 5.
webs_propias_phase7_2026-06-14T20-43-50-127Z,VIVE PLM,viveplm.com,embedded_json_html,phase5_embedded_json_html,latitude,2,0,0,0,100,0,50,0,0,0,not_recommended,Campo no observado en la muestra Fase 5.
webs_propias_phase7_2026-06-14T20-43-50-127Z,VIVE PLM,viveplm.com,embedded_json_html,phase5_embedded_json_html,longitude,2,0,0,0,100,0,50,0,0,0,not_recommended,Campo no observado en la muestra Fase 5.
webs_propias_phase7_2026-06-14T20-43-50-127Z,LOS PORTALES DEPARTAMENTOS,losportales.com.pe,wordpress_sitemap_rest_html,phase5_wordpress_html_jsonld,source_url,2,2,100,100,0,0,50,0,0,100,primary_candidate,Campo critico con cobertura y evidencia suficientes en la muestra.
webs_propias_phase7_2026-06-14T20-43-50-127Z,LOS PORTALES DEPARTAMENTOS,losportales.com.pe,wordpress_sitemap_rest_html,phase5_wordpress_html_jsonld,agency_name,2,2,100,100,0,0,50,0,0,100,primary_candidate,Campo critico con cobertura y evidencia suficientes en la muestra.
webs_propias_phase7_2026-06-14T20-43-50-127Z,LOS PORTALES DEPARTAMENTOS,losportales.com.pe,wordpress_sitemap_rest_html,phase5_wordpress_html_jsonld,project_name,2,2,100,66,0,0,50,0,0,100,primary_candidate,Campo critico con cobertura y evidencia suficientes en la muestra.
webs_propias_phase7_2026-06-14T20-43-50-127Z,LOS PORTALES DEPARTAMENTOS,losportales.com.pe,wordpress_sitemap_rest_html,phase5_wordpress_html_jsonld,district,2,2,100,66,0,0,50,0,0,100,primary_candidate,Campo critico con cobertura y evidencia suficientes en la muestra.
webs_propias_phase7_2026-06-14T20-43-50-127Z,LOS PORTALES DEPARTAMENTOS,losportales.com.pe,wordpress_sitemap_rest_html,phase5_wordpress_html_jsonld,address,2,2,100,66,0,0,50,0,0,100,primary_candidate,Campo critico con cobertura y evidencia suficientes en la muestra.
webs_propias_phase7_2026-06-14T20-43-50-127Z,LOS PORTALES DEPARTAMENTOS,losportales.com.pe,wordpress_sitemap_rest_html,phase5_wordpress_html_jsonld,typology,2,2,100,66,0,0,50,0,0,100,primary_candidate,Campo critico con cobertura y evidencia suficientes en la muestra.
webs_propias_phase7_2026-06-14T20-43-50-127Z,LOS PORTALES DEPARTAMENTOS,losportales.com.pe,wordpress_sitemap_rest_html,phase5_wordpress_html_jsonld,bedrooms,2,0,0,0,100,0,50,0,0,0,not_recommended,Campo no observado en la muestra Fase 5.
webs_propias_phase7_2026-06-14T20-43-50-127Z,LOS PORTALES DEPARTAMENTOS,losportales.com.pe,wordpress_sitemap_rest_html,phase5_wordpress_html_jsonld,total_area,2,1,50,66,50,0,50,0,0,100,enrichment_only,"Campo util para enriquecimiento, no necesariamente fuente primaria."
webs_propias_phase7_2026-06-14T20-43-50-127Z,LOS PORTALES DEPARTAMENTOS,losportales.com.pe,wordpress_sitemap_rest_html,phase5_wordpress_html_jsonld,unit_status,2,2,100,33,0,0,50,0,0,100,primary_candidate,Campo critico con cobertura y evidencia suficientes en la muestra.
webs_propias_phase7_2026-06-14T20-43-50-127Z,LOS PORTALES DEPARTAMENTOS,losportales.com.pe,wordpress_sitemap_rest_html,phase5_wordpress_html_jsonld,unit_count,2,0,0,0,100,0,50,0,0,0,not_recommended,Campo no observado en la muestra Fase 5.
webs_propias_phase7_2026-06-14T20-43-50-127Z,LOS PORTALES DEPARTAMENTOS,losportales.com.pe,wordpress_sitemap_rest_html,phase5_wordpress_html_jsonld,list_price_avg,2,0,0,0,100,0,50,0,0,0,not_recommended,Campo no observado en la muestra Fase 5.
webs_propias_phase7_2026-06-14T20-43-50-127Z,LOS PORTALES DEPARTAMENTOS,losportales.com.pe,wordpress_sitemap_rest_html,phase5_wordpress_html_jsonld,currency,2,0,0,0,100,0,50,0,0,0,not_recommended,Campo no observado en la muestra Fase 5.
webs_propias_phase7_2026-06-14T20-43-50-127Z,LOS PORTALES DEPARTAMENTOS,losportales.com.pe,wordpress_sitemap_rest_html,phase5_wordpress_html_jsonld,delivery_year,2,0,0,0,100,0,50,0,0,0,not_recommended,Campo no observado en la muestra Fase 5.
webs_propias_phase7_2026-06-14T20-43-50-127Z,LOS PORTALES DEPARTAMENTOS,losportales.com.pe,wordpress_sitemap_rest_html,phase5_wordpress_html_jsonld,delivery_date,2,0,0,0,100,0,50,0,0,0,not_recommended,Campo no observado en la muestra Fase 5.
webs_propias_phase7_2026-06-14T20-43-50-127Z,LOS PORTALES DEPARTAMENTOS,losportales.com.pe,wordpress_sitemap_rest_html,phase5_wordpress_html_jsonld,description,2,2,100,66,0,0,50,0,0,100,enrichment_only,"Campo util para enriquecimiento, no necesariamente fuente primaria."
webs_propias_phase7_2026-06-14T20-43-50-127Z,LOS PORTALES DEPARTAMENTOS,losportales.com.pe,wordpress_sitemap_rest_html,phase5_wordpress_html_jsonld,amenities,2,1,50,33,50,0,50,0,0,100,enrichment_only,"Campo util para enriquecimiento, no necesariamente fuente primaria."
webs_propias_phase7_2026-06-14T20-43-50-127Z,LOS PORTALES DEPARTAMENTOS,losportales.com.pe,wordpress_sitemap_rest_html,phase5_wordpress_html_jsonld,contact_name,2,0,0,0,100,0,50,0,0,0,not_recommended,Campo no observado en la muestra Fase 5.
webs_propias_phase7_2026-06-14T20-43-50-127Z,LOS PORTALES DEPARTAMENTOS,losportales.com.pe,wordpress_sitemap_rest_html,phase5_wordpress_html_jsonld,contact_phone,2,2,100,66,0,0,50,0,0,100,enrichment_only,"Campo util para enriquecimiento, no necesariamente fuente primaria."
webs_propias_phase7_2026-06-14T20-43-50-127Z,LOS PORTALES DEPARTAMENTOS,losportales.com.pe,wordpress_sitemap_rest_html,phase5_wordpress_html_jsonld,whatsapp,2,0,0,0,100,0,50,0,0,0,not_recommended,Campo no observado en la muestra Fase 5.
webs_propias_phase7_2026-06-14T20-43-50-127Z,LOS PORTALES DEPARTAMENTOS,losportales.com.pe,wordpress_sitemap_rest_html,phase5_wordpress_html_jsonld,email,2,0,0,0,100,0,50,0,0,0,not_recommended,Campo no observado en la muestra Fase 5.
webs_propias_phase7_2026-06-14T20-43-50-127Z,LOS PORTALES DEPARTAMENTOS,losportales.com.pe,wordpress_sitemap_rest_html,phase5_wordpress_html_jsonld,financing_banks,2,1,50,33,50,0,50,0,0,100,enrichment_only,"Campo util para enriquecimiento, no necesariamente fuente primaria."
webs_propias_phase7_2026-06-14T20-43-50-127Z,LOS PORTALES DEPARTAMENTOS,losportales.com.pe,wordpress_sitemap_rest_html,phase5_wordpress_html_jsonld,latitude,2,0,0,0,100,0,50,0,0,0,not_recommended,Campo no observado en la muestra Fase 5.
webs_propias_phase7_2026-06-14T20-43-50-127Z,LOS PORTALES DEPARTAMENTOS,losportales.com.pe,wordpress_sitemap_rest_html,phase5_wordpress_html_jsonld,longitude,2,0,0,0,100,0,50,0,0,0,not_recommended,Campo no observado en la muestra Fase 5.
webs_propias_phase7_2026-06-14T20-43-50-127Z,BECA INMOBILIARIA,beca.pe,wordpress_sitemap_rest_html,phase5_wordpress_html_jsonld,source_url,2,2,100,100,0,0,0,0,0,100,primary_candidate,Campo critico con cobertura y evidencia suficientes en la muestra.
webs_propias_phase7_2026-06-14T20-43-50-127Z,BECA INMOBILIARIA,beca.pe,wordpress_sitemap_rest_html,phase5_wordpress_html_jsonld,agency_name,2,2,100,100,0,0,0,0,0,100,primary_candidate,Campo critico con cobertura y evidencia suficientes en la muestra.
webs_propias_phase7_2026-06-14T20-43-50-127Z,BECA INMOBILIARIA,beca.pe,wordpress_sitemap_rest_html,phase5_wordpress_html_jsonld,project_name,2,2,100,66,0,0,0,0,0,100,primary_candidate,Campo critico con cobertura y evidencia suficientes en la muestra.
webs_propias_phase7_2026-06-14T20-43-50-127Z,BECA INMOBILIARIA,beca.pe,wordpress_sitemap_rest_html,phase5_wordpress_html_jsonld,district,2,2,100,66,0,0,0,0,0,100,primary_candidate,Campo critico con cobertura y evidencia suficientes en la muestra.
webs_propias_phase7_2026-06-14T20-43-50-127Z,BECA INMOBILIARIA,beca.pe,wordpress_sitemap_rest_html,phase5_wordpress_html_jsonld,address,2,2,100,66,0,0,0,0,0,100,primary_candidate,Campo critico con cobertura y evidencia suficientes en la muestra.
webs_propias_phase7_2026-06-14T20-43-50-127Z,BECA INMOBILIARIA,beca.pe,wordpress_sitemap_rest_html,phase5_wordpress_html_jsonld,typology,2,2,100,66,0,0,0,0,0,100,primary_candidate,Campo critico con cobertura y evidencia suficientes en la muestra.
webs_propias_phase7_2026-06-14T20-43-50-127Z,BECA INMOBILIARIA,beca.pe,wordpress_sitemap_rest_html,phase5_wordpress_html_jsonld,bedrooms,2,2,100,66,0,0,0,0,0,100,primary_candidate,Campo critico con cobertura y evidencia suficientes en la muestra.
webs_propias_phase7_2026-06-14T20-43-50-127Z,BECA INMOBILIARIA,beca.pe,wordpress_sitemap_rest_html,phase5_wordpress_html_jsonld,total_area,2,0,0,0,100,0,0,0,0,0,not_recommended,Campo no observado en la muestra Fase 5.
webs_propias_phase7_2026-06-14T20-43-50-127Z,BECA INMOBILIARIA,beca.pe,wordpress_sitemap_rest_html,phase5_wordpress_html_jsonld,unit_status,2,2,100,33,0,0,0,0,0,100,primary_candidate,Campo critico con cobertura y evidencia suficientes en la muestra.
webs_propias_phase7_2026-06-14T20-43-50-127Z,BECA INMOBILIARIA,beca.pe,wordpress_sitemap_rest_html,phase5_wordpress_html_jsonld,unit_count,2,2,100,33,0,0,0,0,0,100,primary_candidate,Campo critico con cobertura y evidencia suficientes en la muestra.
webs_propias_phase7_2026-06-14T20-43-50-127Z,BECA INMOBILIARIA,beca.pe,wordpress_sitemap_rest_html,phase5_wordpress_html_jsonld,list_price_avg,2,0,0,0,100,0,0,0,0,0,not_recommended,Campo no observado en la muestra Fase 5.
webs_propias_phase7_2026-06-14T20-43-50-127Z,BECA INMOBILIARIA,beca.pe,wordpress_sitemap_rest_html,phase5_wordpress_html_jsonld,currency,2,0,0,0,100,0,0,0,0,0,not_recommended,Campo no observado en la muestra Fase 5.
webs_propias_phase7_2026-06-14T20-43-50-127Z,BECA INMOBILIARIA,beca.pe,wordpress_sitemap_rest_html,phase5_wordpress_html_jsonld,delivery_year,2,0,0,0,100,0,0,0,0,0,not_recommended,Campo no observado en la muestra Fase 5.
webs_propias_phase7_2026-06-14T20-43-50-127Z,BECA INMOBILIARIA,beca.pe,wordpress_sitemap_rest_html,phase5_wordpress_html_jsonld,delivery_date,2,0,0,0,100,0,0,0,0,0,not_recommended,Campo no observado en la muestra Fase 5.
webs_propias_phase7_2026-06-14T20-43-50-127Z,BECA INMOBILIARIA,beca.pe,wordpress_sitemap_rest_html,phase5_wordpress_html_jsonld,description,2,2,100,66,0,0,0,0,0,100,enrichment_only,"Campo util para enriquecimiento, no necesariamente fuente primaria."
webs_propias_phase7_2026-06-14T20-43-50-127Z,BECA INMOBILIARIA,beca.pe,wordpress_sitemap_rest_html,phase5_wordpress_html_jsonld,amenities,2,0,0,0,100,0,0,0,0,0,not_recommended,Campo no observado en la muestra Fase 5.
webs_propias_phase7_2026-06-14T20-43-50-127Z,BECA INMOBILIARIA,beca.pe,wordpress_sitemap_rest_html,phase5_wordpress_html_jsonld,contact_name,2,0,0,0,100,0,0,0,0,0,not_recommended,Campo no observado en la muestra Fase 5.
webs_propias_phase7_2026-06-14T20-43-50-127Z,BECA INMOBILIARIA,beca.pe,wordpress_sitemap_rest_html,phase5_wordpress_html_jsonld,contact_phone,2,2,100,66,0,0,0,0,0,100,enrichment_only,"Campo util para enriquecimiento, no necesariamente fuente primaria."
webs_propias_phase7_2026-06-14T20-43-50-127Z,BECA INMOBILIARIA,beca.pe,wordpress_sitemap_rest_html,phase5_wordpress_html_jsonld,whatsapp,2,2,100,66,0,0,0,0,0,100,enrichment_only,"Campo util para enriquecimiento, no necesariamente fuente primaria."
webs_propias_phase7_2026-06-14T20-43-50-127Z,BECA INMOBILIARIA,beca.pe,wordpress_sitemap_rest_html,phase5_wordpress_html_jsonld,email,2,0,0,0,100,0,0,0,0,0,not_recommended,Campo no observado en la muestra Fase 5.
webs_propias_phase7_2026-06-14T20-43-50-127Z,BECA INMOBILIARIA,beca.pe,wordpress_sitemap_rest_html,phase5_wordpress_html_jsonld,financing_banks,2,0,0,0,100,0,0,0,0,0,not_recommended,Campo no observado en la muestra Fase 5.
webs_propias_phase7_2026-06-14T20-43-50-127Z,BECA INMOBILIARIA,beca.pe,wordpress_sitemap_rest_html,phase5_wordpress_html_jsonld,latitude,2,0,0,0,100,0,0,0,0,0,not_recommended,Campo no observado en la muestra Fase 5.
webs_propias_phase7_2026-06-14T20-43-50-127Z,BECA INMOBILIARIA,beca.pe,wordpress_sitemap_rest_html,phase5_wordpress_html_jsonld,longitude,2,0,0,0,100,0,0,0,0,0,not_recommended,Campo no observado en la muestra Fase 5.
webs_propias_phase7_2026-06-14T20-43-50-127Z,DKASA,dkasa.com.pe,wordpress_sitemap_rest_html,phase5_wordpress_html_jsonld,source_url,2,2,100,100,0,0,0,0,0,100,primary_candidate,Campo critico con cobertura y evidencia suficientes en la muestra.
webs_propias_phase7_2026-06-14T20-43-50-127Z,DKASA,dkasa.com.pe,wordpress_sitemap_rest_html,phase5_wordpress_html_jsonld,agency_name,2,2,100,100,0,0,0,0,0,100,primary_candidate,Campo critico con cobertura y evidencia suficientes en la muestra.
webs_propias_phase7_2026-06-14T20-43-50-127Z,DKASA,dkasa.com.pe,wordpress_sitemap_rest_html,phase5_wordpress_html_jsonld,project_name,2,2,100,66,0,0,0,0,0,100,primary_candidate,Campo critico con cobertura y evidencia suficientes en la muestra.
webs_propias_phase7_2026-06-14T20-43-50-127Z,DKASA,dkasa.com.pe,wordpress_sitemap_rest_html,phase5_wordpress_html_jsonld,district,2,2,100,66,0,0,0,100,0,100,manual_review,Mismatch alto contra Nexo en registros comparables.
webs_propias_phase7_2026-06-14T20-43-50-127Z,DKASA,dkasa.com.pe,wordpress_sitemap_rest_html,phase5_wordpress_html_jsonld,address,2,2,100,66,0,0,0,0,0,100,primary_candidate,Campo critico con cobertura y evidencia suficientes en la muestra.
webs_propias_phase7_2026-06-14T20-43-50-127Z,DKASA,dkasa.com.pe,wordpress_sitemap_rest_html,phase5_wordpress_html_jsonld,typology,2,2,100,66,0,0,0,0,0,100,primary_candidate,Campo critico con cobertura y evidencia suficientes en la muestra.
webs_propias_phase7_2026-06-14T20-43-50-127Z,DKASA,dkasa.com.pe,wordpress_sitemap_rest_html,phase5_wordpress_html_jsonld,bedrooms,2,2,100,66,0,0,0,0,0,100,primary_candidate,Campo critico con cobertura y evidencia suficientes en la muestra.
webs_propias_phase7_2026-06-14T20-43-50-127Z,DKASA,dkasa.com.pe,wordpress_sitemap_rest_html,phase5_wordpress_html_jsonld,total_area,2,2,100,66,0,0,0,0,0,100,primary_candidate,Campo critico con cobertura y evidencia suficientes en la muestra.
webs_propias_phase7_2026-06-14T20-43-50-127Z,DKASA,dkasa.com.pe,wordpress_sitemap_rest_html,phase5_wordpress_html_jsonld,unit_status,2,2,100,33,0,0,0,0,0,100,primary_candidate,Campo critico con cobertura y evidencia suficientes en la muestra.
webs_propias_phase7_2026-06-14T20-43-50-127Z,DKASA,dkasa.com.pe,wordpress_sitemap_rest_html,phase5_wordpress_html_jsonld,unit_count,2,0,0,0,100,0,0,0,0,0,not_recommended,Campo no observado en la muestra Fase 5.
webs_propias_phase7_2026-06-14T20-43-50-127Z,DKASA,dkasa.com.pe,wordpress_sitemap_rest_html,phase5_wordpress_html_jsonld,list_price_avg,2,0,0,0,100,0,0,0,0,0,not_recommended,Campo no observado en la muestra Fase 5.
webs_propias_phase7_2026-06-14T20-43-50-127Z,DKASA,dkasa.com.pe,wordpress_sitemap_rest_html,phase5_wordpress_html_jsonld,currency,2,0,0,0,100,0,0,0,0,0,not_recommended,Campo no observado en la muestra Fase 5.
webs_propias_phase7_2026-06-14T20-43-50-127Z,DKASA,dkasa.com.pe,wordpress_sitemap_rest_html,phase5_wordpress_html_jsonld,delivery_year,2,0,0,0,100,0,0,0,0,0,not_recommended,Campo no observado en la muestra Fase 5.
webs_propias_phase7_2026-06-14T20-43-50-127Z,DKASA,dkasa.com.pe,wordpress_sitemap_rest_html,phase5_wordpress_html_jsonld,delivery_date,2,0,0,0,100,0,0,0,0,0,not_recommended,Campo no observado en la muestra Fase 5.
webs_propias_phase7_2026-06-14T20-43-50-127Z,DKASA,dkasa.com.pe,wordpress_sitemap_rest_html,phase5_wordpress_html_jsonld,description,2,2,100,66,0,0,0,0,0,100,enrichment_only,"Campo util para enriquecimiento, no necesariamente fuente primaria."
webs_propias_phase7_2026-06-14T20-43-50-127Z,DKASA,dkasa.com.pe,wordpress_sitemap_rest_html,phase5_wordpress_html_jsonld,amenities,2,2,100,33,0,0,0,0,0,100,enrichment_only,"Campo util para enriquecimiento, no necesariamente fuente primaria."
webs_propias_phase7_2026-06-14T20-43-50-127Z,DKASA,dkasa.com.pe,wordpress_sitemap_rest_html,phase5_wordpress_html_jsonld,contact_name,2,0,0,0,100,0,0,0,0,0,not_recommended,Campo no observado en la muestra Fase 5.
webs_propias_phase7_2026-06-14T20-43-50-127Z,DKASA,dkasa.com.pe,wordpress_sitemap_rest_html,phase5_wordpress_html_jsonld,contact_phone,2,2,100,66,0,0,0,0,0,100,enrichment_only,"Campo util para enriquecimiento, no necesariamente fuente primaria."
webs_propias_phase7_2026-06-14T20-43-50-127Z,DKASA,dkasa.com.pe,wordpress_sitemap_rest_html,phase5_wordpress_html_jsonld,whatsapp,2,2,100,66,0,0,0,0,0,100,enrichment_only,"Campo util para enriquecimiento, no necesariamente fuente primaria."
webs_propias_phase7_2026-06-14T20-43-50-127Z,DKASA,dkasa.com.pe,wordpress_sitemap_rest_html,phase5_wordpress_html_jsonld,email,2,2,100,66,0,0,0,0,0,100,enrichment_only,"Campo util para enriquecimiento, no necesariamente fuente primaria."
webs_propias_phase7_2026-06-14T20-43-50-127Z,DKASA,dkasa.com.pe,wordpress_sitemap_rest_html,phase5_wordpress_html_jsonld,financing_banks,2,0,0,0,100,0,0,0,0,0,not_recommended,Campo no observado en la muestra Fase 5.
webs_propias_phase7_2026-06-14T20-43-50-127Z,DKASA,dkasa.com.pe,wordpress_sitemap_rest_html,phase5_wordpress_html_jsonld,latitude,2,0,0,0,100,0,0,100,0,0,not_recommended,Campo no observado en la muestra Fase 5.
webs_propias_phase7_2026-06-14T20-43-50-127Z,DKASA,dkasa.com.pe,wordpress_sitemap_rest_html,phase5_wordpress_html_jsonld,longitude,2,0,0,0,100,0,0,100,0,0,not_recommended,Campo no observado en la muestra Fase 5.
webs_propias_phase7_2026-06-14T20-43-50-127Z,MULTIURBE,multiurbe.com,wordpress_sitemap_rest_html,phase5_wordpress_html_jsonld,source_url,2,2,100,100,0,0,0,0,0,100,primary_candidate,Campo critico con cobertura y evidencia suficientes en la muestra.
webs_propias_phase7_2026-06-14T20-43-50-127Z,MULTIURBE,multiurbe.com,wordpress_sitemap_rest_html,phase5_wordpress_html_jsonld,agency_name,2,2,100,100,0,0,0,0,0,100,primary_candidate,Campo critico con cobertura y evidencia suficientes en la muestra.
webs_propias_phase7_2026-06-14T20-43-50-127Z,MULTIURBE,multiurbe.com,wordpress_sitemap_rest_html,phase5_wordpress_html_jsonld,project_name,2,2,100,66,0,0,0,0,0,100,primary_candidate,Campo critico con cobertura y evidencia suficientes en la muestra.
webs_propias_phase7_2026-06-14T20-43-50-127Z,MULTIURBE,multiurbe.com,wordpress_sitemap_rest_html,phase5_wordpress_html_jsonld,district,2,2,100,66,0,0,0,0,0,100,primary_candidate,Campo critico con cobertura y evidencia suficientes en la muestra.
webs_propias_phase7_2026-06-14T20-43-50-127Z,MULTIURBE,multiurbe.com,wordpress_sitemap_rest_html,phase5_wordpress_html_jsonld,address,2,2,100,66,0,0,0,50,0,100,manual_review,Mismatch alto contra Nexo en registros comparables.
webs_propias_phase7_2026-06-14T20-43-50-127Z,MULTIURBE,multiurbe.com,wordpress_sitemap_rest_html,phase5_wordpress_html_jsonld,typology,2,2,100,66,0,0,0,0,0,100,primary_candidate,Campo critico con cobertura y evidencia suficientes en la muestra.
webs_propias_phase7_2026-06-14T20-43-50-127Z,MULTIURBE,multiurbe.com,wordpress_sitemap_rest_html,phase5_wordpress_html_jsonld,bedrooms,2,2,100,66,0,0,0,0,2,100,primary_candidate,Campo critico con cobertura y evidencia suficientes en la muestra.
webs_propias_phase7_2026-06-14T20-43-50-127Z,MULTIURBE,multiurbe.com,wordpress_sitemap_rest_html,phase5_wordpress_html_jsonld,total_area,2,2,100,66,0,0,0,0,0,100,primary_candidate,Campo critico con cobertura y evidencia suficientes en la muestra.
webs_propias_phase7_2026-06-14T20-43-50-127Z,MULTIURBE,multiurbe.com,wordpress_sitemap_rest_html,phase5_wordpress_html_jsonld,unit_status,2,1,50,33,50,0,0,0,0,100,enrichment_only,"Campo util para enriquecimiento, no necesariamente fuente primaria."
webs_propias_phase7_2026-06-14T20-43-50-127Z,MULTIURBE,multiurbe.com,wordpress_sitemap_rest_html,phase5_wordpress_html_jsonld,unit_count,2,0,0,0,100,0,0,0,0,0,not_recommended,Campo no observado en la muestra Fase 5.
webs_propias_phase7_2026-06-14T20-43-50-127Z,MULTIURBE,multiurbe.com,wordpress_sitemap_rest_html,phase5_wordpress_html_jsonld,list_price_avg,2,0,0,0,100,0,0,0,0,0,not_recommended,Campo no observado en la muestra Fase 5.
webs_propias_phase7_2026-06-14T20-43-50-127Z,MULTIURBE,multiurbe.com,wordpress_sitemap_rest_html,phase5_wordpress_html_jsonld,currency,2,0,0,0,100,0,0,0,0,0,not_recommended,Campo no observado en la muestra Fase 5.
webs_propias_phase7_2026-06-14T20-43-50-127Z,MULTIURBE,multiurbe.com,wordpress_sitemap_rest_html,phase5_wordpress_html_jsonld,delivery_year,2,2,100,66,0,0,0,0,0,100,primary_candidate,Campo critico con cobertura y evidencia suficientes en la muestra.
webs_propias_phase7_2026-06-14T20-43-50-127Z,MULTIURBE,multiurbe.com,wordpress_sitemap_rest_html,phase5_wordpress_html_jsonld,delivery_date,2,2,100,66,0,0,0,0,0,100,primary_candidate,Campo critico con cobertura y evidencia suficientes en la muestra.
webs_propias_phase7_2026-06-14T20-43-50-127Z,MULTIURBE,multiurbe.com,wordpress_sitemap_rest_html,phase5_wordpress_html_jsonld,description,2,2,100,66,0,0,0,0,0,100,enrichment_only,"Campo util para enriquecimiento, no necesariamente fuente primaria."
webs_propias_phase7_2026-06-14T20-43-50-127Z,MULTIURBE,multiurbe.com,wordpress_sitemap_rest_html,phase5_wordpress_html_jsonld,amenities,2,2,100,33,0,0,0,0,0,100,enrichment_only,"Campo util para enriquecimiento, no necesariamente fuente primaria."
webs_propias_phase7_2026-06-14T20-43-50-127Z,MULTIURBE,multiurbe.com,wordpress_sitemap_rest_html,phase5_wordpress_html_jsonld,contact_name,2,0,0,0,100,0,0,0,0,0,not_recommended,Campo no observado en la muestra Fase 5.
webs_propias_phase7_2026-06-14T20-43-50-127Z,MULTIURBE,multiurbe.com,wordpress_sitemap_rest_html,phase5_wordpress_html_jsonld,contact_phone,2,2,100,66,0,0,0,0,0,100,enrichment_only,"Campo util para enriquecimiento, no necesariamente fuente primaria."
webs_propias_phase7_2026-06-14T20-43-50-127Z,MULTIURBE,multiurbe.com,wordpress_sitemap_rest_html,phase5_wordpress_html_jsonld,whatsapp,2,2,100,66,0,0,0,0,0,100,enrichment_only,"Campo util para enriquecimiento, no necesariamente fuente primaria."
webs_propias_phase7_2026-06-14T20-43-50-127Z,MULTIURBE,multiurbe.com,wordpress_sitemap_rest_html,phase5_wordpress_html_jsonld,email,2,2,100,66,0,0,0,0,0,100,enrichment_only,"Campo util para enriquecimiento, no necesariamente fuente primaria."
webs_propias_phase7_2026-06-14T20-43-50-127Z,MULTIURBE,multiurbe.com,wordpress_sitemap_rest_html,phase5_wordpress_html_jsonld,financing_banks,2,0,0,0,100,0,0,0,0,0,not_recommended,Campo no observado en la muestra Fase 5.
webs_propias_phase7_2026-06-14T20-43-50-127Z,MULTIURBE,multiurbe.com,wordpress_sitemap_rest_html,phase5_wordpress_html_jsonld,latitude,2,0,0,0,100,0,0,100,0,0,not_recommended,Campo no observado en la muestra Fase 5.
webs_propias_phase7_2026-06-14T20-43-50-127Z,MULTIURBE,multiurbe.com,wordpress_sitemap_rest_html,phase5_wordpress_html_jsonld,longitude,2,0,0,0,100,0,0,100,0,0,not_recommended,Campo no observado en la muestra Fase 5.
webs_propias_phase7_2026-06-14T20-43-50-127Z,SAN CHARBEL EDIFICACIONES,sancharbel.pe,embedded_json_html,phase5_embedded_json_html,source_url,2,2,100,100,0,0,0,0,0,100,primary_candidate,Campo critico con cobertura y evidencia suficientes en la muestra.
webs_propias_phase7_2026-06-14T20-43-50-127Z,SAN CHARBEL EDIFICACIONES,sancharbel.pe,embedded_json_html,phase5_embedded_json_html,agency_name,2,2,100,100,0,0,0,0,0,100,primary_candidate,Campo critico con cobertura y evidencia suficientes en la muestra.
webs_propias_phase7_2026-06-14T20-43-50-127Z,SAN CHARBEL EDIFICACIONES,sancharbel.pe,embedded_json_html,phase5_embedded_json_html,project_name,2,2,100,66,0,0,0,0,0,100,primary_candidate,Campo critico con cobertura y evidencia suficientes en la muestra.
webs_propias_phase7_2026-06-14T20-43-50-127Z,SAN CHARBEL EDIFICACIONES,sancharbel.pe,embedded_json_html,phase5_embedded_json_html,district,2,2,100,66,0,0,0,0,0,100,primary_candidate,Campo critico con cobertura y evidencia suficientes en la muestra.
webs_propias_phase7_2026-06-14T20-43-50-127Z,SAN CHARBEL EDIFICACIONES,sancharbel.pe,embedded_json_html,phase5_embedded_json_html,address,2,2,100,66,0,0,0,0,0,100,primary_candidate,Campo critico con cobertura y evidencia suficientes en la muestra.
webs_propias_phase7_2026-06-14T20-43-50-127Z,SAN CHARBEL EDIFICACIONES,sancharbel.pe,embedded_json_html,phase5_embedded_json_html,typology,2,2,100,66,0,0,0,0,0,100,primary_candidate,Campo critico con cobertura y evidencia suficientes en la muestra.
webs_propias_phase7_2026-06-14T20-43-50-127Z,SAN CHARBEL EDIFICACIONES,sancharbel.pe,embedded_json_html,phase5_embedded_json_html,bedrooms,2,2,100,66,0,0,0,0,0,100,primary_candidate,Campo critico con cobertura y evidencia suficientes en la muestra.
webs_propias_phase7_2026-06-14T20-43-50-127Z,SAN CHARBEL EDIFICACIONES,sancharbel.pe,embedded_json_html,phase5_embedded_json_html,total_area,2,0,0,0,100,0,0,0,0,0,not_recommended,Campo no observado en la muestra Fase 5.
webs_propias_phase7_2026-06-14T20-43-50-127Z,SAN CHARBEL EDIFICACIONES,sancharbel.pe,embedded_json_html,phase5_embedded_json_html,unit_status,2,2,100,33,0,0,0,0,0,100,primary_candidate,Campo critico con cobertura y evidencia suficientes en la muestra.
webs_propias_phase7_2026-06-14T20-43-50-127Z,SAN CHARBEL EDIFICACIONES,sancharbel.pe,embedded_json_html,phase5_embedded_json_html,unit_count,2,0,0,0,100,0,0,0,0,0,not_recommended,Campo no observado en la muestra Fase 5.
webs_propias_phase7_2026-06-14T20-43-50-127Z,SAN CHARBEL EDIFICACIONES,sancharbel.pe,embedded_json_html,phase5_embedded_json_html,list_price_avg,2,0,0,0,100,0,0,0,0,0,not_recommended,Campo no observado en la muestra Fase 5.
webs_propias_phase7_2026-06-14T20-43-50-127Z,SAN CHARBEL EDIFICACIONES,sancharbel.pe,embedded_json_html,phase5_embedded_json_html,currency,2,0,0,0,100,0,0,0,0,0,not_recommended,Campo no observado en la muestra Fase 5.
webs_propias_phase7_2026-06-14T20-43-50-127Z,SAN CHARBEL EDIFICACIONES,sancharbel.pe,embedded_json_html,phase5_embedded_json_html,delivery_year,2,0,0,0,100,0,0,0,0,0,not_recommended,Campo no observado en la muestra Fase 5.
webs_propias_phase7_2026-06-14T20-43-50-127Z,SAN CHARBEL EDIFICACIONES,sancharbel.pe,embedded_json_html,phase5_embedded_json_html,delivery_date,2,0,0,0,100,0,0,0,0,0,not_recommended,Campo no observado en la muestra Fase 5.
webs_propias_phase7_2026-06-14T20-43-50-127Z,SAN CHARBEL EDIFICACIONES,sancharbel.pe,embedded_json_html,phase5_embedded_json_html,description,2,2,100,66,0,0,0,0,0,100,enrichment_only,"Campo util para enriquecimiento, no necesariamente fuente primaria."
webs_propias_phase7_2026-06-14T20-43-50-127Z,SAN CHARBEL EDIFICACIONES,sancharbel.pe,embedded_json_html,phase5_embedded_json_html,amenities,2,0,0,0,100,0,0,0,0,0,not_recommended,Campo no observado en la muestra Fase 5.
webs_propias_phase7_2026-06-14T20-43-50-127Z,SAN CHARBEL EDIFICACIONES,sancharbel.pe,embedded_json_html,phase5_embedded_json_html,contact_name,2,0,0,0,100,0,0,0,0,0,not_recommended,Campo no observado en la muestra Fase 5.
webs_propias_phase7_2026-06-14T20-43-50-127Z,SAN CHARBEL EDIFICACIONES,sancharbel.pe,embedded_json_html,phase5_embedded_json_html,contact_phone,2,1,50,66,50,0,0,0,0,100,enrichment_only,"Campo util para enriquecimiento, no necesariamente fuente primaria."
webs_propias_phase7_2026-06-14T20-43-50-127Z,SAN CHARBEL EDIFICACIONES,sancharbel.pe,embedded_json_html,phase5_embedded_json_html,whatsapp,2,2,100,66,0,0,0,0,0,100,enrichment_only,"Campo util para enriquecimiento, no necesariamente fuente primaria."
webs_propias_phase7_2026-06-14T20-43-50-127Z,SAN CHARBEL EDIFICACIONES,sancharbel.pe,embedded_json_html,phase5_embedded_json_html,email,2,1,50,66,50,0,0,0,0,100,enrichment_only,"Campo util para enriquecimiento, no necesariamente fuente primaria."
webs_propias_phase7_2026-06-14T20-43-50-127Z,SAN CHARBEL EDIFICACIONES,sancharbel.pe,embedded_json_html,phase5_embedded_json_html,financing_banks,2,0,0,0,100,0,0,0,0,0,not_recommended,Campo no observado en la muestra Fase 5.
webs_propias_phase7_2026-06-14T20-43-50-127Z,SAN CHARBEL EDIFICACIONES,sancharbel.pe,embedded_json_html,phase5_embedded_json_html,latitude,2,0,0,0,100,0,0,0,0,0,not_recommended,Campo no observado en la muestra Fase 5.
webs_propias_phase7_2026-06-14T20-43-50-127Z,SAN CHARBEL EDIFICACIONES,sancharbel.pe,embedded_json_html,phase5_embedded_json_html,longitude,2,0,0,0,100,0,0,0,0,0,not_recommended,Campo no observado en la muestra Fase 5.
webs_propias_phase7_2026-06-14T20-43-50-127Z,ORTIZ INMOBILIARIA,oiperu.com,wordpress_sitemap_rest_html,phase5_wordpress_html_jsonld,source_url,2,2,100,100,0,0,0,0,0,100,primary_candidate,Campo critico con cobertura y evidencia suficientes en la muestra.
webs_propias_phase7_2026-06-14T20-43-50-127Z,ORTIZ INMOBILIARIA,oiperu.com,wordpress_sitemap_rest_html,phase5_wordpress_html_jsonld,agency_name,2,2,100,100,0,0,0,0,0,100,primary_candidate,Campo critico con cobertura y evidencia suficientes en la muestra.
webs_propias_phase7_2026-06-14T20-43-50-127Z,ORTIZ INMOBILIARIA,oiperu.com,wordpress_sitemap_rest_html,phase5_wordpress_html_jsonld,project_name,2,2,100,66,0,0,0,0,0,100,primary_candidate,Campo critico con cobertura y evidencia suficientes en la muestra.
webs_propias_phase7_2026-06-14T20-43-50-127Z,ORTIZ INMOBILIARIA,oiperu.com,wordpress_sitemap_rest_html,phase5_wordpress_html_jsonld,district,2,2,100,66,0,0,0,0,0,100,primary_candidate,Campo critico con cobertura y evidencia suficientes en la muestra.
webs_propias_phase7_2026-06-14T20-43-50-127Z,ORTIZ INMOBILIARIA,oiperu.com,wordpress_sitemap_rest_html,phase5_wordpress_html_jsonld,address,2,2,100,66,0,0,0,100,0,100,manual_review,Mismatch alto contra Nexo en registros comparables.
webs_propias_phase7_2026-06-14T20-43-50-127Z,ORTIZ INMOBILIARIA,oiperu.com,wordpress_sitemap_rest_html,phase5_wordpress_html_jsonld,typology,2,2,100,66,0,0,0,0,0,100,primary_candidate,Campo critico con cobertura y evidencia suficientes en la muestra.
webs_propias_phase7_2026-06-14T20-43-50-127Z,ORTIZ INMOBILIARIA,oiperu.com,wordpress_sitemap_rest_html,phase5_wordpress_html_jsonld,bedrooms,2,2,100,66,0,0,0,0,0,100,primary_candidate,Campo critico con cobertura y evidencia suficientes en la muestra.
webs_propias_phase7_2026-06-14T20-43-50-127Z,ORTIZ INMOBILIARIA,oiperu.com,wordpress_sitemap_rest_html,phase5_wordpress_html_jsonld,total_area,2,2,100,66,0,0,0,0,0,100,primary_candidate,Campo critico con cobertura y evidencia suficientes en la muestra.
webs_propias_phase7_2026-06-14T20-43-50-127Z,ORTIZ INMOBILIARIA,oiperu.com,wordpress_sitemap_rest_html,phase5_wordpress_html_jsonld,unit_status,2,2,100,33,0,0,0,0,0,100,primary_candidate,Campo critico con cobertura y evidencia suficientes en la muestra.
webs_propias_phase7_2026-06-14T20-43-50-127Z,ORTIZ INMOBILIARIA,oiperu.com,wordpress_sitemap_rest_html,phase5_wordpress_html_jsonld,unit_count,2,0,0,0,100,0,0,0,0,0,not_recommended,Campo no observado en la muestra Fase 5.
webs_propias_phase7_2026-06-14T20-43-50-127Z,ORTIZ INMOBILIARIA,oiperu.com,wordpress_sitemap_rest_html,phase5_wordpress_html_jsonld,list_price_avg,2,0,0,0,100,0,0,0,0,0,not_recommended,Campo no observado en la muestra Fase 5.
webs_propias_phase7_2026-06-14T20-43-50-127Z,ORTIZ INMOBILIARIA,oiperu.com,wordpress_sitemap_rest_html,phase5_wordpress_html_jsonld,currency,2,0,0,0,100,0,0,0,0,0,not_recommended,Campo no observado en la muestra Fase 5.
webs_propias_phase7_2026-06-14T20-43-50-127Z,ORTIZ INMOBILIARIA,oiperu.com,wordpress_sitemap_rest_html,phase5_wordpress_html_jsonld,delivery_year,2,0,0,0,100,0,0,0,0,0,not_recommended,Campo no observado en la muestra Fase 5.
webs_propias_phase7_2026-06-14T20-43-50-127Z,ORTIZ INMOBILIARIA,oiperu.com,wordpress_sitemap_rest_html,phase5_wordpress_html_jsonld,delivery_date,2,0,0,0,100,0,0,0,0,0,not_recommended,Campo no observado en la muestra Fase 5.
webs_propias_phase7_2026-06-14T20-43-50-127Z,ORTIZ INMOBILIARIA,oiperu.com,wordpress_sitemap_rest_html,phase5_wordpress_html_jsonld,description,2,2,100,66,0,0,0,0,0,100,enrichment_only,"Campo util para enriquecimiento, no necesariamente fuente primaria."
webs_propias_phase7_2026-06-14T20-43-50-127Z,ORTIZ INMOBILIARIA,oiperu.com,wordpress_sitemap_rest_html,phase5_wordpress_html_jsonld,amenities,2,2,100,33,0,0,0,0,0,100,enrichment_only,"Campo util para enriquecimiento, no necesariamente fuente primaria."
webs_propias_phase7_2026-06-14T20-43-50-127Z,ORTIZ INMOBILIARIA,oiperu.com,wordpress_sitemap_rest_html,phase5_wordpress_html_jsonld,contact_name,2,0,0,0,100,0,0,0,0,0,not_recommended,Campo no observado en la muestra Fase 5.
webs_propias_phase7_2026-06-14T20-43-50-127Z,ORTIZ INMOBILIARIA,oiperu.com,wordpress_sitemap_rest_html,phase5_wordpress_html_jsonld,contact_phone,2,2,100,66,0,0,0,0,0,100,enrichment_only,"Campo util para enriquecimiento, no necesariamente fuente primaria."
webs_propias_phase7_2026-06-14T20-43-50-127Z,ORTIZ INMOBILIARIA,oiperu.com,wordpress_sitemap_rest_html,phase5_wordpress_html_jsonld,whatsapp,2,0,0,0,100,0,0,0,0,0,not_recommended,Campo no observado en la muestra Fase 5.
webs_propias_phase7_2026-06-14T20-43-50-127Z,ORTIZ INMOBILIARIA,oiperu.com,wordpress_sitemap_rest_html,phase5_wordpress_html_jsonld,email,2,2,100,66,0,0,0,0,0,100,enrichment_only,"Campo util para enriquecimiento, no necesariamente fuente primaria."
webs_propias_phase7_2026-06-14T20-43-50-127Z,ORTIZ INMOBILIARIA,oiperu.com,wordpress_sitemap_rest_html,phase5_wordpress_html_jsonld,financing_banks,2,0,0,0,100,0,0,0,0,0,not_recommended,Campo no observado en la muestra Fase 5.
webs_propias_phase7_2026-06-14T20-43-50-127Z,ORTIZ INMOBILIARIA,oiperu.com,wordpress_sitemap_rest_html,phase5_wordpress_html_jsonld,latitude,2,0,0,0,100,0,0,100,0,0,not_recommended,Campo no observado en la muestra Fase 5.
webs_propias_phase7_2026-06-14T20-43-50-127Z,ORTIZ INMOBILIARIA,oiperu.com,wordpress_sitemap_rest_html,phase5_wordpress_html_jsonld,longitude,2,0,0,0,100,0,0,100,0,0,not_recommended,Campo no observado en la muestra Fase 5.
webs_propias_phase7_2026-06-14T20-43-50-127Z,URBALIMA,urbalima.pe,wordpress_sitemap_rest_html,phase5_wordpress_html_jsonld,source_url,2,2,100,100,0,0,0,0,0,100,primary_candidate,Campo critico con cobertura y evidencia suficientes en la muestra.
webs_propias_phase7_2026-06-14T20-43-50-127Z,URBALIMA,urbalima.pe,wordpress_sitemap_rest_html,phase5_wordpress_html_jsonld,agency_name,2,2,100,100,0,0,0,0,0,100,primary_candidate,Campo critico con cobertura y evidencia suficientes en la muestra.
webs_propias_phase7_2026-06-14T20-43-50-127Z,URBALIMA,urbalima.pe,wordpress_sitemap_rest_html,phase5_wordpress_html_jsonld,project_name,2,2,100,66,0,0,0,0,0,100,primary_candidate,Campo critico con cobertura y evidencia suficientes en la muestra.
webs_propias_phase7_2026-06-14T20-43-50-127Z,URBALIMA,urbalima.pe,wordpress_sitemap_rest_html,phase5_wordpress_html_jsonld,district,2,2,100,66,0,0,0,100,0,100,manual_review,Mismatch alto contra Nexo en registros comparables.
webs_propias_phase7_2026-06-14T20-43-50-127Z,URBALIMA,urbalima.pe,wordpress_sitemap_rest_html,phase5_wordpress_html_jsonld,address,2,2,100,66,0,0,0,100,0,100,manual_review,Mismatch alto contra Nexo en registros comparables.
webs_propias_phase7_2026-06-14T20-43-50-127Z,URBALIMA,urbalima.pe,wordpress_sitemap_rest_html,phase5_wordpress_html_jsonld,typology,2,1,50,66,50,0,0,0,0,100,enrichment_only,"Campo util para enriquecimiento, no necesariamente fuente primaria."
webs_propias_phase7_2026-06-14T20-43-50-127Z,URBALIMA,urbalima.pe,wordpress_sitemap_rest_html,phase5_wordpress_html_jsonld,bedrooms,2,2,100,66,0,0,0,0,0,100,primary_candidate,Campo critico con cobertura y evidencia suficientes en la muestra.
webs_propias_phase7_2026-06-14T20-43-50-127Z,URBALIMA,urbalima.pe,wordpress_sitemap_rest_html,phase5_wordpress_html_jsonld,total_area,2,2,100,66,0,0,0,0,0,100,primary_candidate,Campo critico con cobertura y evidencia suficientes en la muestra.
webs_propias_phase7_2026-06-14T20-43-50-127Z,URBALIMA,urbalima.pe,wordpress_sitemap_rest_html,phase5_wordpress_html_jsonld,unit_status,2,2,100,33,0,0,0,0,0,100,primary_candidate,Campo critico con cobertura y evidencia suficientes en la muestra.
webs_propias_phase7_2026-06-14T20-43-50-127Z,URBALIMA,urbalima.pe,wordpress_sitemap_rest_html,phase5_wordpress_html_jsonld,unit_count,2,0,0,0,100,0,0,0,0,0,not_recommended,Campo no observado en la muestra Fase 5.
webs_propias_phase7_2026-06-14T20-43-50-127Z,URBALIMA,urbalima.pe,wordpress_sitemap_rest_html,phase5_wordpress_html_jsonld,list_price_avg,2,0,0,0,100,0,0,0,0,0,not_recommended,Campo no observado en la muestra Fase 5.
webs_propias_phase7_2026-06-14T20-43-50-127Z,URBALIMA,urbalima.pe,wordpress_sitemap_rest_html,phase5_wordpress_html_jsonld,currency,2,0,0,0,100,0,0,0,0,0,not_recommended,Campo no observado en la muestra Fase 5.
webs_propias_phase7_2026-06-14T20-43-50-127Z,URBALIMA,urbalima.pe,wordpress_sitemap_rest_html,phase5_wordpress_html_jsonld,delivery_year,2,0,0,0,100,0,0,0,0,0,not_recommended,Campo no observado en la muestra Fase 5.
webs_propias_phase7_2026-06-14T20-43-50-127Z,URBALIMA,urbalima.pe,wordpress_sitemap_rest_html,phase5_wordpress_html_jsonld,delivery_date,2,0,0,0,100,0,0,0,0,0,not_recommended,Campo no observado en la muestra Fase 5.
webs_propias_phase7_2026-06-14T20-43-50-127Z,URBALIMA,urbalima.pe,wordpress_sitemap_rest_html,phase5_wordpress_html_jsonld,description,2,2,100,66,0,0,0,0,0,100,enrichment_only,"Campo util para enriquecimiento, no necesariamente fuente primaria."
webs_propias_phase7_2026-06-14T20-43-50-127Z,URBALIMA,urbalima.pe,wordpress_sitemap_rest_html,phase5_wordpress_html_jsonld,amenities,2,2,100,33,0,0,0,0,0,100,enrichment_only,"Campo util para enriquecimiento, no necesariamente fuente primaria."
webs_propias_phase7_2026-06-14T20-43-50-127Z,URBALIMA,urbalima.pe,wordpress_sitemap_rest_html,phase5_wordpress_html_jsonld,contact_name,2,0,0,0,100,0,0,0,0,0,not_recommended,Campo no observado en la muestra Fase 5.
webs_propias_phase7_2026-06-14T20-43-50-127Z,URBALIMA,urbalima.pe,wordpress_sitemap_rest_html,phase5_wordpress_html_jsonld,contact_phone,2,2,100,66,0,0,0,0,0,100,enrichment_only,"Campo util para enriquecimiento, no necesariamente fuente primaria."
webs_propias_phase7_2026-06-14T20-43-50-127Z,URBALIMA,urbalima.pe,wordpress_sitemap_rest_html,phase5_wordpress_html_jsonld,whatsapp,2,2,100,66,0,0,0,0,0,100,enrichment_only,"Campo util para enriquecimiento, no necesariamente fuente primaria."
webs_propias_phase7_2026-06-14T20-43-50-127Z,URBALIMA,urbalima.pe,wordpress_sitemap_rest_html,phase5_wordpress_html_jsonld,email,2,0,0,0,100,0,0,0,0,0,not_recommended,Campo no observado en la muestra Fase 5.
webs_propias_phase7_2026-06-14T20-43-50-127Z,URBALIMA,urbalima.pe,wordpress_sitemap_rest_html,phase5_wordpress_html_jsonld,financing_banks,2,0,0,0,100,0,0,0,0,0,not_recommended,Campo no observado en la muestra Fase 5.
webs_propias_phase7_2026-06-14T20-43-50-127Z,URBALIMA,urbalima.pe,wordpress_sitemap_rest_html,phase5_wordpress_html_jsonld,latitude,2,0,0,0,100,0,0,100,0,0,not_recommended,Campo no observado en la muestra Fase 5.
webs_propias_phase7_2026-06-14T20-43-50-127Z,URBALIMA,urbalima.pe,wordpress_sitemap_rest_html,phase5_wordpress_html_jsonld,longitude,2,0,0,0,100,0,0,100,0,0,not_recommended,Campo no observado en la muestra Fase 5.
webs_propias_phase7_2026-06-14T20-43-50-127Z,GRANADERO INMOBILIARIA,granadero.com.pe,wordpress_sitemap_rest_html,phase5_wordpress_html_jsonld,source_url,2,2,100,100,0,0,0,0,0,100,primary_candidate,Campo critico con cobertura y evidencia suficientes en la muestra.
webs_propias_phase7_2026-06-14T20-43-50-127Z,GRANADERO INMOBILIARIA,granadero.com.pe,wordpress_sitemap_rest_html,phase5_wordpress_html_jsonld,agency_name,2,2,100,100,0,0,0,0,0,100,primary_candidate,Campo critico con cobertura y evidencia suficientes en la muestra.
webs_propias_phase7_2026-06-14T20-43-50-127Z,GRANADERO INMOBILIARIA,granadero.com.pe,wordpress_sitemap_rest_html,phase5_wordpress_html_jsonld,project_name,2,2,100,66,0,0,0,0,0,100,primary_candidate,Campo critico con cobertura y evidencia suficientes en la muestra.
webs_propias_phase7_2026-06-14T20-43-50-127Z,GRANADERO INMOBILIARIA,granadero.com.pe,wordpress_sitemap_rest_html,phase5_wordpress_html_jsonld,district,2,2,100,66,0,0,0,0,0,100,primary_candidate,Campo critico con cobertura y evidencia suficientes en la muestra.
webs_propias_phase7_2026-06-14T20-43-50-127Z,GRANADERO INMOBILIARIA,granadero.com.pe,wordpress_sitemap_rest_html,phase5_wordpress_html_jsonld,address,2,2,100,66,0,0,0,50,0,100,manual_review,Mismatch alto contra Nexo en registros comparables.
webs_propias_phase7_2026-06-14T20-43-50-127Z,GRANADERO INMOBILIARIA,granadero.com.pe,wordpress_sitemap_rest_html,phase5_wordpress_html_jsonld,typology,2,0,0,0,100,0,0,0,0,0,not_recommended,Campo no observado en la muestra Fase 5.
webs_propias_phase7_2026-06-14T20-43-50-127Z,GRANADERO INMOBILIARIA,granadero.com.pe,wordpress_sitemap_rest_html,phase5_wordpress_html_jsonld,bedrooms,2,0,0,0,100,0,0,0,0,0,not_recommended,Campo no observado en la muestra Fase 5.
webs_propias_phase7_2026-06-14T20-43-50-127Z,GRANADERO INMOBILIARIA,granadero.com.pe,wordpress_sitemap_rest_html,phase5_wordpress_html_jsonld,total_area,2,2,100,66,0,0,0,0,0,100,primary_candidate,Campo critico con cobertura y evidencia suficientes en la muestra.
webs_propias_phase7_2026-06-14T20-43-50-127Z,GRANADERO INMOBILIARIA,granadero.com.pe,wordpress_sitemap_rest_html,phase5_wordpress_html_jsonld,unit_status,2,1,50,33,50,0,0,0,0,100,enrichment_only,"Campo util para enriquecimiento, no necesariamente fuente primaria."
webs_propias_phase7_2026-06-14T20-43-50-127Z,GRANADERO INMOBILIARIA,granadero.com.pe,wordpress_sitemap_rest_html,phase5_wordpress_html_jsonld,unit_count,2,0,0,0,100,0,0,0,0,0,not_recommended,Campo no observado en la muestra Fase 5.
webs_propias_phase7_2026-06-14T20-43-50-127Z,GRANADERO INMOBILIARIA,granadero.com.pe,wordpress_sitemap_rest_html,phase5_wordpress_html_jsonld,list_price_avg,2,0,0,0,100,0,0,0,0,0,not_recommended,Campo no observado en la muestra Fase 5.
webs_propias_phase7_2026-06-14T20-43-50-127Z,GRANADERO INMOBILIARIA,granadero.com.pe,wordpress_sitemap_rest_html,phase5_wordpress_html_jsonld,currency,2,0,0,0,100,0,0,0,0,0,not_recommended,Campo no observado en la muestra Fase 5.
webs_propias_phase7_2026-06-14T20-43-50-127Z,GRANADERO INMOBILIARIA,granadero.com.pe,wordpress_sitemap_rest_html,phase5_wordpress_html_jsonld,delivery_year,2,0,0,0,100,0,0,0,0,0,not_recommended,Campo no observado en la muestra Fase 5.
webs_propias_phase7_2026-06-14T20-43-50-127Z,GRANADERO INMOBILIARIA,granadero.com.pe,wordpress_sitemap_rest_html,phase5_wordpress_html_jsonld,delivery_date,2,0,0,0,100,0,0,0,0,0,not_recommended,Campo no observado en la muestra Fase 5.
webs_propias_phase7_2026-06-14T20-43-50-127Z,GRANADERO INMOBILIARIA,granadero.com.pe,wordpress_sitemap_rest_html,phase5_wordpress_html_jsonld,description,2,0,0,0,100,0,0,0,0,0,not_recommended,Campo no observado en la muestra Fase 5.
webs_propias_phase7_2026-06-14T20-43-50-127Z,GRANADERO INMOBILIARIA,granadero.com.pe,wordpress_sitemap_rest_html,phase5_wordpress_html_jsonld,amenities,2,1,50,33,50,0,0,0,0,100,enrichment_only,"Campo util para enriquecimiento, no necesariamente fuente primaria."
webs_propias_phase7_2026-06-14T20-43-50-127Z,GRANADERO INMOBILIARIA,granadero.com.pe,wordpress_sitemap_rest_html,phase5_wordpress_html_jsonld,contact_name,2,0,0,0,100,0,0,0,0,0,not_recommended,Campo no observado en la muestra Fase 5.
webs_propias_phase7_2026-06-14T20-43-50-127Z,GRANADERO INMOBILIARIA,granadero.com.pe,wordpress_sitemap_rest_html,phase5_wordpress_html_jsonld,contact_phone,2,2,100,66,0,0,0,0,0,100,enrichment_only,"Campo util para enriquecimiento, no necesariamente fuente primaria."
webs_propias_phase7_2026-06-14T20-43-50-127Z,GRANADERO INMOBILIARIA,granadero.com.pe,wordpress_sitemap_rest_html,phase5_wordpress_html_jsonld,whatsapp,2,2,100,66,0,0,0,0,0,100,enrichment_only,"Campo util para enriquecimiento, no necesariamente fuente primaria."
webs_propias_phase7_2026-06-14T20-43-50-127Z,GRANADERO INMOBILIARIA,granadero.com.pe,wordpress_sitemap_rest_html,phase5_wordpress_html_jsonld,email,2,2,100,66,0,0,0,0,0,100,enrichment_only,"Campo util para enriquecimiento, no necesariamente fuente primaria."
webs_propias_phase7_2026-06-14T20-43-50-127Z,GRANADERO INMOBILIARIA,granadero.com.pe,wordpress_sitemap_rest_html,phase5_wordpress_html_jsonld,financing_banks,2,0,0,0,100,0,0,0,0,0,not_recommended,Campo no observado en la muestra Fase 5.
webs_propias_phase7_2026-06-14T20-43-50-127Z,GRANADERO INMOBILIARIA,granadero.com.pe,wordpress_sitemap_rest_html,phase5_wordpress_html_jsonld,latitude,2,0,0,0,100,0,0,100,0,0,not_recommended,Campo no observado en la muestra Fase 5.
webs_propias_phase7_2026-06-14T20-43-50-127Z,GRANADERO INMOBILIARIA,granadero.com.pe,wordpress_sitemap_rest_html,phase5_wordpress_html_jsonld,longitude,2,0,0,0,100,0,0,100,0,0,not_recommended,Campo no observado en la muestra Fase 5.
webs_propias_phase7_2026-06-14T20-43-50-127Z,Morada,morada.pe,wordpress_sitemap_rest_html,phase5_wordpress_html_jsonld,source_url,2,2,100,100,0,0,0,0,0,100,primary_candidate,Campo critico con cobertura y evidencia suficientes en la muestra.
webs_propias_phase7_2026-06-14T20-43-50-127Z,Morada,morada.pe,wordpress_sitemap_rest_html,phase5_wordpress_html_jsonld,agency_name,2,2,100,100,0,0,0,0,0,100,primary_candidate,Campo critico con cobertura y evidencia suficientes en la muestra.
webs_propias_phase7_2026-06-14T20-43-50-127Z,Morada,morada.pe,wordpress_sitemap_rest_html,phase5_wordpress_html_jsonld,project_name,2,2,100,66,0,0,0,100,0,100,manual_review,Mismatch alto contra Nexo en registros comparables.
webs_propias_phase7_2026-06-14T20-43-50-127Z,Morada,morada.pe,wordpress_sitemap_rest_html,phase5_wordpress_html_jsonld,district,2,2,100,66,0,0,0,0,0,100,primary_candidate,Campo critico con cobertura y evidencia suficientes en la muestra.
webs_propias_phase7_2026-06-14T20-43-50-127Z,Morada,morada.pe,wordpress_sitemap_rest_html,phase5_wordpress_html_jsonld,address,2,2,100,66,0,0,0,100,0,100,manual_review,Mismatch alto contra Nexo en registros comparables.
webs_propias_phase7_2026-06-14T20-43-50-127Z,Morada,morada.pe,wordpress_sitemap_rest_html,phase5_wordpress_html_jsonld,typology,2,2,100,66,0,0,0,0,0,100,primary_candidate,Campo critico con cobertura y evidencia suficientes en la muestra.
webs_propias_phase7_2026-06-14T20-43-50-127Z,Morada,morada.pe,wordpress_sitemap_rest_html,phase5_wordpress_html_jsonld,bedrooms,2,0,0,0,100,0,0,0,0,0,not_recommended,Campo no observado en la muestra Fase 5.
webs_propias_phase7_2026-06-14T20-43-50-127Z,Morada,morada.pe,wordpress_sitemap_rest_html,phase5_wordpress_html_jsonld,total_area,2,2,100,66,0,0,0,0,0,100,primary_candidate,Campo critico con cobertura y evidencia suficientes en la muestra.
webs_propias_phase7_2026-06-14T20-43-50-127Z,Morada,morada.pe,wordpress_sitemap_rest_html,phase5_wordpress_html_jsonld,unit_status,2,2,100,33,0,0,0,0,0,100,primary_candidate,Campo critico con cobertura y evidencia suficientes en la muestra.
webs_propias_phase7_2026-06-14T20-43-50-127Z,Morada,morada.pe,wordpress_sitemap_rest_html,phase5_wordpress_html_jsonld,unit_count,2,0,0,0,100,0,0,0,0,0,not_recommended,Campo no observado en la muestra Fase 5.
webs_propias_phase7_2026-06-14T20-43-50-127Z,Morada,morada.pe,wordpress_sitemap_rest_html,phase5_wordpress_html_jsonld,list_price_avg,2,0,0,0,100,0,0,0,0,0,not_recommended,Campo no observado en la muestra Fase 5.
webs_propias_phase7_2026-06-14T20-43-50-127Z,Morada,morada.pe,wordpress_sitemap_rest_html,phase5_wordpress_html_jsonld,currency,2,0,0,0,100,0,0,0,0,0,not_recommended,Campo no observado en la muestra Fase 5.
webs_propias_phase7_2026-06-14T20-43-50-127Z,Morada,morada.pe,wordpress_sitemap_rest_html,phase5_wordpress_html_jsonld,delivery_year,2,0,0,0,100,0,0,0,0,0,not_recommended,Campo no observado en la muestra Fase 5.
webs_propias_phase7_2026-06-14T20-43-50-127Z,Morada,morada.pe,wordpress_sitemap_rest_html,phase5_wordpress_html_jsonld,delivery_date,2,0,0,0,100,0,0,0,0,0,not_recommended,Campo no observado en la muestra Fase 5.
webs_propias_phase7_2026-06-14T20-43-50-127Z,Morada,morada.pe,wordpress_sitemap_rest_html,phase5_wordpress_html_jsonld,description,2,2,100,66,0,0,0,0,0,100,enrichment_only,"Campo util para enriquecimiento, no necesariamente fuente primaria."
webs_propias_phase7_2026-06-14T20-43-50-127Z,Morada,morada.pe,wordpress_sitemap_rest_html,phase5_wordpress_html_jsonld,amenities,2,2,100,33,0,0,0,0,0,100,enrichment_only,"Campo util para enriquecimiento, no necesariamente fuente primaria."
webs_propias_phase7_2026-06-14T20-43-50-127Z,Morada,morada.pe,wordpress_sitemap_rest_html,phase5_wordpress_html_jsonld,contact_name,2,0,0,0,100,0,0,0,0,0,not_recommended,Campo no observado en la muestra Fase 5.
webs_propias_phase7_2026-06-14T20-43-50-127Z,Morada,morada.pe,wordpress_sitemap_rest_html,phase5_wordpress_html_jsonld,contact_phone,2,2,100,66,0,0,0,0,0,100,enrichment_only,"Campo util para enriquecimiento, no necesariamente fuente primaria."
webs_propias_phase7_2026-06-14T20-43-50-127Z,Morada,morada.pe,wordpress_sitemap_rest_html,phase5_wordpress_html_jsonld,whatsapp,2,2,100,66,0,0,0,0,0,100,enrichment_only,"Campo util para enriquecimiento, no necesariamente fuente primaria."
webs_propias_phase7_2026-06-14T20-43-50-127Z,Morada,morada.pe,wordpress_sitemap_rest_html,phase5_wordpress_html_jsonld,email,2,2,100,66,0,0,0,0,0,100,enrichment_only,"Campo util para enriquecimiento, no necesariamente fuente primaria."
webs_propias_phase7_2026-06-14T20-43-50-127Z,Morada,morada.pe,wordpress_sitemap_rest_html,phase5_wordpress_html_jsonld,financing_banks,2,0,0,0,100,0,0,0,0,0,not_recommended,Campo no observado en la muestra Fase 5.
webs_propias_phase7_2026-06-14T20-43-50-127Z,Morada,morada.pe,wordpress_sitemap_rest_html,phase5_wordpress_html_jsonld,latitude,2,0,0,0,100,0,0,100,0,0,not_recommended,Campo no observado en la muestra Fase 5.
webs_propias_phase7_2026-06-14T20-43-50-127Z,Morada,morada.pe,wordpress_sitemap_rest_html,phase5_wordpress_html_jsonld,longitude,2,0,0,0,100,0,0,100,0,0,not_recommended,Campo no observado en la muestra Fase 5.
webs_propias_phase7_2026-06-14T20-43-50-127Z,ARTECO,arteco.pe,wordpress_sitemap_rest_html,phase5_wordpress_html_jsonld,source_url,2,2,100,100,0,0,0,0,0,100,primary_candidate,Campo critico con cobertura y evidencia suficientes en la muestra.
webs_propias_phase7_2026-06-14T20-43-50-127Z,ARTECO,arteco.pe,wordpress_sitemap_rest_html,phase5_wordpress_html_jsonld,agency_name,2,2,100,100,0,0,0,0,0,100,primary_candidate,Campo critico con cobertura y evidencia suficientes en la muestra.
webs_propias_phase7_2026-06-14T20-43-50-127Z,ARTECO,arteco.pe,wordpress_sitemap_rest_html,phase5_wordpress_html_jsonld,project_name,2,2,100,66,0,0,0,0,0,100,primary_candidate,Campo critico con cobertura y evidencia suficientes en la muestra.
webs_propias_phase7_2026-06-14T20-43-50-127Z,ARTECO,arteco.pe,wordpress_sitemap_rest_html,phase5_wordpress_html_jsonld,district,2,2,100,66,0,0,0,0,0,100,primary_candidate,Campo critico con cobertura y evidencia suficientes en la muestra.
webs_propias_phase7_2026-06-14T20-43-50-127Z,ARTECO,arteco.pe,wordpress_sitemap_rest_html,phase5_wordpress_html_jsonld,address,2,2,100,66,0,0,0,0,0,100,primary_candidate,Campo critico con cobertura y evidencia suficientes en la muestra.
webs_propias_phase7_2026-06-14T20-43-50-127Z,ARTECO,arteco.pe,wordpress_sitemap_rest_html,phase5_wordpress_html_jsonld,typology,2,1,50,66,50,0,0,0,0,100,enrichment_only,"Campo util para enriquecimiento, no necesariamente fuente primaria."
webs_propias_phase7_2026-06-14T20-43-50-127Z,ARTECO,arteco.pe,wordpress_sitemap_rest_html,phase5_wordpress_html_jsonld,bedrooms,2,1,50,66,50,0,0,0,0,100,enrichment_only,"Campo util para enriquecimiento, no necesariamente fuente primaria."
webs_propias_phase7_2026-06-14T20-43-50-127Z,ARTECO,arteco.pe,wordpress_sitemap_rest_html,phase5_wordpress_html_jsonld,total_area,2,1,50,66,50,0,0,0,0,100,enrichment_only,"Campo util para enriquecimiento, no necesariamente fuente primaria."
webs_propias_phase7_2026-06-14T20-43-50-127Z,ARTECO,arteco.pe,wordpress_sitemap_rest_html,phase5_wordpress_html_jsonld,unit_status,2,1,50,33,50,0,0,0,0,100,enrichment_only,"Campo util para enriquecimiento, no necesariamente fuente primaria."
webs_propias_phase7_2026-06-14T20-43-50-127Z,ARTECO,arteco.pe,wordpress_sitemap_rest_html,phase5_wordpress_html_jsonld,unit_count,2,0,0,0,100,0,0,0,0,0,not_recommended,Campo no observado en la muestra Fase 5.
webs_propias_phase7_2026-06-14T20-43-50-127Z,ARTECO,arteco.pe,wordpress_sitemap_rest_html,phase5_wordpress_html_jsonld,list_price_avg,2,0,0,0,100,0,0,0,0,0,not_recommended,Campo no observado en la muestra Fase 5.
webs_propias_phase7_2026-06-14T20-43-50-127Z,ARTECO,arteco.pe,wordpress_sitemap_rest_html,phase5_wordpress_html_jsonld,currency,2,0,0,0,100,0,0,0,0,0,not_recommended,Campo no observado en la muestra Fase 5.
webs_propias_phase7_2026-06-14T20-43-50-127Z,ARTECO,arteco.pe,wordpress_sitemap_rest_html,phase5_wordpress_html_jsonld,delivery_year,2,0,0,0,100,0,0,0,0,0,not_recommended,Campo no observado en la muestra Fase 5.
webs_propias_phase7_2026-06-14T20-43-50-127Z,ARTECO,arteco.pe,wordpress_sitemap_rest_html,phase5_wordpress_html_jsonld,delivery_date,2,0,0,0,100,0,0,0,0,0,not_recommended,Campo no observado en la muestra Fase 5.
webs_propias_phase7_2026-06-14T20-43-50-127Z,ARTECO,arteco.pe,wordpress_sitemap_rest_html,phase5_wordpress_html_jsonld,description,2,0,0,0,100,0,0,0,0,0,not_recommended,Campo no observado en la muestra Fase 5.
webs_propias_phase7_2026-06-14T20-43-50-127Z,ARTECO,arteco.pe,wordpress_sitemap_rest_html,phase5_wordpress_html_jsonld,amenities,2,2,100,33,0,0,0,0,0,100,enrichment_only,"Campo util para enriquecimiento, no necesariamente fuente primaria."
webs_propias_phase7_2026-06-14T20-43-50-127Z,ARTECO,arteco.pe,wordpress_sitemap_rest_html,phase5_wordpress_html_jsonld,contact_name,2,0,0,0,100,0,0,0,0,0,not_recommended,Campo no observado en la muestra Fase 5.
webs_propias_phase7_2026-06-14T20-43-50-127Z,ARTECO,arteco.pe,wordpress_sitemap_rest_html,phase5_wordpress_html_jsonld,contact_phone,2,2,100,66,0,0,0,0,0,100,enrichment_only,"Campo util para enriquecimiento, no necesariamente fuente primaria."
webs_propias_phase7_2026-06-14T20-43-50-127Z,ARTECO,arteco.pe,wordpress_sitemap_rest_html,phase5_wordpress_html_jsonld,whatsapp,2,2,100,66,0,0,0,0,0,100,enrichment_only,"Campo util para enriquecimiento, no necesariamente fuente primaria."
webs_propias_phase7_2026-06-14T20-43-50-127Z,ARTECO,arteco.pe,wordpress_sitemap_rest_html,phase5_wordpress_html_jsonld,email,2,2,100,66,0,0,0,0,0,100,enrichment_only,"Campo util para enriquecimiento, no necesariamente fuente primaria."
webs_propias_phase7_2026-06-14T20-43-50-127Z,ARTECO,arteco.pe,wordpress_sitemap_rest_html,phase5_wordpress_html_jsonld,financing_banks,2,0,0,0,100,0,0,0,0,0,not_recommended,Campo no observado en la muestra Fase 5.
webs_propias_phase7_2026-06-14T20-43-50-127Z,ARTECO,arteco.pe,wordpress_sitemap_rest_html,phase5_wordpress_html_jsonld,latitude,2,0,0,0,100,0,0,0,0,0,not_recommended,Campo no observado en la muestra Fase 5.
webs_propias_phase7_2026-06-14T20-43-50-127Z,ARTECO,arteco.pe,wordpress_sitemap_rest_html,phase5_wordpress_html_jsonld,longitude,2,0,0,0,100,0,0,0,0,0,not_recommended,Campo no observado en la muestra Fase 5.
webs_propias_phase7_2026-06-14T20-43-50-127Z,LA VENTUROSA,laventurosa.com,wordpress_sitemap_rest_html,phase5_wordpress_html_jsonld,source_url,2,2,100,100,0,0,0,0,0,100,primary_candidate,Campo critico con cobertura y evidencia suficientes en la muestra.
webs_propias_phase7_2026-06-14T20-43-50-127Z,LA VENTUROSA,laventurosa.com,wordpress_sitemap_rest_html,phase5_wordpress_html_jsonld,agency_name,2,2,100,100,0,0,0,0,0,100,primary_candidate,Campo critico con cobertura y evidencia suficientes en la muestra.
webs_propias_phase7_2026-06-14T20-43-50-127Z,LA VENTUROSA,laventurosa.com,wordpress_sitemap_rest_html,phase5_wordpress_html_jsonld,project_name,2,2,100,66,0,0,0,0,0,100,primary_candidate,Campo critico con cobertura y evidencia suficientes en la muestra.
webs_propias_phase7_2026-06-14T20-43-50-127Z,LA VENTUROSA,laventurosa.com,wordpress_sitemap_rest_html,phase5_wordpress_html_jsonld,district,2,2,100,66,0,0,0,50,0,100,manual_review,Mismatch alto contra Nexo en registros comparables.
webs_propias_phase7_2026-06-14T20-43-50-127Z,LA VENTUROSA,laventurosa.com,wordpress_sitemap_rest_html,phase5_wordpress_html_jsonld,address,2,2,100,66,0,0,0,0,0,100,primary_candidate,Campo critico con cobertura y evidencia suficientes en la muestra.
webs_propias_phase7_2026-06-14T20-43-50-127Z,LA VENTUROSA,laventurosa.com,wordpress_sitemap_rest_html,phase5_wordpress_html_jsonld,typology,2,2,100,66,0,0,0,0,0,100,primary_candidate,Campo critico con cobertura y evidencia suficientes en la muestra.
webs_propias_phase7_2026-06-14T20-43-50-127Z,LA VENTUROSA,laventurosa.com,wordpress_sitemap_rest_html,phase5_wordpress_html_jsonld,bedrooms,2,2,100,66,0,0,0,0,0,100,primary_candidate,Campo critico con cobertura y evidencia suficientes en la muestra.
webs_propias_phase7_2026-06-14T20-43-50-127Z,LA VENTUROSA,laventurosa.com,wordpress_sitemap_rest_html,phase5_wordpress_html_jsonld,total_area,2,0,0,0,100,0,0,0,0,0,not_recommended,Campo no observado en la muestra Fase 5.
webs_propias_phase7_2026-06-14T20-43-50-127Z,LA VENTUROSA,laventurosa.com,wordpress_sitemap_rest_html,phase5_wordpress_html_jsonld,unit_status,2,0,0,0,100,0,0,0,0,0,not_recommended,Campo no observado en la muestra Fase 5.
webs_propias_phase7_2026-06-14T20-43-50-127Z,LA VENTUROSA,laventurosa.com,wordpress_sitemap_rest_html,phase5_wordpress_html_jsonld,unit_count,2,0,0,0,100,0,0,0,0,0,not_recommended,Campo no observado en la muestra Fase 5.
webs_propias_phase7_2026-06-14T20-43-50-127Z,LA VENTUROSA,laventurosa.com,wordpress_sitemap_rest_html,phase5_wordpress_html_jsonld,list_price_avg,2,0,0,0,100,0,0,0,0,0,not_recommended,Campo no observado en la muestra Fase 5.
webs_propias_phase7_2026-06-14T20-43-50-127Z,LA VENTUROSA,laventurosa.com,wordpress_sitemap_rest_html,phase5_wordpress_html_jsonld,currency,2,0,0,0,100,0,0,0,0,0,not_recommended,Campo no observado en la muestra Fase 5.
webs_propias_phase7_2026-06-14T20-43-50-127Z,LA VENTUROSA,laventurosa.com,wordpress_sitemap_rest_html,phase5_wordpress_html_jsonld,delivery_year,2,0,0,0,100,0,0,0,0,0,not_recommended,Campo no observado en la muestra Fase 5.
webs_propias_phase7_2026-06-14T20-43-50-127Z,LA VENTUROSA,laventurosa.com,wordpress_sitemap_rest_html,phase5_wordpress_html_jsonld,delivery_date,2,0,0,0,100,0,0,0,0,0,not_recommended,Campo no observado en la muestra Fase 5.
webs_propias_phase7_2026-06-14T20-43-50-127Z,LA VENTUROSA,laventurosa.com,wordpress_sitemap_rest_html,phase5_wordpress_html_jsonld,description,2,0,0,0,100,0,0,0,0,0,not_recommended,Campo no observado en la muestra Fase 5.
webs_propias_phase7_2026-06-14T20-43-50-127Z,LA VENTUROSA,laventurosa.com,wordpress_sitemap_rest_html,phase5_wordpress_html_jsonld,amenities,2,2,100,33,0,0,0,0,0,100,enrichment_only,"Campo util para enriquecimiento, no necesariamente fuente primaria."
webs_propias_phase7_2026-06-14T20-43-50-127Z,LA VENTUROSA,laventurosa.com,wordpress_sitemap_rest_html,phase5_wordpress_html_jsonld,contact_name,2,0,0,0,100,0,0,0,0,0,not_recommended,Campo no observado en la muestra Fase 5.
webs_propias_phase7_2026-06-14T20-43-50-127Z,LA VENTUROSA,laventurosa.com,wordpress_sitemap_rest_html,phase5_wordpress_html_jsonld,contact_phone,2,2,100,66,0,0,0,0,0,100,enrichment_only,"Campo util para enriquecimiento, no necesariamente fuente primaria."
webs_propias_phase7_2026-06-14T20-43-50-127Z,LA VENTUROSA,laventurosa.com,wordpress_sitemap_rest_html,phase5_wordpress_html_jsonld,whatsapp,2,2,100,66,0,0,0,0,0,100,enrichment_only,"Campo util para enriquecimiento, no necesariamente fuente primaria."
webs_propias_phase7_2026-06-14T20-43-50-127Z,LA VENTUROSA,laventurosa.com,wordpress_sitemap_rest_html,phase5_wordpress_html_jsonld,email,2,2,100,66,0,0,0,0,0,100,enrichment_only,"Campo util para enriquecimiento, no necesariamente fuente primaria."
webs_propias_phase7_2026-06-14T20-43-50-127Z,LA VENTUROSA,laventurosa.com,wordpress_sitemap_rest_html,phase5_wordpress_html_jsonld,financing_banks,2,2,100,33,0,0,0,0,0,100,enrichment_only,"Campo util para enriquecimiento, no necesariamente fuente primaria."
webs_propias_phase7_2026-06-14T20-43-50-127Z,LA VENTUROSA,laventurosa.com,wordpress_sitemap_rest_html,phase5_wordpress_html_jsonld,latitude,2,0,0,0,100,0,0,100,0,0,not_recommended,Campo no observado en la muestra Fase 5.
webs_propias_phase7_2026-06-14T20-43-50-127Z,LA VENTUROSA,laventurosa.com,wordpress_sitemap_rest_html,phase5_wordpress_html_jsonld,longitude,2,0,0,0,100,0,0,100,0,0,not_recommended,Campo no observado en la muestra Fase 5.
webs_propias_phase7_2026-06-14T20-43-50-127Z,SENDA,senda.pe,wordpress_sitemap_rest_html,phase5_wordpress_html_jsonld,source_url,2,2,100,100,0,0,0,0,0,100,primary_candidate,Campo critico con cobertura y evidencia suficientes en la muestra.
webs_propias_phase7_2026-06-14T20-43-50-127Z,SENDA,senda.pe,wordpress_sitemap_rest_html,phase5_wordpress_html_jsonld,agency_name,2,2,100,100,0,0,0,0,0,100,primary_candidate,Campo critico con cobertura y evidencia suficientes en la muestra.
webs_propias_phase7_2026-06-14T20-43-50-127Z,SENDA,senda.pe,wordpress_sitemap_rest_html,phase5_wordpress_html_jsonld,project_name,2,2,100,66,0,0,0,0,0,100,primary_candidate,Campo critico con cobertura y evidencia suficientes en la muestra.
webs_propias_phase7_2026-06-14T20-43-50-127Z,SENDA,senda.pe,wordpress_sitemap_rest_html,phase5_wordpress_html_jsonld,district,2,2,100,66,0,0,0,0,0,100,primary_candidate,Campo critico con cobertura y evidencia suficientes en la muestra.
webs_propias_phase7_2026-06-14T20-43-50-127Z,SENDA,senda.pe,wordpress_sitemap_rest_html,phase5_wordpress_html_jsonld,address,2,2,100,66,0,0,0,0,0,100,primary_candidate,Campo critico con cobertura y evidencia suficientes en la muestra.
webs_propias_phase7_2026-06-14T20-43-50-127Z,SENDA,senda.pe,wordpress_sitemap_rest_html,phase5_wordpress_html_jsonld,typology,2,2,100,66,0,0,0,0,0,100,primary_candidate,Campo critico con cobertura y evidencia suficientes en la muestra.
webs_propias_phase7_2026-06-14T20-43-50-127Z,SENDA,senda.pe,wordpress_sitemap_rest_html,phase5_wordpress_html_jsonld,bedrooms,2,0,0,0,100,0,0,0,0,0,not_recommended,Campo no observado en la muestra Fase 5.
webs_propias_phase7_2026-06-14T20-43-50-127Z,SENDA,senda.pe,wordpress_sitemap_rest_html,phase5_wordpress_html_jsonld,total_area,2,0,0,0,100,0,0,0,0,0,not_recommended,Campo no observado en la muestra Fase 5.
webs_propias_phase7_2026-06-14T20-43-50-127Z,SENDA,senda.pe,wordpress_sitemap_rest_html,phase5_wordpress_html_jsonld,unit_status,2,0,0,0,100,0,0,0,0,0,not_recommended,Campo no observado en la muestra Fase 5.
webs_propias_phase7_2026-06-14T20-43-50-127Z,SENDA,senda.pe,wordpress_sitemap_rest_html,phase5_wordpress_html_jsonld,unit_count,2,0,0,0,100,0,0,0,0,0,not_recommended,Campo no observado en la muestra Fase 5.
webs_propias_phase7_2026-06-14T20-43-50-127Z,SENDA,senda.pe,wordpress_sitemap_rest_html,phase5_wordpress_html_jsonld,list_price_avg,2,0,0,0,100,0,0,0,0,0,not_recommended,Campo no observado en la muestra Fase 5.
webs_propias_phase7_2026-06-14T20-43-50-127Z,SENDA,senda.pe,wordpress_sitemap_rest_html,phase5_wordpress_html_jsonld,currency,2,0,0,0,100,0,0,0,0,0,not_recommended,Campo no observado en la muestra Fase 5.
webs_propias_phase7_2026-06-14T20-43-50-127Z,SENDA,senda.pe,wordpress_sitemap_rest_html,phase5_wordpress_html_jsonld,delivery_year,2,0,0,0,100,0,0,0,0,0,not_recommended,Campo no observado en la muestra Fase 5.
webs_propias_phase7_2026-06-14T20-43-50-127Z,SENDA,senda.pe,wordpress_sitemap_rest_html,phase5_wordpress_html_jsonld,delivery_date,2,0,0,0,100,0,0,0,0,0,not_recommended,Campo no observado en la muestra Fase 5.
webs_propias_phase7_2026-06-14T20-43-50-127Z,SENDA,senda.pe,wordpress_sitemap_rest_html,phase5_wordpress_html_jsonld,description,2,0,0,0,100,0,0,0,0,0,not_recommended,Campo no observado en la muestra Fase 5.
webs_propias_phase7_2026-06-14T20-43-50-127Z,SENDA,senda.pe,wordpress_sitemap_rest_html,phase5_wordpress_html_jsonld,amenities,2,2,100,33,0,0,0,0,0,100,enrichment_only,"Campo util para enriquecimiento, no necesariamente fuente primaria."
webs_propias_phase7_2026-06-14T20-43-50-127Z,SENDA,senda.pe,wordpress_sitemap_rest_html,phase5_wordpress_html_jsonld,contact_name,2,0,0,0,100,0,0,0,0,0,not_recommended,Campo no observado en la muestra Fase 5.
webs_propias_phase7_2026-06-14T20-43-50-127Z,SENDA,senda.pe,wordpress_sitemap_rest_html,phase5_wordpress_html_jsonld,contact_phone,2,2,100,66,0,0,0,0,0,100,enrichment_only,"Campo util para enriquecimiento, no necesariamente fuente primaria."
webs_propias_phase7_2026-06-14T20-43-50-127Z,SENDA,senda.pe,wordpress_sitemap_rest_html,phase5_wordpress_html_jsonld,whatsapp,2,0,0,0,100,0,0,0,0,0,not_recommended,Campo no observado en la muestra Fase 5.
webs_propias_phase7_2026-06-14T20-43-50-127Z,SENDA,senda.pe,wordpress_sitemap_rest_html,phase5_wordpress_html_jsonld,email,2,2,100,66,0,0,0,0,0,100,enrichment_only,"Campo util para enriquecimiento, no necesariamente fuente primaria."
webs_propias_phase7_2026-06-14T20-43-50-127Z,SENDA,senda.pe,wordpress_sitemap_rest_html,phase5_wordpress_html_jsonld,financing_banks,2,0,0,0,100,0,0,0,0,0,not_recommended,Campo no observado en la muestra Fase 5.
webs_propias_phase7_2026-06-14T20-43-50-127Z,SENDA,senda.pe,wordpress_sitemap_rest_html,phase5_wordpress_html_jsonld,latitude,2,0,0,0,100,0,0,0,0,0,not_recommended,Campo no observado en la muestra Fase 5.
webs_propias_phase7_2026-06-14T20-43-50-127Z,SENDA,senda.pe,wordpress_sitemap_rest_html,phase5_wordpress_html_jsonld,longitude,2,0,0,0,100,0,0,0,0,0,not_recommended,Campo no observado en la muestra Fase 5.
webs_propias_phase7_2026-06-14T20-43-50-127Z,VIDARQ,performanceperu.pe,wordpress_sitemap_rest_html,phase5_wordpress_html_jsonld,source_url,2,2,100,100,0,0,0,0,0,100,primary_candidate,Campo critico con cobertura y evidencia suficientes en la muestra.
webs_propias_phase7_2026-06-14T20-43-50-127Z,VIDARQ,performanceperu.pe,wordpress_sitemap_rest_html,phase5_wordpress_html_jsonld,agency_name,2,2,100,100,0,0,0,0,0,100,primary_candidate,Campo critico con cobertura y evidencia suficientes en la muestra.
webs_propias_phase7_2026-06-14T20-43-50-127Z,VIDARQ,performanceperu.pe,wordpress_sitemap_rest_html,phase5_wordpress_html_jsonld,project_name,2,2,100,66,0,0,0,0,0,100,primary_candidate,Campo critico con cobertura y evidencia suficientes en la muestra.
webs_propias_phase7_2026-06-14T20-43-50-127Z,VIDARQ,performanceperu.pe,wordpress_sitemap_rest_html,phase5_wordpress_html_jsonld,district,2,2,100,66,0,0,0,0,0,100,primary_candidate,Campo critico con cobertura y evidencia suficientes en la muestra.
webs_propias_phase7_2026-06-14T20-43-50-127Z,VIDARQ,performanceperu.pe,wordpress_sitemap_rest_html,phase5_wordpress_html_jsonld,address,2,2,100,66,0,0,0,0,0,100,primary_candidate,Campo critico con cobertura y evidencia suficientes en la muestra.
webs_propias_phase7_2026-06-14T20-43-50-127Z,VIDARQ,performanceperu.pe,wordpress_sitemap_rest_html,phase5_wordpress_html_jsonld,typology,2,2,100,66,0,0,0,0,0,100,primary_candidate,Campo critico con cobertura y evidencia suficientes en la muestra.
webs_propias_phase7_2026-06-14T20-43-50-127Z,VIDARQ,performanceperu.pe,wordpress_sitemap_rest_html,phase5_wordpress_html_jsonld,bedrooms,2,0,0,0,100,0,0,0,0,0,not_recommended,Campo no observado en la muestra Fase 5.
webs_propias_phase7_2026-06-14T20-43-50-127Z,VIDARQ,performanceperu.pe,wordpress_sitemap_rest_html,phase5_wordpress_html_jsonld,total_area,2,0,0,0,100,0,0,0,0,0,not_recommended,Campo no observado en la muestra Fase 5.
webs_propias_phase7_2026-06-14T20-43-50-127Z,VIDARQ,performanceperu.pe,wordpress_sitemap_rest_html,phase5_wordpress_html_jsonld,unit_status,2,0,0,0,100,0,0,0,0,0,not_recommended,Campo no observado en la muestra Fase 5.
webs_propias_phase7_2026-06-14T20-43-50-127Z,VIDARQ,performanceperu.pe,wordpress_sitemap_rest_html,phase5_wordpress_html_jsonld,unit_count,2,0,0,0,100,0,0,0,0,0,not_recommended,Campo no observado en la muestra Fase 5.
webs_propias_phase7_2026-06-14T20-43-50-127Z,VIDARQ,performanceperu.pe,wordpress_sitemap_rest_html,phase5_wordpress_html_jsonld,list_price_avg,2,0,0,0,100,0,0,0,0,0,not_recommended,Campo no observado en la muestra Fase 5.
webs_propias_phase7_2026-06-14T20-43-50-127Z,VIDARQ,performanceperu.pe,wordpress_sitemap_rest_html,phase5_wordpress_html_jsonld,currency,2,0,0,0,100,0,0,0,0,0,not_recommended,Campo no observado en la muestra Fase 5.
webs_propias_phase7_2026-06-14T20-43-50-127Z,VIDARQ,performanceperu.pe,wordpress_sitemap_rest_html,phase5_wordpress_html_jsonld,delivery_year,2,0,0,0,100,0,0,0,0,0,not_recommended,Campo no observado en la muestra Fase 5.
webs_propias_phase7_2026-06-14T20-43-50-127Z,VIDARQ,performanceperu.pe,wordpress_sitemap_rest_html,phase5_wordpress_html_jsonld,delivery_date,2,0,0,0,100,0,0,0,0,0,not_recommended,Campo no observado en la muestra Fase 5.
webs_propias_phase7_2026-06-14T20-43-50-127Z,VIDARQ,performanceperu.pe,wordpress_sitemap_rest_html,phase5_wordpress_html_jsonld,description,2,0,0,0,100,0,0,0,0,0,not_recommended,Campo no observado en la muestra Fase 5.
webs_propias_phase7_2026-06-14T20-43-50-127Z,VIDARQ,performanceperu.pe,wordpress_sitemap_rest_html,phase5_wordpress_html_jsonld,amenities,2,0,0,0,100,0,0,0,0,0,not_recommended,Campo no observado en la muestra Fase 5.
webs_propias_phase7_2026-06-14T20-43-50-127Z,VIDARQ,performanceperu.pe,wordpress_sitemap_rest_html,phase5_wordpress_html_jsonld,contact_name,2,0,0,0,100,0,0,0,0,0,not_recommended,Campo no observado en la muestra Fase 5.
webs_propias_phase7_2026-06-14T20-43-50-127Z,VIDARQ,performanceperu.pe,wordpress_sitemap_rest_html,phase5_wordpress_html_jsonld,contact_phone,2,2,100,66,0,0,0,0,0,100,enrichment_only,"Campo util para enriquecimiento, no necesariamente fuente primaria."
webs_propias_phase7_2026-06-14T20-43-50-127Z,VIDARQ,performanceperu.pe,wordpress_sitemap_rest_html,phase5_wordpress_html_jsonld,whatsapp,2,2,100,66,0,0,0,0,0,100,enrichment_only,"Campo util para enriquecimiento, no necesariamente fuente primaria."
webs_propias_phase7_2026-06-14T20-43-50-127Z,VIDARQ,performanceperu.pe,wordpress_sitemap_rest_html,phase5_wordpress_html_jsonld,email,2,2,100,66,0,0,0,0,0,100,enrichment_only,"Campo util para enriquecimiento, no necesariamente fuente primaria."
webs_propias_phase7_2026-06-14T20-43-50-127Z,VIDARQ,performanceperu.pe,wordpress_sitemap_rest_html,phase5_wordpress_html_jsonld,financing_banks,2,0,0,0,100,0,0,0,0,0,not_recommended,Campo no observado en la muestra Fase 5.
webs_propias_phase7_2026-06-14T20-43-50-127Z,VIDARQ,performanceperu.pe,wordpress_sitemap_rest_html,phase5_wordpress_html_jsonld,latitude,2,0,0,0,100,0,0,0,0,0,not_recommended,Campo no observado en la muestra Fase 5.
webs_propias_phase7_2026-06-14T20-43-50-127Z,VIDARQ,performanceperu.pe,wordpress_sitemap_rest_html,phase5_wordpress_html_jsonld,longitude,2,0,0,0,100,0,0,0,0,0,not_recommended,Campo no observado en la muestra Fase 5.
webs_propias_phase7_2026-06-14T20-43-50-127Z,Grupo Santa Maria,gruposantamaria.com,wordpress_sitemap_rest_html,phase5_wordpress_html_jsonld,source_url,2,2,100,100,0,0,0,0,0,100,primary_candidate,Campo critico con cobertura y evidencia suficientes en la muestra.
webs_propias_phase7_2026-06-14T20-43-50-127Z,Grupo Santa Maria,gruposantamaria.com,wordpress_sitemap_rest_html,phase5_wordpress_html_jsonld,agency_name,2,2,100,100,0,0,0,0,0,100,primary_candidate,Campo critico con cobertura y evidencia suficientes en la muestra.
webs_propias_phase7_2026-06-14T20-43-50-127Z,Grupo Santa Maria,gruposantamaria.com,wordpress_sitemap_rest_html,phase5_wordpress_html_jsonld,project_name,2,2,100,66,0,0,0,0,0,100,primary_candidate,Campo critico con cobertura y evidencia suficientes en la muestra.
webs_propias_phase7_2026-06-14T20-43-50-127Z,Grupo Santa Maria,gruposantamaria.com,wordpress_sitemap_rest_html,phase5_wordpress_html_jsonld,district,2,2,100,66,0,0,0,0,0,100,primary_candidate,Campo critico con cobertura y evidencia suficientes en la muestra.
webs_propias_phase7_2026-06-14T20-43-50-127Z,Grupo Santa Maria,gruposantamaria.com,wordpress_sitemap_rest_html,phase5_wordpress_html_jsonld,address,2,2,100,66,0,0,0,0,0,100,primary_candidate,Campo critico con cobertura y evidencia suficientes en la muestra.
webs_propias_phase7_2026-06-14T20-43-50-127Z,Grupo Santa Maria,gruposantamaria.com,wordpress_sitemap_rest_html,phase5_wordpress_html_jsonld,typology,2,2,100,66,0,0,0,0,0,100,primary_candidate,Campo critico con cobertura y evidencia suficientes en la muestra.
webs_propias_phase7_2026-06-14T20-43-50-127Z,Grupo Santa Maria,gruposantamaria.com,wordpress_sitemap_rest_html,phase5_wordpress_html_jsonld,bedrooms,2,1,50,66,50,0,0,0,0,100,enrichment_only,"Campo util para enriquecimiento, no necesariamente fuente primaria."
webs_propias_phase7_2026-06-14T20-43-50-127Z,Grupo Santa Maria,gruposantamaria.com,wordpress_sitemap_rest_html,phase5_wordpress_html_jsonld,total_area,2,1,50,66,50,0,0,0,0,100,enrichment_only,"Campo util para enriquecimiento, no necesariamente fuente primaria."
webs_propias_phase7_2026-06-14T20-43-50-127Z,Grupo Santa Maria,gruposantamaria.com,wordpress_sitemap_rest_html,phase5_wordpress_html_jsonld,unit_status,2,1,50,33,50,0,0,0,0,100,enrichment_only,"Campo util para enriquecimiento, no necesariamente fuente primaria."
webs_propias_phase7_2026-06-14T20-43-50-127Z,Grupo Santa Maria,gruposantamaria.com,wordpress_sitemap_rest_html,phase5_wordpress_html_jsonld,unit_count,2,0,0,0,100,0,0,0,0,0,not_recommended,Campo no observado en la muestra Fase 5.
webs_propias_phase7_2026-06-14T20-43-50-127Z,Grupo Santa Maria,gruposantamaria.com,wordpress_sitemap_rest_html,phase5_wordpress_html_jsonld,list_price_avg,2,0,0,0,100,0,0,0,0,0,not_recommended,Campo no observado en la muestra Fase 5.
webs_propias_phase7_2026-06-14T20-43-50-127Z,Grupo Santa Maria,gruposantamaria.com,wordpress_sitemap_rest_html,phase5_wordpress_html_jsonld,currency,2,0,0,0,100,0,0,0,0,0,not_recommended,Campo no observado en la muestra Fase 5.
webs_propias_phase7_2026-06-14T20-43-50-127Z,Grupo Santa Maria,gruposantamaria.com,wordpress_sitemap_rest_html,phase5_wordpress_html_jsonld,delivery_year,2,0,0,0,100,0,0,0,0,0,not_recommended,Campo no observado en la muestra Fase 5.
webs_propias_phase7_2026-06-14T20-43-50-127Z,Grupo Santa Maria,gruposantamaria.com,wordpress_sitemap_rest_html,phase5_wordpress_html_jsonld,delivery_date,2,0,0,0,100,0,0,0,0,0,not_recommended,Campo no observado en la muestra Fase 5.
webs_propias_phase7_2026-06-14T20-43-50-127Z,Grupo Santa Maria,gruposantamaria.com,wordpress_sitemap_rest_html,phase5_wordpress_html_jsonld,description,2,2,100,66,0,0,0,0,0,100,enrichment_only,"Campo util para enriquecimiento, no necesariamente fuente primaria."
webs_propias_phase7_2026-06-14T20-43-50-127Z,Grupo Santa Maria,gruposantamaria.com,wordpress_sitemap_rest_html,phase5_wordpress_html_jsonld,amenities,2,2,100,33,0,0,0,0,0,100,enrichment_only,"Campo util para enriquecimiento, no necesariamente fuente primaria."
webs_propias_phase7_2026-06-14T20-43-50-127Z,Grupo Santa Maria,gruposantamaria.com,wordpress_sitemap_rest_html,phase5_wordpress_html_jsonld,contact_name,2,0,0,0,100,0,0,0,0,0,not_recommended,Campo no observado en la muestra Fase 5.
webs_propias_phase7_2026-06-14T20-43-50-127Z,Grupo Santa Maria,gruposantamaria.com,wordpress_sitemap_rest_html,phase5_wordpress_html_jsonld,contact_phone,2,2,100,66,0,0,0,0,0,100,enrichment_only,"Campo util para enriquecimiento, no necesariamente fuente primaria."
webs_propias_phase7_2026-06-14T20-43-50-127Z,Grupo Santa Maria,gruposantamaria.com,wordpress_sitemap_rest_html,phase5_wordpress_html_jsonld,whatsapp,2,2,100,66,0,0,0,0,0,100,enrichment_only,"Campo util para enriquecimiento, no necesariamente fuente primaria."
webs_propias_phase7_2026-06-14T20-43-50-127Z,Grupo Santa Maria,gruposantamaria.com,wordpress_sitemap_rest_html,phase5_wordpress_html_jsonld,email,2,2,100,66,0,0,0,0,0,100,enrichment_only,"Campo util para enriquecimiento, no necesariamente fuente primaria."
webs_propias_phase7_2026-06-14T20-43-50-127Z,Grupo Santa Maria,gruposantamaria.com,wordpress_sitemap_rest_html,phase5_wordpress_html_jsonld,financing_banks,2,1,50,33,50,0,0,0,0,100,enrichment_only,"Campo util para enriquecimiento, no necesariamente fuente primaria."
webs_propias_phase7_2026-06-14T20-43-50-127Z,Grupo Santa Maria,gruposantamaria.com,wordpress_sitemap_rest_html,phase5_wordpress_html_jsonld,latitude,2,0,0,0,100,0,0,0,0,0,not_recommended,Campo no observado en la muestra Fase 5.
webs_propias_phase7_2026-06-14T20-43-50-127Z,Grupo Santa Maria,gruposantamaria.com,wordpress_sitemap_rest_html,phase5_wordpress_html_jsonld,longitude,2,0,0,0,100,0,0,0,0,0,not_recommended,Campo no observado en la muestra Fase 5.
webs_propias_phase7_2026-06-14T20-43-50-127Z,PUERTA DE TIERRA,puertadetierra.pe,wordpress_sitemap_rest_html,phase5_wordpress_html_jsonld,source_url,2,2,100,100,0,0,0,0,0,100,primary_candidate,Campo critico con cobertura y evidencia suficientes en la muestra.
webs_propias_phase7_2026-06-14T20-43-50-127Z,PUERTA DE TIERRA,puertadetierra.pe,wordpress_sitemap_rest_html,phase5_wordpress_html_jsonld,agency_name,2,2,100,100,0,0,0,0,0,100,primary_candidate,Campo critico con cobertura y evidencia suficientes en la muestra.
webs_propias_phase7_2026-06-14T20-43-50-127Z,PUERTA DE TIERRA,puertadetierra.pe,wordpress_sitemap_rest_html,phase5_wordpress_html_jsonld,project_name,2,2,100,66,0,0,0,0,0,100,primary_candidate,Campo critico con cobertura y evidencia suficientes en la muestra.
webs_propias_phase7_2026-06-14T20-43-50-127Z,PUERTA DE TIERRA,puertadetierra.pe,wordpress_sitemap_rest_html,phase5_wordpress_html_jsonld,district,2,2,100,66,0,0,0,0,0,100,primary_candidate,Campo critico con cobertura y evidencia suficientes en la muestra.
webs_propias_phase7_2026-06-14T20-43-50-127Z,PUERTA DE TIERRA,puertadetierra.pe,wordpress_sitemap_rest_html,phase5_wordpress_html_jsonld,address,2,2,100,66,0,0,0,0,0,100,primary_candidate,Campo critico con cobertura y evidencia suficientes en la muestra.
webs_propias_phase7_2026-06-14T20-43-50-127Z,PUERTA DE TIERRA,puertadetierra.pe,wordpress_sitemap_rest_html,phase5_wordpress_html_jsonld,typology,2,0,0,0,100,0,0,0,0,0,not_recommended,Campo no observado en la muestra Fase 5.
webs_propias_phase7_2026-06-14T20-43-50-127Z,PUERTA DE TIERRA,puertadetierra.pe,wordpress_sitemap_rest_html,phase5_wordpress_html_jsonld,bedrooms,2,0,0,0,100,0,0,0,0,0,not_recommended,Campo no observado en la muestra Fase 5.
webs_propias_phase7_2026-06-14T20-43-50-127Z,PUERTA DE TIERRA,puertadetierra.pe,wordpress_sitemap_rest_html,phase5_wordpress_html_jsonld,total_area,2,0,0,0,100,0,0,0,0,0,not_recommended,Campo no observado en la muestra Fase 5.
webs_propias_phase7_2026-06-14T20-43-50-127Z,PUERTA DE TIERRA,puertadetierra.pe,wordpress_sitemap_rest_html,phase5_wordpress_html_jsonld,unit_status,2,0,0,0,100,0,0,0,0,0,not_recommended,Campo no observado en la muestra Fase 5.
webs_propias_phase7_2026-06-14T20-43-50-127Z,PUERTA DE TIERRA,puertadetierra.pe,wordpress_sitemap_rest_html,phase5_wordpress_html_jsonld,unit_count,2,0,0,0,100,0,0,0,0,0,not_recommended,Campo no observado en la muestra Fase 5.
webs_propias_phase7_2026-06-14T20-43-50-127Z,PUERTA DE TIERRA,puertadetierra.pe,wordpress_sitemap_rest_html,phase5_wordpress_html_jsonld,list_price_avg,2,0,0,0,100,0,0,0,0,0,not_recommended,Campo no observado en la muestra Fase 5.
webs_propias_phase7_2026-06-14T20-43-50-127Z,PUERTA DE TIERRA,puertadetierra.pe,wordpress_sitemap_rest_html,phase5_wordpress_html_jsonld,currency,2,0,0,0,100,0,0,0,0,0,not_recommended,Campo no observado en la muestra Fase 5.
webs_propias_phase7_2026-06-14T20-43-50-127Z,PUERTA DE TIERRA,puertadetierra.pe,wordpress_sitemap_rest_html,phase5_wordpress_html_jsonld,delivery_year,2,0,0,0,100,0,0,0,0,0,not_recommended,Campo no observado en la muestra Fase 5.
webs_propias_phase7_2026-06-14T20-43-50-127Z,PUERTA DE TIERRA,puertadetierra.pe,wordpress_sitemap_rest_html,phase5_wordpress_html_jsonld,delivery_date,2,0,0,0,100,0,0,0,0,0,not_recommended,Campo no observado en la muestra Fase 5.
webs_propias_phase7_2026-06-14T20-43-50-127Z,PUERTA DE TIERRA,puertadetierra.pe,wordpress_sitemap_rest_html,phase5_wordpress_html_jsonld,description,2,0,0,0,100,0,0,0,0,0,not_recommended,Campo no observado en la muestra Fase 5.
webs_propias_phase7_2026-06-14T20-43-50-127Z,PUERTA DE TIERRA,puertadetierra.pe,wordpress_sitemap_rest_html,phase5_wordpress_html_jsonld,amenities,2,0,0,0,100,0,0,0,0,0,not_recommended,Campo no observado en la muestra Fase 5.
webs_propias_phase7_2026-06-14T20-43-50-127Z,PUERTA DE TIERRA,puertadetierra.pe,wordpress_sitemap_rest_html,phase5_wordpress_html_jsonld,contact_name,2,0,0,0,100,0,0,0,0,0,not_recommended,Campo no observado en la muestra Fase 5.
webs_propias_phase7_2026-06-14T20-43-50-127Z,PUERTA DE TIERRA,puertadetierra.pe,wordpress_sitemap_rest_html,phase5_wordpress_html_jsonld,contact_phone,2,2,100,66,0,0,0,0,0,100,enrichment_only,"Campo util para enriquecimiento, no necesariamente fuente primaria."
webs_propias_phase7_2026-06-14T20-43-50-127Z,PUERTA DE TIERRA,puertadetierra.pe,wordpress_sitemap_rest_html,phase5_wordpress_html_jsonld,whatsapp,2,0,0,0,100,0,0,0,0,0,not_recommended,Campo no observado en la muestra Fase 5.
webs_propias_phase7_2026-06-14T20-43-50-127Z,PUERTA DE TIERRA,puertadetierra.pe,wordpress_sitemap_rest_html,phase5_wordpress_html_jsonld,email,2,2,100,66,0,0,0,0,0,100,enrichment_only,"Campo util para enriquecimiento, no necesariamente fuente primaria."
webs_propias_phase7_2026-06-14T20-43-50-127Z,PUERTA DE TIERRA,puertadetierra.pe,wordpress_sitemap_rest_html,phase5_wordpress_html_jsonld,financing_banks,2,0,0,0,100,0,0,0,0,0,not_recommended,Campo no observado en la muestra Fase 5.
webs_propias_phase7_2026-06-14T20-43-50-127Z,PUERTA DE TIERRA,puertadetierra.pe,wordpress_sitemap_rest_html,phase5_wordpress_html_jsonld,latitude,2,0,0,0,100,0,0,0,0,0,not_recommended,Campo no observado en la muestra Fase 5.
webs_propias_phase7_2026-06-14T20-43-50-127Z,PUERTA DE TIERRA,puertadetierra.pe,wordpress_sitemap_rest_html,phase5_wordpress_html_jsonld,longitude,2,0,0,0,100,0,0,0,0,0,not_recommended,Campo no observado en la muestra Fase 5.
webs_propias_phase7_2026-06-14T20-43-50-127Z,REDBAY INMOBILIARIA,redbayperu.pe,wordpress_sitemap_rest_html,phase5_wordpress_html_jsonld,source_url,2,2,100,100,0,0,0,0,0,100,primary_candidate,Campo critico con cobertura y evidencia suficientes en la muestra.
webs_propias_phase7_2026-06-14T20-43-50-127Z,REDBAY INMOBILIARIA,redbayperu.pe,wordpress_sitemap_rest_html,phase5_wordpress_html_jsonld,agency_name,2,2,100,100,0,0,0,0,0,100,primary_candidate,Campo critico con cobertura y evidencia suficientes en la muestra.
webs_propias_phase7_2026-06-14T20-43-50-127Z,REDBAY INMOBILIARIA,redbayperu.pe,wordpress_sitemap_rest_html,phase5_wordpress_html_jsonld,project_name,2,2,100,66,0,0,0,0,0,100,primary_candidate,Campo critico con cobertura y evidencia suficientes en la muestra.
webs_propias_phase7_2026-06-14T20-43-50-127Z,REDBAY INMOBILIARIA,redbayperu.pe,wordpress_sitemap_rest_html,phase5_wordpress_html_jsonld,district,2,2,100,66,0,0,0,0,0,100,primary_candidate,Campo critico con cobertura y evidencia suficientes en la muestra.
webs_propias_phase7_2026-06-14T20-43-50-127Z,REDBAY INMOBILIARIA,redbayperu.pe,wordpress_sitemap_rest_html,phase5_wordpress_html_jsonld,address,2,2,100,66,0,0,0,0,0,100,primary_candidate,Campo critico con cobertura y evidencia suficientes en la muestra.
webs_propias_phase7_2026-06-14T20-43-50-127Z,REDBAY INMOBILIARIA,redbayperu.pe,wordpress_sitemap_rest_html,phase5_wordpress_html_jsonld,typology,2,2,100,66,0,0,0,0,0,100,primary_candidate,Campo critico con cobertura y evidencia suficientes en la muestra.
webs_propias_phase7_2026-06-14T20-43-50-127Z,REDBAY INMOBILIARIA,redbayperu.pe,wordpress_sitemap_rest_html,phase5_wordpress_html_jsonld,bedrooms,2,0,0,0,100,0,0,0,0,0,not_recommended,Campo no observado en la muestra Fase 5.
webs_propias_phase7_2026-06-14T20-43-50-127Z,REDBAY INMOBILIARIA,redbayperu.pe,wordpress_sitemap_rest_html,phase5_wordpress_html_jsonld,total_area,2,2,100,66,0,0,0,0,0,100,primary_candidate,Campo critico con cobertura y evidencia suficientes en la muestra.
webs_propias_phase7_2026-06-14T20-43-50-127Z,REDBAY INMOBILIARIA,redbayperu.pe,wordpress_sitemap_rest_html,phase5_wordpress_html_jsonld,unit_status,2,0,0,0,100,0,0,0,0,0,not_recommended,Campo no observado en la muestra Fase 5.
webs_propias_phase7_2026-06-14T20-43-50-127Z,REDBAY INMOBILIARIA,redbayperu.pe,wordpress_sitemap_rest_html,phase5_wordpress_html_jsonld,unit_count,2,0,0,0,100,0,0,0,0,0,not_recommended,Campo no observado en la muestra Fase 5.
webs_propias_phase7_2026-06-14T20-43-50-127Z,REDBAY INMOBILIARIA,redbayperu.pe,wordpress_sitemap_rest_html,phase5_wordpress_html_jsonld,list_price_avg,2,0,0,0,100,0,0,0,0,0,not_recommended,Campo no observado en la muestra Fase 5.
webs_propias_phase7_2026-06-14T20-43-50-127Z,REDBAY INMOBILIARIA,redbayperu.pe,wordpress_sitemap_rest_html,phase5_wordpress_html_jsonld,currency,2,0,0,0,100,0,0,0,0,0,not_recommended,Campo no observado en la muestra Fase 5.
webs_propias_phase7_2026-06-14T20-43-50-127Z,REDBAY INMOBILIARIA,redbayperu.pe,wordpress_sitemap_rest_html,phase5_wordpress_html_jsonld,delivery_year,2,0,0,0,100,0,0,0,0,0,not_recommended,Campo no observado en la muestra Fase 5.
webs_propias_phase7_2026-06-14T20-43-50-127Z,REDBAY INMOBILIARIA,redbayperu.pe,wordpress_sitemap_rest_html,phase5_wordpress_html_jsonld,delivery_date,2,0,0,0,100,0,0,0,0,0,not_recommended,Campo no observado en la muestra Fase 5.
webs_propias_phase7_2026-06-14T20-43-50-127Z,REDBAY INMOBILIARIA,redbayperu.pe,wordpress_sitemap_rest_html,phase5_wordpress_html_jsonld,description,2,0,0,0,100,0,0,0,0,0,not_recommended,Campo no observado en la muestra Fase 5.
webs_propias_phase7_2026-06-14T20-43-50-127Z,REDBAY INMOBILIARIA,redbayperu.pe,wordpress_sitemap_rest_html,phase5_wordpress_html_jsonld,amenities,2,2,100,33,0,0,0,0,0,100,enrichment_only,"Campo util para enriquecimiento, no necesariamente fuente primaria."
webs_propias_phase7_2026-06-14T20-43-50-127Z,REDBAY INMOBILIARIA,redbayperu.pe,wordpress_sitemap_rest_html,phase5_wordpress_html_jsonld,contact_name,2,0,0,0,100,0,0,0,0,0,not_recommended,Campo no observado en la muestra Fase 5.
webs_propias_phase7_2026-06-14T20-43-50-127Z,REDBAY INMOBILIARIA,redbayperu.pe,wordpress_sitemap_rest_html,phase5_wordpress_html_jsonld,contact_phone,2,2,100,66,0,0,0,0,0,100,enrichment_only,"Campo util para enriquecimiento, no necesariamente fuente primaria."
webs_propias_phase7_2026-06-14T20-43-50-127Z,REDBAY INMOBILIARIA,redbayperu.pe,wordpress_sitemap_rest_html,phase5_wordpress_html_jsonld,whatsapp,2,0,0,0,100,0,0,0,0,0,not_recommended,Campo no observado en la muestra Fase 5.
webs_propias_phase7_2026-06-14T20-43-50-127Z,REDBAY INMOBILIARIA,redbayperu.pe,wordpress_sitemap_rest_html,phase5_wordpress_html_jsonld,email,2,0,0,0,100,0,0,0,0,0,not_recommended,Campo no observado en la muestra Fase 5.
webs_propias_phase7_2026-06-14T20-43-50-127Z,REDBAY INMOBILIARIA,redbayperu.pe,wordpress_sitemap_rest_html,phase5_wordpress_html_jsonld,financing_banks,2,0,0,0,100,0,0,0,0,0,not_recommended,Campo no observado en la muestra Fase 5.
webs_propias_phase7_2026-06-14T20-43-50-127Z,REDBAY INMOBILIARIA,redbayperu.pe,wordpress_sitemap_rest_html,phase5_wordpress_html_jsonld,latitude,2,0,0,0,100,0,0,0,0,0,not_recommended,Campo no observado en la muestra Fase 5.
webs_propias_phase7_2026-06-14T20-43-50-127Z,REDBAY INMOBILIARIA,redbayperu.pe,wordpress_sitemap_rest_html,phase5_wordpress_html_jsonld,longitude,2,0,0,0,100,0,0,0,0,0,not_recommended,Campo no observado en la muestra Fase 5.
webs_propias_phase7_2026-06-14T20-43-50-127Z,BALANCE GRUPO INMOBILIARIO,balance.pe,wordpress_sitemap_rest_html,phase5_fetch_failed,source_url,2,2,100,100,0,100,0,0,0,100,not_recommended,Alta tasa de error de extraccion en la muestra.
webs_propias_phase7_2026-06-14T20-43-50-127Z,BALANCE GRUPO INMOBILIARIO,balance.pe,wordpress_sitemap_rest_html,phase5_fetch_failed,agency_name,2,2,100,100,0,100,0,0,0,100,not_recommended,Alta tasa de error de extraccion en la muestra.
webs_propias_phase7_2026-06-14T20-43-50-127Z,BALANCE GRUPO INMOBILIARIO,balance.pe,wordpress_sitemap_rest_html,phase5_fetch_failed,project_name,2,2,100,33,0,100,0,0,0,100,not_recommended,Alta tasa de error de extraccion en la muestra.
webs_propias_phase7_2026-06-14T20-43-50-127Z,BALANCE GRUPO INMOBILIARIO,balance.pe,wordpress_sitemap_rest_html,phase5_fetch_failed,district,2,0,0,0,100,100,0,100,0,0,not_recommended,Alta tasa de error de extraccion en la muestra.
webs_propias_phase7_2026-06-14T20-43-50-127Z,BALANCE GRUPO INMOBILIARIO,balance.pe,wordpress_sitemap_rest_html,phase5_fetch_failed,address,2,0,0,0,100,100,0,100,0,0,not_recommended,Alta tasa de error de extraccion en la muestra.
webs_propias_phase7_2026-06-14T20-43-50-127Z,BALANCE GRUPO INMOBILIARIO,balance.pe,wordpress_sitemap_rest_html,phase5_fetch_failed,typology,2,0,0,0,100,100,0,0,0,0,not_recommended,Alta tasa de error de extraccion en la muestra.
webs_propias_phase7_2026-06-14T20-43-50-127Z,BALANCE GRUPO INMOBILIARIO,balance.pe,wordpress_sitemap_rest_html,phase5_fetch_failed,bedrooms,2,0,0,0,100,100,0,0,0,0,not_recommended,Alta tasa de error de extraccion en la muestra.
webs_propias_phase7_2026-06-14T20-43-50-127Z,BALANCE GRUPO INMOBILIARIO,balance.pe,wordpress_sitemap_rest_html,phase5_fetch_failed,total_area,2,0,0,0,100,100,0,0,0,0,not_recommended,Alta tasa de error de extraccion en la muestra.
webs_propias_phase7_2026-06-14T20-43-50-127Z,BALANCE GRUPO INMOBILIARIO,balance.pe,wordpress_sitemap_rest_html,phase5_fetch_failed,unit_status,2,0,0,0,100,100,0,0,0,0,not_recommended,Alta tasa de error de extraccion en la muestra.
webs_propias_phase7_2026-06-14T20-43-50-127Z,BALANCE GRUPO INMOBILIARIO,balance.pe,wordpress_sitemap_rest_html,phase5_fetch_failed,unit_count,2,0,0,0,100,100,0,0,0,0,not_recommended,Alta tasa de error de extraccion en la muestra.
webs_propias_phase7_2026-06-14T20-43-50-127Z,BALANCE GRUPO INMOBILIARIO,balance.pe,wordpress_sitemap_rest_html,phase5_fetch_failed,list_price_avg,2,0,0,0,100,100,0,0,0,0,not_recommended,Alta tasa de error de extraccion en la muestra.
webs_propias_phase7_2026-06-14T20-43-50-127Z,BALANCE GRUPO INMOBILIARIO,balance.pe,wordpress_sitemap_rest_html,phase5_fetch_failed,currency,2,0,0,0,100,100,0,0,0,0,not_recommended,Alta tasa de error de extraccion en la muestra.
webs_propias_phase7_2026-06-14T20-43-50-127Z,BALANCE GRUPO INMOBILIARIO,balance.pe,wordpress_sitemap_rest_html,phase5_fetch_failed,delivery_year,2,0,0,0,100,100,0,0,0,0,not_recommended,Alta tasa de error de extraccion en la muestra.
webs_propias_phase7_2026-06-14T20-43-50-127Z,BALANCE GRUPO INMOBILIARIO,balance.pe,wordpress_sitemap_rest_html,phase5_fetch_failed,delivery_date,2,0,0,0,100,100,0,0,0,0,not_recommended,Alta tasa de error de extraccion en la muestra.
webs_propias_phase7_2026-06-14T20-43-50-127Z,BALANCE GRUPO INMOBILIARIO,balance.pe,wordpress_sitemap_rest_html,phase5_fetch_failed,description,2,0,0,0,100,100,0,0,0,0,not_recommended,Alta tasa de error de extraccion en la muestra.
webs_propias_phase7_2026-06-14T20-43-50-127Z,BALANCE GRUPO INMOBILIARIO,balance.pe,wordpress_sitemap_rest_html,phase5_fetch_failed,amenities,2,0,0,0,100,100,0,0,0,0,not_recommended,Alta tasa de error de extraccion en la muestra.
webs_propias_phase7_2026-06-14T20-43-50-127Z,BALANCE GRUPO INMOBILIARIO,balance.pe,wordpress_sitemap_rest_html,phase5_fetch_failed,contact_name,2,0,0,0,100,100,0,0,0,0,not_recommended,Alta tasa de error de extraccion en la muestra.
webs_propias_phase7_2026-06-14T20-43-50-127Z,BALANCE GRUPO INMOBILIARIO,balance.pe,wordpress_sitemap_rest_html,phase5_fetch_failed,contact_phone,2,0,0,0,100,100,0,0,0,0,not_recommended,Alta tasa de error de extraccion en la muestra.
webs_propias_phase7_2026-06-14T20-43-50-127Z,BALANCE GRUPO INMOBILIARIO,balance.pe,wordpress_sitemap_rest_html,phase5_fetch_failed,whatsapp,2,0,0,0,100,100,0,0,0,0,not_recommended,Alta tasa de error de extraccion en la muestra.
webs_propias_phase7_2026-06-14T20-43-50-127Z,BALANCE GRUPO INMOBILIARIO,balance.pe,wordpress_sitemap_rest_html,phase5_fetch_failed,email,2,0,0,0,100,100,0,0,0,0,not_recommended,Alta tasa de error de extraccion en la muestra.
webs_propias_phase7_2026-06-14T20-43-50-127Z,BALANCE GRUPO INMOBILIARIO,balance.pe,wordpress_sitemap_rest_html,phase5_fetch_failed,financing_banks,2,0,0,0,100,100,0,0,0,0,not_recommended,Alta tasa de error de extraccion en la muestra.
webs_propias_phase7_2026-06-14T20-43-50-127Z,BALANCE GRUPO INMOBILIARIO,balance.pe,wordpress_sitemap_rest_html,phase5_fetch_failed,latitude,2,0,0,0,100,100,0,100,0,0,not_recommended,Alta tasa de error de extraccion en la muestra.
webs_propias_phase7_2026-06-14T20-43-50-127Z,BALANCE GRUPO INMOBILIARIO,balance.pe,wordpress_sitemap_rest_html,phase5_fetch_failed,longitude,2,0,0,0,100,100,0,100,0,0,not_recommended,Alta tasa de error de extraccion en la muestra.
webs_propias_phase7_2026-06-14T20-43-50-127Z,ANDEN,anden.com.pe,wordpress_sitemap_rest_html,phase5_wordpress_html_jsonld,source_url,2,2,100,100,0,0,0,0,0,100,primary_candidate,Campo critico con cobertura y evidencia suficientes en la muestra.
webs_propias_phase7_2026-06-14T20-43-50-127Z,ANDEN,anden.com.pe,wordpress_sitemap_rest_html,phase5_wordpress_html_jsonld,agency_name,2,2,100,100,0,0,0,0,0,100,primary_candidate,Campo critico con cobertura y evidencia suficientes en la muestra.
webs_propias_phase7_2026-06-14T20-43-50-127Z,ANDEN,anden.com.pe,wordpress_sitemap_rest_html,phase5_wordpress_html_jsonld,project_name,2,2,100,66,0,0,0,0,0,100,primary_candidate,Campo critico con cobertura y evidencia suficientes en la muestra.
webs_propias_phase7_2026-06-14T20-43-50-127Z,ANDEN,anden.com.pe,wordpress_sitemap_rest_html,phase5_wordpress_html_jsonld,district,2,0,0,0,100,0,0,100,0,0,not_recommended,Campo no observado en la muestra Fase 5.
webs_propias_phase7_2026-06-14T20-43-50-127Z,ANDEN,anden.com.pe,wordpress_sitemap_rest_html,phase5_wordpress_html_jsonld,address,2,1,50,66,50,0,0,100,0,100,manual_review,Mismatch alto contra Nexo en registros comparables.
webs_propias_phase7_2026-06-14T20-43-50-127Z,ANDEN,anden.com.pe,wordpress_sitemap_rest_html,phase5_wordpress_html_jsonld,typology,2,2,100,66,0,0,0,0,0,100,primary_candidate,Campo critico con cobertura y evidencia suficientes en la muestra.
webs_propias_phase7_2026-06-14T20-43-50-127Z,ANDEN,anden.com.pe,wordpress_sitemap_rest_html,phase5_wordpress_html_jsonld,bedrooms,2,0,0,0,100,0,0,0,0,0,not_recommended,Campo no observado en la muestra Fase 5.
webs_propias_phase7_2026-06-14T20-43-50-127Z,ANDEN,anden.com.pe,wordpress_sitemap_rest_html,phase5_wordpress_html_jsonld,total_area,2,0,0,0,100,0,0,0,0,0,not_recommended,Campo no observado en la muestra Fase 5.
webs_propias_phase7_2026-06-14T20-43-50-127Z,ANDEN,anden.com.pe,wordpress_sitemap_rest_html,phase5_wordpress_html_jsonld,unit_status,2,1,50,33,50,0,0,0,0,100,enrichment_only,"Campo util para enriquecimiento, no necesariamente fuente primaria."
webs_propias_phase7_2026-06-14T20-43-50-127Z,ANDEN,anden.com.pe,wordpress_sitemap_rest_html,phase5_wordpress_html_jsonld,unit_count,2,0,0,0,100,0,0,0,0,0,not_recommended,Campo no observado en la muestra Fase 5.
webs_propias_phase7_2026-06-14T20-43-50-127Z,ANDEN,anden.com.pe,wordpress_sitemap_rest_html,phase5_wordpress_html_jsonld,list_price_avg,2,0,0,0,100,0,0,0,0,0,not_recommended,Campo no observado en la muestra Fase 5.
webs_propias_phase7_2026-06-14T20-43-50-127Z,ANDEN,anden.com.pe,wordpress_sitemap_rest_html,phase5_wordpress_html_jsonld,currency,2,0,0,0,100,0,0,0,0,0,not_recommended,Campo no observado en la muestra Fase 5.
webs_propias_phase7_2026-06-14T20-43-50-127Z,ANDEN,anden.com.pe,wordpress_sitemap_rest_html,phase5_wordpress_html_jsonld,delivery_year,2,1,50,66,50,0,0,0,0,100,enrichment_only,"Campo util para enriquecimiento, no necesariamente fuente primaria."
webs_propias_phase7_2026-06-14T20-43-50-127Z,ANDEN,anden.com.pe,wordpress_sitemap_rest_html,phase5_wordpress_html_jsonld,delivery_date,2,1,50,66,50,0,0,0,0,100,enrichment_only,"Campo util para enriquecimiento, no necesariamente fuente primaria."
webs_propias_phase7_2026-06-14T20-43-50-127Z,ANDEN,anden.com.pe,wordpress_sitemap_rest_html,phase5_wordpress_html_jsonld,description,2,2,100,66,0,0,0,0,0,100,enrichment_only,"Campo util para enriquecimiento, no necesariamente fuente primaria."
webs_propias_phase7_2026-06-14T20-43-50-127Z,ANDEN,anden.com.pe,wordpress_sitemap_rest_html,phase5_wordpress_html_jsonld,amenities,2,0,0,0,100,0,0,0,0,0,not_recommended,Campo no observado en la muestra Fase 5.
webs_propias_phase7_2026-06-14T20-43-50-127Z,ANDEN,anden.com.pe,wordpress_sitemap_rest_html,phase5_wordpress_html_jsonld,contact_name,2,0,0,0,100,0,0,0,0,0,not_recommended,Campo no observado en la muestra Fase 5.
webs_propias_phase7_2026-06-14T20-43-50-127Z,ANDEN,anden.com.pe,wordpress_sitemap_rest_html,phase5_wordpress_html_jsonld,contact_phone,2,2,100,66,0,0,0,0,0,100,enrichment_only,"Campo util para enriquecimiento, no necesariamente fuente primaria."
webs_propias_phase7_2026-06-14T20-43-50-127Z,ANDEN,anden.com.pe,wordpress_sitemap_rest_html,phase5_wordpress_html_jsonld,whatsapp,2,2,100,66,0,0,0,0,0,100,enrichment_only,"Campo util para enriquecimiento, no necesariamente fuente primaria."
webs_propias_phase7_2026-06-14T20-43-50-127Z,ANDEN,anden.com.pe,wordpress_sitemap_rest_html,phase5_wordpress_html_jsonld,email,2,2,100,66,0,0,0,0,0,100,enrichment_only,"Campo util para enriquecimiento, no necesariamente fuente primaria."
webs_propias_phase7_2026-06-14T20-43-50-127Z,ANDEN,anden.com.pe,wordpress_sitemap_rest_html,phase5_wordpress_html_jsonld,financing_banks,2,0,0,0,100,0,0,0,0,0,not_recommended,Campo no observado en la muestra Fase 5.
webs_propias_phase7_2026-06-14T20-43-50-127Z,ANDEN,anden.com.pe,wordpress_sitemap_rest_html,phase5_wordpress_html_jsonld,latitude,2,0,0,0,100,0,0,100,0,0,not_recommended,Campo no observado en la muestra Fase 5.
webs_propias_phase7_2026-06-14T20-43-50-127Z,ANDEN,anden.com.pe,wordpress_sitemap_rest_html,phase5_wordpress_html_jsonld,longitude,2,0,0,0,100,0,0,100,0,0,not_recommended,Campo no observado en la muestra Fase 5.
webs_propias_phase7_2026-06-14T20-43-50-127Z,RB GRUPO INMOBILIARIO,rbgrupoinmobiliario.pe,wordpress_sitemap_rest_html,phase5_wordpress_html_jsonld,source_url,2,2,100,100,0,0,0,0,0,100,primary_candidate,Campo critico con cobertura y evidencia suficientes en la muestra.
webs_propias_phase7_2026-06-14T20-43-50-127Z,RB GRUPO INMOBILIARIO,rbgrupoinmobiliario.pe,wordpress_sitemap_rest_html,phase5_wordpress_html_jsonld,agency_name,2,2,100,100,0,0,0,0,0,100,primary_candidate,Campo critico con cobertura y evidencia suficientes en la muestra.
webs_propias_phase7_2026-06-14T20-43-50-127Z,RB GRUPO INMOBILIARIO,rbgrupoinmobiliario.pe,wordpress_sitemap_rest_html,phase5_wordpress_html_jsonld,project_name,2,2,100,66,0,0,0,0,0,100,primary_candidate,Campo critico con cobertura y evidencia suficientes en la muestra.
webs_propias_phase7_2026-06-14T20-43-50-127Z,RB GRUPO INMOBILIARIO,rbgrupoinmobiliario.pe,wordpress_sitemap_rest_html,phase5_wordpress_html_jsonld,district,2,2,100,66,0,0,0,100,0,100,manual_review,Mismatch alto contra Nexo en registros comparables.
webs_propias_phase7_2026-06-14T20-43-50-127Z,RB GRUPO INMOBILIARIO,rbgrupoinmobiliario.pe,wordpress_sitemap_rest_html,phase5_wordpress_html_jsonld,address,2,2,100,66,0,0,0,0,0,100,primary_candidate,Campo critico con cobertura y evidencia suficientes en la muestra.
webs_propias_phase7_2026-06-14T20-43-50-127Z,RB GRUPO INMOBILIARIO,rbgrupoinmobiliario.pe,wordpress_sitemap_rest_html,phase5_wordpress_html_jsonld,typology,2,0,0,0,100,0,0,0,0,0,not_recommended,Campo no observado en la muestra Fase 5.
webs_propias_phase7_2026-06-14T20-43-50-127Z,RB GRUPO INMOBILIARIO,rbgrupoinmobiliario.pe,wordpress_sitemap_rest_html,phase5_wordpress_html_jsonld,bedrooms,2,2,100,66,0,0,0,0,0,100,primary_candidate,Campo critico con cobertura y evidencia suficientes en la muestra.
webs_propias_phase7_2026-06-14T20-43-50-127Z,RB GRUPO INMOBILIARIO,rbgrupoinmobiliario.pe,wordpress_sitemap_rest_html,phase5_wordpress_html_jsonld,total_area,2,0,0,0,100,0,0,0,0,0,not_recommended,Campo no observado en la muestra Fase 5.
webs_propias_phase7_2026-06-14T20-43-50-127Z,RB GRUPO INMOBILIARIO,rbgrupoinmobiliario.pe,wordpress_sitemap_rest_html,phase5_wordpress_html_jsonld,unit_status,2,2,100,33,0,0,0,0,0,100,primary_candidate,Campo critico con cobertura y evidencia suficientes en la muestra.
webs_propias_phase7_2026-06-14T20-43-50-127Z,RB GRUPO INMOBILIARIO,rbgrupoinmobiliario.pe,wordpress_sitemap_rest_html,phase5_wordpress_html_jsonld,unit_count,2,0,0,0,100,0,0,0,0,0,not_recommended,Campo no observado en la muestra Fase 5.
webs_propias_phase7_2026-06-14T20-43-50-127Z,RB GRUPO INMOBILIARIO,rbgrupoinmobiliario.pe,wordpress_sitemap_rest_html,phase5_wordpress_html_jsonld,list_price_avg,2,0,0,0,100,0,0,0,0,0,not_recommended,Campo no observado en la muestra Fase 5.
webs_propias_phase7_2026-06-14T20-43-50-127Z,RB GRUPO INMOBILIARIO,rbgrupoinmobiliario.pe,wordpress_sitemap_rest_html,phase5_wordpress_html_jsonld,currency,2,0,0,0,100,0,0,0,0,0,not_recommended,Campo no observado en la muestra Fase 5.
webs_propias_phase7_2026-06-14T20-43-50-127Z,RB GRUPO INMOBILIARIO,rbgrupoinmobiliario.pe,wordpress_sitemap_rest_html,phase5_wordpress_html_jsonld,delivery_year,2,1,50,66,50,0,0,0,0,100,enrichment_only,"Campo util para enriquecimiento, no necesariamente fuente primaria."
webs_propias_phase7_2026-06-14T20-43-50-127Z,RB GRUPO INMOBILIARIO,rbgrupoinmobiliario.pe,wordpress_sitemap_rest_html,phase5_wordpress_html_jsonld,delivery_date,2,1,50,66,50,0,0,0,0,100,enrichment_only,"Campo util para enriquecimiento, no necesariamente fuente primaria."
webs_propias_phase7_2026-06-14T20-43-50-127Z,RB GRUPO INMOBILIARIO,rbgrupoinmobiliario.pe,wordpress_sitemap_rest_html,phase5_wordpress_html_jsonld,description,2,2,100,66,0,0,0,0,0,100,enrichment_only,"Campo util para enriquecimiento, no necesariamente fuente primaria."
webs_propias_phase7_2026-06-14T20-43-50-127Z,RB GRUPO INMOBILIARIO,rbgrupoinmobiliario.pe,wordpress_sitemap_rest_html,phase5_wordpress_html_jsonld,amenities,2,0,0,0,100,0,0,0,0,0,not_recommended,Campo no observado en la muestra Fase 5.
webs_propias_phase7_2026-06-14T20-43-50-127Z,RB GRUPO INMOBILIARIO,rbgrupoinmobiliario.pe,wordpress_sitemap_rest_html,phase5_wordpress_html_jsonld,contact_name,2,0,0,0,100,0,0,0,0,0,not_recommended,Campo no observado en la muestra Fase 5.
webs_propias_phase7_2026-06-14T20-43-50-127Z,RB GRUPO INMOBILIARIO,rbgrupoinmobiliario.pe,wordpress_sitemap_rest_html,phase5_wordpress_html_jsonld,contact_phone,2,2,100,66,0,0,0,0,0,100,enrichment_only,"Campo util para enriquecimiento, no necesariamente fuente primaria."
webs_propias_phase7_2026-06-14T20-43-50-127Z,RB GRUPO INMOBILIARIO,rbgrupoinmobiliario.pe,wordpress_sitemap_rest_html,phase5_wordpress_html_jsonld,whatsapp,2,0,0,0,100,0,0,0,0,0,not_recommended,Campo no observado en la muestra Fase 5.
webs_propias_phase7_2026-06-14T20-43-50-127Z,RB GRUPO INMOBILIARIO,rbgrupoinmobiliario.pe,wordpress_sitemap_rest_html,phase5_wordpress_html_jsonld,email,2,2,100,66,0,0,0,0,0,100,enrichment_only,"Campo util para enriquecimiento, no necesariamente fuente primaria."
webs_propias_phase7_2026-06-14T20-43-50-127Z,RB GRUPO INMOBILIARIO,rbgrupoinmobiliario.pe,wordpress_sitemap_rest_html,phase5_wordpress_html_jsonld,financing_banks,2,0,0,0,100,0,0,0,0,0,not_recommended,Campo no observado en la muestra Fase 5.
webs_propias_phase7_2026-06-14T20-43-50-127Z,RB GRUPO INMOBILIARIO,rbgrupoinmobiliario.pe,wordpress_sitemap_rest_html,phase5_wordpress_html_jsonld,latitude,2,0,0,0,100,0,0,100,0,0,not_recommended,Campo no observado en la muestra Fase 5.
webs_propias_phase7_2026-06-14T20-43-50-127Z,RB GRUPO INMOBILIARIO,rbgrupoinmobiliario.pe,wordpress_sitemap_rest_html,phase5_wordpress_html_jsonld,longitude,2,0,0,0,100,0,0,100,0,0,not_recommended,Campo no observado en la muestra Fase 5.
webs_propias_phase7_2026-06-14T20-43-50-127Z,BARQUEROS INMOBILIARIA,barqueros.com,wordpress_sitemap_rest_html,phase5_wordpress_html_jsonld,source_url,2,2,100,100,0,0,50,0,0,100,primary_candidate,Campo critico con cobertura y evidencia suficientes en la muestra.
webs_propias_phase7_2026-06-14T20-43-50-127Z,BARQUEROS INMOBILIARIA,barqueros.com,wordpress_sitemap_rest_html,phase5_wordpress_html_jsonld,agency_name,2,2,100,100,0,0,50,0,0,100,primary_candidate,Campo critico con cobertura y evidencia suficientes en la muestra.
webs_propias_phase7_2026-06-14T20-43-50-127Z,BARQUEROS INMOBILIARIA,barqueros.com,wordpress_sitemap_rest_html,phase5_wordpress_html_jsonld,project_name,2,2,100,66,0,0,50,0,0,100,primary_candidate,Campo critico con cobertura y evidencia suficientes en la muestra.
webs_propias_phase7_2026-06-14T20-43-50-127Z,BARQUEROS INMOBILIARIA,barqueros.com,wordpress_sitemap_rest_html,phase5_wordpress_html_jsonld,district,2,2,100,66,0,0,50,0,0,100,primary_candidate,Campo critico con cobertura y evidencia suficientes en la muestra.
webs_propias_phase7_2026-06-14T20-43-50-127Z,BARQUEROS INMOBILIARIA,barqueros.com,wordpress_sitemap_rest_html,phase5_wordpress_html_jsonld,address,2,2,100,66,0,0,50,0,0,100,primary_candidate,Campo critico con cobertura y evidencia suficientes en la muestra.
webs_propias_phase7_2026-06-14T20-43-50-127Z,BARQUEROS INMOBILIARIA,barqueros.com,wordpress_sitemap_rest_html,phase5_wordpress_html_jsonld,typology,2,2,100,66,0,0,50,0,0,100,primary_candidate,Campo critico con cobertura y evidencia suficientes en la muestra.
webs_propias_phase7_2026-06-14T20-43-50-127Z,BARQUEROS INMOBILIARIA,barqueros.com,wordpress_sitemap_rest_html,phase5_wordpress_html_jsonld,bedrooms,2,0,0,0,100,0,50,0,0,0,not_recommended,Campo no observado en la muestra Fase 5.
webs_propias_phase7_2026-06-14T20-43-50-127Z,BARQUEROS INMOBILIARIA,barqueros.com,wordpress_sitemap_rest_html,phase5_wordpress_html_jsonld,total_area,2,2,100,66,0,0,50,0,0,100,primary_candidate,Campo critico con cobertura y evidencia suficientes en la muestra.
webs_propias_phase7_2026-06-14T20-43-50-127Z,BARQUEROS INMOBILIARIA,barqueros.com,wordpress_sitemap_rest_html,phase5_wordpress_html_jsonld,unit_status,2,2,100,33,0,0,50,0,0,100,primary_candidate,Campo critico con cobertura y evidencia suficientes en la muestra.
webs_propias_phase7_2026-06-14T20-43-50-127Z,BARQUEROS INMOBILIARIA,barqueros.com,wordpress_sitemap_rest_html,phase5_wordpress_html_jsonld,unit_count,2,0,0,0,100,0,50,0,0,0,not_recommended,Campo no observado en la muestra Fase 5.
webs_propias_phase7_2026-06-14T20-43-50-127Z,BARQUEROS INMOBILIARIA,barqueros.com,wordpress_sitemap_rest_html,phase5_wordpress_html_jsonld,list_price_avg,2,0,0,0,100,0,50,0,0,0,not_recommended,Campo no observado en la muestra Fase 5.
webs_propias_phase7_2026-06-14T20-43-50-127Z,BARQUEROS INMOBILIARIA,barqueros.com,wordpress_sitemap_rest_html,phase5_wordpress_html_jsonld,currency,2,0,0,0,100,0,50,0,0,0,not_recommended,Campo no observado en la muestra Fase 5.
webs_propias_phase7_2026-06-14T20-43-50-127Z,BARQUEROS INMOBILIARIA,barqueros.com,wordpress_sitemap_rest_html,phase5_wordpress_html_jsonld,delivery_year,2,0,0,0,100,0,50,0,0,0,not_recommended,Campo no observado en la muestra Fase 5.
webs_propias_phase7_2026-06-14T20-43-50-127Z,BARQUEROS INMOBILIARIA,barqueros.com,wordpress_sitemap_rest_html,phase5_wordpress_html_jsonld,delivery_date,2,0,0,0,100,0,50,0,0,0,not_recommended,Campo no observado en la muestra Fase 5.
webs_propias_phase7_2026-06-14T20-43-50-127Z,BARQUEROS INMOBILIARIA,barqueros.com,wordpress_sitemap_rest_html,phase5_wordpress_html_jsonld,description,2,0,0,0,100,0,50,0,0,0,not_recommended,Campo no observado en la muestra Fase 5.
webs_propias_phase7_2026-06-14T20-43-50-127Z,BARQUEROS INMOBILIARIA,barqueros.com,wordpress_sitemap_rest_html,phase5_wordpress_html_jsonld,amenities,2,2,100,33,0,0,50,0,0,100,enrichment_only,"Campo util para enriquecimiento, no necesariamente fuente primaria."
webs_propias_phase7_2026-06-14T20-43-50-127Z,BARQUEROS INMOBILIARIA,barqueros.com,wordpress_sitemap_rest_html,phase5_wordpress_html_jsonld,contact_name,2,0,0,0,100,0,50,0,0,0,not_recommended,Campo no observado en la muestra Fase 5.
webs_propias_phase7_2026-06-14T20-43-50-127Z,BARQUEROS INMOBILIARIA,barqueros.com,wordpress_sitemap_rest_html,phase5_wordpress_html_jsonld,contact_phone,2,0,0,0,100,0,50,0,0,0,not_recommended,Campo no observado en la muestra Fase 5.
webs_propias_phase7_2026-06-14T20-43-50-127Z,BARQUEROS INMOBILIARIA,barqueros.com,wordpress_sitemap_rest_html,phase5_wordpress_html_jsonld,whatsapp,2,2,100,66,0,0,50,0,0,100,enrichment_only,"Campo util para enriquecimiento, no necesariamente fuente primaria."
webs_propias_phase7_2026-06-14T20-43-50-127Z,BARQUEROS INMOBILIARIA,barqueros.com,wordpress_sitemap_rest_html,phase5_wordpress_html_jsonld,email,2,2,100,66,0,0,50,0,0,100,enrichment_only,"Campo util para enriquecimiento, no necesariamente fuente primaria."
webs_propias_phase7_2026-06-14T20-43-50-127Z,BARQUEROS INMOBILIARIA,barqueros.com,wordpress_sitemap_rest_html,phase5_wordpress_html_jsonld,financing_banks,2,0,0,0,100,0,50,0,0,0,not_recommended,Campo no observado en la muestra Fase 5.
webs_propias_phase7_2026-06-14T20-43-50-127Z,BARQUEROS INMOBILIARIA,barqueros.com,wordpress_sitemap_rest_html,phase5_wordpress_html_jsonld,latitude,2,0,0,0,100,0,50,0,0,0,not_recommended,Campo no observado en la muestra Fase 5.
webs_propias_phase7_2026-06-14T20-43-50-127Z,BARQUEROS INMOBILIARIA,barqueros.com,wordpress_sitemap_rest_html,phase5_wordpress_html_jsonld,longitude,2,0,0,0,100,0,50,0,0,0,not_recommended,Campo no observado en la muestra Fase 5.
webs_propias_phase7_2026-06-14T20-43-50-127Z,Grupo Magbis,magbisconstrucciones.com,wordpress_sitemap_rest_html,phase5_wordpress_html_jsonld,source_url,2,2,100,100,0,0,0,0,0,100,primary_candidate,Campo critico con cobertura y evidencia suficientes en la muestra.
webs_propias_phase7_2026-06-14T20-43-50-127Z,Grupo Magbis,magbisconstrucciones.com,wordpress_sitemap_rest_html,phase5_wordpress_html_jsonld,agency_name,2,2,100,100,0,0,0,0,0,100,primary_candidate,Campo critico con cobertura y evidencia suficientes en la muestra.
webs_propias_phase7_2026-06-14T20-43-50-127Z,Grupo Magbis,magbisconstrucciones.com,wordpress_sitemap_rest_html,phase5_wordpress_html_jsonld,project_name,2,2,100,66,0,0,0,0,0,100,primary_candidate,Campo critico con cobertura y evidencia suficientes en la muestra.
webs_propias_phase7_2026-06-14T20-43-50-127Z,Grupo Magbis,magbisconstrucciones.com,wordpress_sitemap_rest_html,phase5_wordpress_html_jsonld,district,2,2,100,66,0,0,0,0,0,100,primary_candidate,Campo critico con cobertura y evidencia suficientes en la muestra.
webs_propias_phase7_2026-06-14T20-43-50-127Z,Grupo Magbis,magbisconstrucciones.com,wordpress_sitemap_rest_html,phase5_wordpress_html_jsonld,address,2,2,100,66,0,0,0,0,0,100,primary_candidate,Campo critico con cobertura y evidencia suficientes en la muestra.
webs_propias_phase7_2026-06-14T20-43-50-127Z,Grupo Magbis,magbisconstrucciones.com,wordpress_sitemap_rest_html,phase5_wordpress_html_jsonld,typology,2,2,100,66,0,0,0,0,0,100,primary_candidate,Campo critico con cobertura y evidencia suficientes en la muestra.
webs_propias_phase7_2026-06-14T20-43-50-127Z,Grupo Magbis,magbisconstrucciones.com,wordpress_sitemap_rest_html,phase5_wordpress_html_jsonld,bedrooms,2,2,100,66,0,0,0,0,0,100,primary_candidate,Campo critico con cobertura y evidencia suficientes en la muestra.
webs_propias_phase7_2026-06-14T20-43-50-127Z,Grupo Magbis,magbisconstrucciones.com,wordpress_sitemap_rest_html,phase5_wordpress_html_jsonld,total_area,2,2,100,66,0,0,0,0,0,100,primary_candidate,Campo critico con cobertura y evidencia suficientes en la muestra.
webs_propias_phase7_2026-06-14T20-43-50-127Z,Grupo Magbis,magbisconstrucciones.com,wordpress_sitemap_rest_html,phase5_wordpress_html_jsonld,unit_status,2,2,100,33,0,0,0,0,0,100,primary_candidate,Campo critico con cobertura y evidencia suficientes en la muestra.
webs_propias_phase7_2026-06-14T20-43-50-127Z,Grupo Magbis,magbisconstrucciones.com,wordpress_sitemap_rest_html,phase5_wordpress_html_jsonld,unit_count,2,0,0,0,100,0,0,0,0,0,not_recommended,Campo no observado en la muestra Fase 5.
webs_propias_phase7_2026-06-14T20-43-50-127Z,Grupo Magbis,magbisconstrucciones.com,wordpress_sitemap_rest_html,phase5_wordpress_html_jsonld,list_price_avg,2,0,0,0,100,0,0,0,0,0,not_recommended,Campo no observado en la muestra Fase 5.
webs_propias_phase7_2026-06-14T20-43-50-127Z,Grupo Magbis,magbisconstrucciones.com,wordpress_sitemap_rest_html,phase5_wordpress_html_jsonld,currency,2,0,0,0,100,0,0,0,0,0,not_recommended,Campo no observado en la muestra Fase 5.
webs_propias_phase7_2026-06-14T20-43-50-127Z,Grupo Magbis,magbisconstrucciones.com,wordpress_sitemap_rest_html,phase5_wordpress_html_jsonld,delivery_year,2,0,0,0,100,0,0,0,0,0,not_recommended,Campo no observado en la muestra Fase 5.
webs_propias_phase7_2026-06-14T20-43-50-127Z,Grupo Magbis,magbisconstrucciones.com,wordpress_sitemap_rest_html,phase5_wordpress_html_jsonld,delivery_date,2,0,0,0,100,0,0,0,0,0,not_recommended,Campo no observado en la muestra Fase 5.
webs_propias_phase7_2026-06-14T20-43-50-127Z,Grupo Magbis,magbisconstrucciones.com,wordpress_sitemap_rest_html,phase5_wordpress_html_jsonld,description,2,0,0,0,100,0,0,0,0,0,not_recommended,Campo no observado en la muestra Fase 5.
webs_propias_phase7_2026-06-14T20-43-50-127Z,Grupo Magbis,magbisconstrucciones.com,wordpress_sitemap_rest_html,phase5_wordpress_html_jsonld,amenities,2,0,0,0,100,0,0,0,0,0,not_recommended,Campo no observado en la muestra Fase 5.
webs_propias_phase7_2026-06-14T20-43-50-127Z,Grupo Magbis,magbisconstrucciones.com,wordpress_sitemap_rest_html,phase5_wordpress_html_jsonld,contact_name,2,0,0,0,100,0,0,0,0,0,not_recommended,Campo no observado en la muestra Fase 5.
webs_propias_phase7_2026-06-14T20-43-50-127Z,Grupo Magbis,magbisconstrucciones.com,wordpress_sitemap_rest_html,phase5_wordpress_html_jsonld,contact_phone,2,2,100,66,0,0,0,0,0,100,enrichment_only,"Campo util para enriquecimiento, no necesariamente fuente primaria."
webs_propias_phase7_2026-06-14T20-43-50-127Z,Grupo Magbis,magbisconstrucciones.com,wordpress_sitemap_rest_html,phase5_wordpress_html_jsonld,whatsapp,2,0,0,0,100,0,0,0,0,0,not_recommended,Campo no observado en la muestra Fase 5.
webs_propias_phase7_2026-06-14T20-43-50-127Z,Grupo Magbis,magbisconstrucciones.com,wordpress_sitemap_rest_html,phase5_wordpress_html_jsonld,email,2,2,100,66,0,0,0,0,0,100,enrichment_only,"Campo util para enriquecimiento, no necesariamente fuente primaria."
webs_propias_phase7_2026-06-14T20-43-50-127Z,Grupo Magbis,magbisconstrucciones.com,wordpress_sitemap_rest_html,phase5_wordpress_html_jsonld,financing_banks,2,0,0,0,100,0,0,0,0,0,not_recommended,Campo no observado en la muestra Fase 5.
webs_propias_phase7_2026-06-14T20-43-50-127Z,Grupo Magbis,magbisconstrucciones.com,wordpress_sitemap_rest_html,phase5_wordpress_html_jsonld,latitude,2,0,0,0,100,0,0,100,0,0,not_recommended,Campo no observado en la muestra Fase 5.
webs_propias_phase7_2026-06-14T20-43-50-127Z,Grupo Magbis,magbisconstrucciones.com,wordpress_sitemap_rest_html,phase5_wordpress_html_jsonld,longitude,2,0,0,0,100,0,0,100,0,0,not_recommended,Campo no observado en la muestra Fase 5.
webs_propias_phase7_2026-06-14T20-43-50-127Z,NEXO INGENIERÍA,nexoingenieria.com,wordpress_sitemap_rest_html,phase5_wordpress_html_jsonld,source_url,2,2,100,100,0,0,0,0,0,100,primary_candidate,Campo critico con cobertura y evidencia suficientes en la muestra.
webs_propias_phase7_2026-06-14T20-43-50-127Z,NEXO INGENIERÍA,nexoingenieria.com,wordpress_sitemap_rest_html,phase5_wordpress_html_jsonld,agency_name,2,2,100,100,0,0,0,0,0,100,primary_candidate,Campo critico con cobertura y evidencia suficientes en la muestra.
webs_propias_phase7_2026-06-14T20-43-50-127Z,NEXO INGENIERÍA,nexoingenieria.com,wordpress_sitemap_rest_html,phase5_wordpress_html_jsonld,project_name,2,2,100,66,0,0,0,0,0,100,primary_candidate,Campo critico con cobertura y evidencia suficientes en la muestra.
webs_propias_phase7_2026-06-14T20-43-50-127Z,NEXO INGENIERÍA,nexoingenieria.com,wordpress_sitemap_rest_html,phase5_wordpress_html_jsonld,district,2,2,100,66,0,0,0,0,0,100,primary_candidate,Campo critico con cobertura y evidencia suficientes en la muestra.
webs_propias_phase7_2026-06-14T20-43-50-127Z,NEXO INGENIERÍA,nexoingenieria.com,wordpress_sitemap_rest_html,phase5_wordpress_html_jsonld,address,2,2,100,66,0,0,0,50,0,100,manual_review,Mismatch alto contra Nexo en registros comparables.
webs_propias_phase7_2026-06-14T20-43-50-127Z,NEXO INGENIERÍA,nexoingenieria.com,wordpress_sitemap_rest_html,phase5_wordpress_html_jsonld,typology,2,1,50,66,50,0,0,0,0,100,enrichment_only,"Campo util para enriquecimiento, no necesariamente fuente primaria."
webs_propias_phase7_2026-06-14T20-43-50-127Z,NEXO INGENIERÍA,nexoingenieria.com,wordpress_sitemap_rest_html,phase5_wordpress_html_jsonld,bedrooms,2,1,50,66,50,0,0,0,0,100,enrichment_only,"Campo util para enriquecimiento, no necesariamente fuente primaria."
webs_propias_phase7_2026-06-14T20-43-50-127Z,NEXO INGENIERÍA,nexoingenieria.com,wordpress_sitemap_rest_html,phase5_wordpress_html_jsonld,total_area,2,1,50,66,50,0,0,0,0,100,enrichment_only,"Campo util para enriquecimiento, no necesariamente fuente primaria."
webs_propias_phase7_2026-06-14T20-43-50-127Z,NEXO INGENIERÍA,nexoingenieria.com,wordpress_sitemap_rest_html,phase5_wordpress_html_jsonld,unit_status,2,0,0,0,100,0,0,0,0,0,not_recommended,Campo no observado en la muestra Fase 5.
webs_propias_phase7_2026-06-14T20-43-50-127Z,NEXO INGENIERÍA,nexoingenieria.com,wordpress_sitemap_rest_html,phase5_wordpress_html_jsonld,unit_count,2,0,0,0,100,0,0,0,0,0,not_recommended,Campo no observado en la muestra Fase 5.
webs_propias_phase7_2026-06-14T20-43-50-127Z,NEXO INGENIERÍA,nexoingenieria.com,wordpress_sitemap_rest_html,phase5_wordpress_html_jsonld,list_price_avg,2,0,0,0,100,0,0,0,0,0,not_recommended,Campo no observado en la muestra Fase 5.
webs_propias_phase7_2026-06-14T20-43-50-127Z,NEXO INGENIERÍA,nexoingenieria.com,wordpress_sitemap_rest_html,phase5_wordpress_html_jsonld,currency,2,0,0,0,100,0,0,0,0,0,not_recommended,Campo no observado en la muestra Fase 5.
webs_propias_phase7_2026-06-14T20-43-50-127Z,NEXO INGENIERÍA,nexoingenieria.com,wordpress_sitemap_rest_html,phase5_wordpress_html_jsonld,delivery_year,2,0,0,0,100,0,0,0,0,0,not_recommended,Campo no observado en la muestra Fase 5.
webs_propias_phase7_2026-06-14T20-43-50-127Z,NEXO INGENIERÍA,nexoingenieria.com,wordpress_sitemap_rest_html,phase5_wordpress_html_jsonld,delivery_date,2,0,0,0,100,0,0,0,0,0,not_recommended,Campo no observado en la muestra Fase 5.
webs_propias_phase7_2026-06-14T20-43-50-127Z,NEXO INGENIERÍA,nexoingenieria.com,wordpress_sitemap_rest_html,phase5_wordpress_html_jsonld,description,2,0,0,0,100,0,0,0,0,0,not_recommended,Campo no observado en la muestra Fase 5.
webs_propias_phase7_2026-06-14T20-43-50-127Z,NEXO INGENIERÍA,nexoingenieria.com,wordpress_sitemap_rest_html,phase5_wordpress_html_jsonld,amenities,2,1,50,33,50,0,0,0,0,100,enrichment_only,"Campo util para enriquecimiento, no necesariamente fuente primaria."
webs_propias_phase7_2026-06-14T20-43-50-127Z,NEXO INGENIERÍA,nexoingenieria.com,wordpress_sitemap_rest_html,phase5_wordpress_html_jsonld,contact_name,2,0,0,0,100,0,0,0,0,0,not_recommended,Campo no observado en la muestra Fase 5.
webs_propias_phase7_2026-06-14T20-43-50-127Z,NEXO INGENIERÍA,nexoingenieria.com,wordpress_sitemap_rest_html,phase5_wordpress_html_jsonld,contact_phone,2,2,100,66,0,0,0,0,0,100,enrichment_only,"Campo util para enriquecimiento, no necesariamente fuente primaria."
webs_propias_phase7_2026-06-14T20-43-50-127Z,NEXO INGENIERÍA,nexoingenieria.com,wordpress_sitemap_rest_html,phase5_wordpress_html_jsonld,whatsapp,2,0,0,0,100,0,0,0,0,0,not_recommended,Campo no observado en la muestra Fase 5.
webs_propias_phase7_2026-06-14T20-43-50-127Z,NEXO INGENIERÍA,nexoingenieria.com,wordpress_sitemap_rest_html,phase5_wordpress_html_jsonld,email,2,0,0,0,100,0,0,0,0,0,not_recommended,Campo no observado en la muestra Fase 5.
webs_propias_phase7_2026-06-14T20-43-50-127Z,NEXO INGENIERÍA,nexoingenieria.com,wordpress_sitemap_rest_html,phase5_wordpress_html_jsonld,financing_banks,2,0,0,0,100,0,0,0,0,0,not_recommended,Campo no observado en la muestra Fase 5.
webs_propias_phase7_2026-06-14T20-43-50-127Z,NEXO INGENIERÍA,nexoingenieria.com,wordpress_sitemap_rest_html,phase5_wordpress_html_jsonld,latitude,2,0,0,0,100,0,0,100,0,0,not_recommended,Campo no observado en la muestra Fase 5.
webs_propias_phase7_2026-06-14T20-43-50-127Z,NEXO INGENIERÍA,nexoingenieria.com,wordpress_sitemap_rest_html,phase5_wordpress_html_jsonld,longitude,2,0,0,0,100,0,0,100,0,0,not_recommended,Campo no observado en la muestra Fase 5.
webs_propias_phase7_2026-06-14T20-43-50-127Z,FAI INMOBILIARIA,flesan.com.pe,wordpress_sitemap_rest_html,phase5_wordpress_html_jsonld,source_url,2,2,100,100,0,0,0,0,0,100,primary_candidate,Campo critico con cobertura y evidencia suficientes en la muestra.
webs_propias_phase7_2026-06-14T20-43-50-127Z,FAI INMOBILIARIA,flesan.com.pe,wordpress_sitemap_rest_html,phase5_wordpress_html_jsonld,agency_name,2,2,100,100,0,0,0,0,0,100,primary_candidate,Campo critico con cobertura y evidencia suficientes en la muestra.
webs_propias_phase7_2026-06-14T20-43-50-127Z,FAI INMOBILIARIA,flesan.com.pe,wordpress_sitemap_rest_html,phase5_wordpress_html_jsonld,project_name,2,2,100,66,0,0,0,0,0,100,primary_candidate,Campo critico con cobertura y evidencia suficientes en la muestra.
webs_propias_phase7_2026-06-14T20-43-50-127Z,FAI INMOBILIARIA,flesan.com.pe,wordpress_sitemap_rest_html,phase5_wordpress_html_jsonld,district,2,2,100,66,0,0,0,0,0,100,primary_candidate,Campo critico con cobertura y evidencia suficientes en la muestra.
webs_propias_phase7_2026-06-14T20-43-50-127Z,FAI INMOBILIARIA,flesan.com.pe,wordpress_sitemap_rest_html,phase5_wordpress_html_jsonld,address,2,2,100,66,0,0,0,0,0,100,primary_candidate,Campo critico con cobertura y evidencia suficientes en la muestra.
webs_propias_phase7_2026-06-14T20-43-50-127Z,FAI INMOBILIARIA,flesan.com.pe,wordpress_sitemap_rest_html,phase5_wordpress_html_jsonld,typology,2,0,0,0,100,0,0,0,0,0,not_recommended,Campo no observado en la muestra Fase 5.
webs_propias_phase7_2026-06-14T20-43-50-127Z,FAI INMOBILIARIA,flesan.com.pe,wordpress_sitemap_rest_html,phase5_wordpress_html_jsonld,bedrooms,2,0,0,0,100,0,0,0,0,0,not_recommended,Campo no observado en la muestra Fase 5.
webs_propias_phase7_2026-06-14T20-43-50-127Z,FAI INMOBILIARIA,flesan.com.pe,wordpress_sitemap_rest_html,phase5_wordpress_html_jsonld,total_area,2,0,0,0,100,0,0,0,0,0,not_recommended,Campo no observado en la muestra Fase 5.
webs_propias_phase7_2026-06-14T20-43-50-127Z,FAI INMOBILIARIA,flesan.com.pe,wordpress_sitemap_rest_html,phase5_wordpress_html_jsonld,unit_status,2,2,100,33,0,0,0,0,0,100,primary_candidate,Campo critico con cobertura y evidencia suficientes en la muestra.
webs_propias_phase7_2026-06-14T20-43-50-127Z,FAI INMOBILIARIA,flesan.com.pe,wordpress_sitemap_rest_html,phase5_wordpress_html_jsonld,unit_count,2,0,0,0,100,0,0,0,0,0,not_recommended,Campo no observado en la muestra Fase 5.
webs_propias_phase7_2026-06-14T20-43-50-127Z,FAI INMOBILIARIA,flesan.com.pe,wordpress_sitemap_rest_html,phase5_wordpress_html_jsonld,list_price_avg,2,0,0,0,100,0,0,0,0,0,not_recommended,Campo no observado en la muestra Fase 5.
webs_propias_phase7_2026-06-14T20-43-50-127Z,FAI INMOBILIARIA,flesan.com.pe,wordpress_sitemap_rest_html,phase5_wordpress_html_jsonld,currency,2,0,0,0,100,0,0,0,0,0,not_recommended,Campo no observado en la muestra Fase 5.
webs_propias_phase7_2026-06-14T20-43-50-127Z,FAI INMOBILIARIA,flesan.com.pe,wordpress_sitemap_rest_html,phase5_wordpress_html_jsonld,delivery_year,2,0,0,0,100,0,0,0,0,0,not_recommended,Campo no observado en la muestra Fase 5.
webs_propias_phase7_2026-06-14T20-43-50-127Z,FAI INMOBILIARIA,flesan.com.pe,wordpress_sitemap_rest_html,phase5_wordpress_html_jsonld,delivery_date,2,0,0,0,100,0,0,0,0,0,not_recommended,Campo no observado en la muestra Fase 5.
webs_propias_phase7_2026-06-14T20-43-50-127Z,FAI INMOBILIARIA,flesan.com.pe,wordpress_sitemap_rest_html,phase5_wordpress_html_jsonld,description,2,2,100,66,0,0,0,0,0,100,enrichment_only,"Campo util para enriquecimiento, no necesariamente fuente primaria."
webs_propias_phase7_2026-06-14T20-43-50-127Z,FAI INMOBILIARIA,flesan.com.pe,wordpress_sitemap_rest_html,phase5_wordpress_html_jsonld,amenities,2,1,50,33,50,0,0,0,0,100,enrichment_only,"Campo util para enriquecimiento, no necesariamente fuente primaria."
webs_propias_phase7_2026-06-14T20-43-50-127Z,FAI INMOBILIARIA,flesan.com.pe,wordpress_sitemap_rest_html,phase5_wordpress_html_jsonld,contact_name,2,0,0,0,100,0,0,0,0,0,not_recommended,Campo no observado en la muestra Fase 5.
webs_propias_phase7_2026-06-14T20-43-50-127Z,FAI INMOBILIARIA,flesan.com.pe,wordpress_sitemap_rest_html,phase5_wordpress_html_jsonld,contact_phone,2,2,100,66,0,0,0,0,0,100,enrichment_only,"Campo util para enriquecimiento, no necesariamente fuente primaria."
webs_propias_phase7_2026-06-14T20-43-50-127Z,FAI INMOBILIARIA,flesan.com.pe,wordpress_sitemap_rest_html,phase5_wordpress_html_jsonld,whatsapp,2,0,0,0,100,0,0,0,0,0,not_recommended,Campo no observado en la muestra Fase 5.
webs_propias_phase7_2026-06-14T20-43-50-127Z,FAI INMOBILIARIA,flesan.com.pe,wordpress_sitemap_rest_html,phase5_wordpress_html_jsonld,email,2,2,100,66,0,0,0,0,0,100,enrichment_only,"Campo util para enriquecimiento, no necesariamente fuente primaria."
webs_propias_phase7_2026-06-14T20-43-50-127Z,FAI INMOBILIARIA,flesan.com.pe,wordpress_sitemap_rest_html,phase5_wordpress_html_jsonld,financing_banks,2,0,0,0,100,0,0,0,0,0,not_recommended,Campo no observado en la muestra Fase 5.
webs_propias_phase7_2026-06-14T20-43-50-127Z,FAI INMOBILIARIA,flesan.com.pe,wordpress_sitemap_rest_html,phase5_wordpress_html_jsonld,latitude,2,0,0,0,100,0,0,0,0,0,not_recommended,Campo no observado en la muestra Fase 5.
webs_propias_phase7_2026-06-14T20-43-50-127Z,FAI INMOBILIARIA,flesan.com.pe,wordpress_sitemap_rest_html,phase5_wordpress_html_jsonld,longitude,2,0,0,0,100,0,0,0,0,0,not_recommended,Campo no observado en la muestra Fase 5.
webs_propias_phase7_2026-06-14T20-43-50-127Z,Gratto Inmobiliaria,grattoinmobiliaria.com,wordpress_sitemap_rest_html,phase5_wordpress_html_jsonld,source_url,2,2,100,100,0,0,0,0,0,100,primary_candidate,Campo critico con cobertura y evidencia suficientes en la muestra.
webs_propias_phase7_2026-06-14T20-43-50-127Z,Gratto Inmobiliaria,grattoinmobiliaria.com,wordpress_sitemap_rest_html,phase5_wordpress_html_jsonld,agency_name,2,2,100,100,0,0,0,0,0,100,primary_candidate,Campo critico con cobertura y evidencia suficientes en la muestra.
webs_propias_phase7_2026-06-14T20-43-50-127Z,Gratto Inmobiliaria,grattoinmobiliaria.com,wordpress_sitemap_rest_html,phase5_wordpress_html_jsonld,project_name,2,2,100,66,0,0,0,0,0,100,primary_candidate,Campo critico con cobertura y evidencia suficientes en la muestra.
webs_propias_phase7_2026-06-14T20-43-50-127Z,Gratto Inmobiliaria,grattoinmobiliaria.com,wordpress_sitemap_rest_html,phase5_wordpress_html_jsonld,district,2,2,100,66,0,0,0,0,0,100,primary_candidate,Campo critico con cobertura y evidencia suficientes en la muestra.
webs_propias_phase7_2026-06-14T20-43-50-127Z,Gratto Inmobiliaria,grattoinmobiliaria.com,wordpress_sitemap_rest_html,phase5_wordpress_html_jsonld,address,2,2,100,66,0,0,0,0,0,100,primary_candidate,Campo critico con cobertura y evidencia suficientes en la muestra.
webs_propias_phase7_2026-06-14T20-43-50-127Z,Gratto Inmobiliaria,grattoinmobiliaria.com,wordpress_sitemap_rest_html,phase5_wordpress_html_jsonld,typology,2,2,100,66,0,0,0,0,0,100,primary_candidate,Campo critico con cobertura y evidencia suficientes en la muestra.
webs_propias_phase7_2026-06-14T20-43-50-127Z,Gratto Inmobiliaria,grattoinmobiliaria.com,wordpress_sitemap_rest_html,phase5_wordpress_html_jsonld,bedrooms,2,2,100,66,0,0,0,0,0,100,primary_candidate,Campo critico con cobertura y evidencia suficientes en la muestra.
webs_propias_phase7_2026-06-14T20-43-50-127Z,Gratto Inmobiliaria,grattoinmobiliaria.com,wordpress_sitemap_rest_html,phase5_wordpress_html_jsonld,total_area,2,2,100,66,0,0,0,0,0,100,primary_candidate,Campo critico con cobertura y evidencia suficientes en la muestra.
webs_propias_phase7_2026-06-14T20-43-50-127Z,Gratto Inmobiliaria,grattoinmobiliaria.com,wordpress_sitemap_rest_html,phase5_wordpress_html_jsonld,unit_status,2,0,0,0,100,0,0,0,0,0,not_recommended,Campo no observado en la muestra Fase 5.
webs_propias_phase7_2026-06-14T20-43-50-127Z,Gratto Inmobiliaria,grattoinmobiliaria.com,wordpress_sitemap_rest_html,phase5_wordpress_html_jsonld,unit_count,2,0,0,0,100,0,0,0,0,0,not_recommended,Campo no observado en la muestra Fase 5.
webs_propias_phase7_2026-06-14T20-43-50-127Z,Gratto Inmobiliaria,grattoinmobiliaria.com,wordpress_sitemap_rest_html,phase5_wordpress_html_jsonld,list_price_avg,2,0,0,0,100,0,0,0,0,0,not_recommended,Campo no observado en la muestra Fase 5.
webs_propias_phase7_2026-06-14T20-43-50-127Z,Gratto Inmobiliaria,grattoinmobiliaria.com,wordpress_sitemap_rest_html,phase5_wordpress_html_jsonld,currency,2,0,0,0,100,0,0,0,0,0,not_recommended,Campo no observado en la muestra Fase 5.
webs_propias_phase7_2026-06-14T20-43-50-127Z,Gratto Inmobiliaria,grattoinmobiliaria.com,wordpress_sitemap_rest_html,phase5_wordpress_html_jsonld,delivery_year,2,0,0,0,100,0,0,0,0,0,not_recommended,Campo no observado en la muestra Fase 5.
webs_propias_phase7_2026-06-14T20-43-50-127Z,Gratto Inmobiliaria,grattoinmobiliaria.com,wordpress_sitemap_rest_html,phase5_wordpress_html_jsonld,delivery_date,2,0,0,0,100,0,0,0,0,0,not_recommended,Campo no observado en la muestra Fase 5.
webs_propias_phase7_2026-06-14T20-43-50-127Z,Gratto Inmobiliaria,grattoinmobiliaria.com,wordpress_sitemap_rest_html,phase5_wordpress_html_jsonld,description,2,0,0,0,100,0,0,0,0,0,not_recommended,Campo no observado en la muestra Fase 5.
webs_propias_phase7_2026-06-14T20-43-50-127Z,Gratto Inmobiliaria,grattoinmobiliaria.com,wordpress_sitemap_rest_html,phase5_wordpress_html_jsonld,amenities,2,2,100,33,0,0,0,0,0,100,enrichment_only,"Campo util para enriquecimiento, no necesariamente fuente primaria."
webs_propias_phase7_2026-06-14T20-43-50-127Z,Gratto Inmobiliaria,grattoinmobiliaria.com,wordpress_sitemap_rest_html,phase5_wordpress_html_jsonld,contact_name,2,0,0,0,100,0,0,0,0,0,not_recommended,Campo no observado en la muestra Fase 5.
webs_propias_phase7_2026-06-14T20-43-50-127Z,Gratto Inmobiliaria,grattoinmobiliaria.com,wordpress_sitemap_rest_html,phase5_wordpress_html_jsonld,contact_phone,2,2,100,66,0,0,0,0,0,100,enrichment_only,"Campo util para enriquecimiento, no necesariamente fuente primaria."
webs_propias_phase7_2026-06-14T20-43-50-127Z,Gratto Inmobiliaria,grattoinmobiliaria.com,wordpress_sitemap_rest_html,phase5_wordpress_html_jsonld,whatsapp,2,0,0,0,100,0,0,0,0,0,not_recommended,Campo no observado en la muestra Fase 5.
webs_propias_phase7_2026-06-14T20-43-50-127Z,Gratto Inmobiliaria,grattoinmobiliaria.com,wordpress_sitemap_rest_html,phase5_wordpress_html_jsonld,email,2,2,100,66,0,0,0,0,0,100,enrichment_only,"Campo util para enriquecimiento, no necesariamente fuente primaria."
webs_propias_phase7_2026-06-14T20-43-50-127Z,Gratto Inmobiliaria,grattoinmobiliaria.com,wordpress_sitemap_rest_html,phase5_wordpress_html_jsonld,financing_banks,2,0,0,0,100,0,0,0,0,0,not_recommended,Campo no observado en la muestra Fase 5.
webs_propias_phase7_2026-06-14T20-43-50-127Z,Gratto Inmobiliaria,grattoinmobiliaria.com,wordpress_sitemap_rest_html,phase5_wordpress_html_jsonld,latitude,2,0,0,0,100,0,0,100,0,0,not_recommended,Campo no observado en la muestra Fase 5.
webs_propias_phase7_2026-06-14T20-43-50-127Z,Gratto Inmobiliaria,grattoinmobiliaria.com,wordpress_sitemap_rest_html,phase5_wordpress_html_jsonld,longitude,2,0,0,0,100,0,0,100,0,0,not_recommended,Campo no observado en la muestra Fase 5.
webs_propias_phase7_2026-06-14T20-43-50-127Z,GRUPO BROCKSA,grupobrocksa.com,wordpress_sitemap_rest_html,phase5_wordpress_html_jsonld,source_url,1,1,100,100,0,0,0,0,0,100,primary_candidate,Campo critico con cobertura y evidencia suficientes en la muestra.
webs_propias_phase7_2026-06-14T20-43-50-127Z,GRUPO BROCKSA,grupobrocksa.com,wordpress_sitemap_rest_html,phase5_wordpress_html_jsonld,agency_name,1,1,100,100,0,0,0,0,0,100,primary_candidate,Campo critico con cobertura y evidencia suficientes en la muestra.
webs_propias_phase7_2026-06-14T20-43-50-127Z,GRUPO BROCKSA,grupobrocksa.com,wordpress_sitemap_rest_html,phase5_wordpress_html_jsonld,project_name,1,1,100,66,0,0,0,0,0,100,primary_candidate,Campo critico con cobertura y evidencia suficientes en la muestra.
webs_propias_phase7_2026-06-14T20-43-50-127Z,GRUPO BROCKSA,grupobrocksa.com,wordpress_sitemap_rest_html,phase5_wordpress_html_jsonld,district,1,1,100,66,0,0,0,0,0,100,primary_candidate,Campo critico con cobertura y evidencia suficientes en la muestra.
webs_propias_phase7_2026-06-14T20-43-50-127Z,GRUPO BROCKSA,grupobrocksa.com,wordpress_sitemap_rest_html,phase5_wordpress_html_jsonld,address,1,1,100,66,0,0,0,0,0,100,primary_candidate,Campo critico con cobertura y evidencia suficientes en la muestra.
webs_propias_phase7_2026-06-14T20-43-50-127Z,GRUPO BROCKSA,grupobrocksa.com,wordpress_sitemap_rest_html,phase5_wordpress_html_jsonld,typology,1,1,100,66,0,0,0,0,0,100,primary_candidate,Campo critico con cobertura y evidencia suficientes en la muestra.
webs_propias_phase7_2026-06-14T20-43-50-127Z,GRUPO BROCKSA,grupobrocksa.com,wordpress_sitemap_rest_html,phase5_wordpress_html_jsonld,bedrooms,1,1,100,66,0,0,0,0,0,100,primary_candidate,Campo critico con cobertura y evidencia suficientes en la muestra.
webs_propias_phase7_2026-06-14T20-43-50-127Z,GRUPO BROCKSA,grupobrocksa.com,wordpress_sitemap_rest_html,phase5_wordpress_html_jsonld,total_area,1,0,0,0,100,0,0,0,0,0,not_recommended,Campo no observado en la muestra Fase 5.
webs_propias_phase7_2026-06-14T20-43-50-127Z,GRUPO BROCKSA,grupobrocksa.com,wordpress_sitemap_rest_html,phase5_wordpress_html_jsonld,unit_status,1,0,0,0,100,0,0,0,0,0,not_recommended,Campo no observado en la muestra Fase 5.
webs_propias_phase7_2026-06-14T20-43-50-127Z,GRUPO BROCKSA,grupobrocksa.com,wordpress_sitemap_rest_html,phase5_wordpress_html_jsonld,unit_count,1,0,0,0,100,0,0,0,0,0,not_recommended,Campo no observado en la muestra Fase 5.
webs_propias_phase7_2026-06-14T20-43-50-127Z,GRUPO BROCKSA,grupobrocksa.com,wordpress_sitemap_rest_html,phase5_wordpress_html_jsonld,list_price_avg,1,0,0,0,100,0,0,0,0,0,not_recommended,Campo no observado en la muestra Fase 5.
webs_propias_phase7_2026-06-14T20-43-50-127Z,GRUPO BROCKSA,grupobrocksa.com,wordpress_sitemap_rest_html,phase5_wordpress_html_jsonld,currency,1,0,0,0,100,0,0,0,0,0,not_recommended,Campo no observado en la muestra Fase 5.
webs_propias_phase7_2026-06-14T20-43-50-127Z,GRUPO BROCKSA,grupobrocksa.com,wordpress_sitemap_rest_html,phase5_wordpress_html_jsonld,delivery_year,1,0,0,0,100,0,0,0,0,0,not_recommended,Campo no observado en la muestra Fase 5.
webs_propias_phase7_2026-06-14T20-43-50-127Z,GRUPO BROCKSA,grupobrocksa.com,wordpress_sitemap_rest_html,phase5_wordpress_html_jsonld,delivery_date,1,0,0,0,100,0,0,0,0,0,not_recommended,Campo no observado en la muestra Fase 5.
webs_propias_phase7_2026-06-14T20-43-50-127Z,GRUPO BROCKSA,grupobrocksa.com,wordpress_sitemap_rest_html,phase5_wordpress_html_jsonld,description,1,1,100,66,0,0,0,0,0,100,enrichment_only,"Campo util para enriquecimiento, no necesariamente fuente primaria."
webs_propias_phase7_2026-06-14T20-43-50-127Z,GRUPO BROCKSA,grupobrocksa.com,wordpress_sitemap_rest_html,phase5_wordpress_html_jsonld,amenities,1,1,100,33,0,0,0,0,0,100,enrichment_only,"Campo util para enriquecimiento, no necesariamente fuente primaria."
webs_propias_phase7_2026-06-14T20-43-50-127Z,GRUPO BROCKSA,grupobrocksa.com,wordpress_sitemap_rest_html,phase5_wordpress_html_jsonld,contact_name,1,0,0,0,100,0,0,0,0,0,not_recommended,Campo no observado en la muestra Fase 5.
webs_propias_phase7_2026-06-14T20-43-50-127Z,GRUPO BROCKSA,grupobrocksa.com,wordpress_sitemap_rest_html,phase5_wordpress_html_jsonld,contact_phone,1,1,100,66,0,0,0,0,0,100,enrichment_only,"Campo util para enriquecimiento, no necesariamente fuente primaria."
webs_propias_phase7_2026-06-14T20-43-50-127Z,GRUPO BROCKSA,grupobrocksa.com,wordpress_sitemap_rest_html,phase5_wordpress_html_jsonld,whatsapp,1,1,100,66,0,0,0,0,0,100,enrichment_only,"Campo util para enriquecimiento, no necesariamente fuente primaria."
webs_propias_phase7_2026-06-14T20-43-50-127Z,GRUPO BROCKSA,grupobrocksa.com,wordpress_sitemap_rest_html,phase5_wordpress_html_jsonld,email,1,1,100,66,0,0,0,0,0,100,enrichment_only,"Campo util para enriquecimiento, no necesariamente fuente primaria."
webs_propias_phase7_2026-06-14T20-43-50-127Z,GRUPO BROCKSA,grupobrocksa.com,wordpress_sitemap_rest_html,phase5_wordpress_html_jsonld,financing_banks,1,0,0,0,100,0,0,0,0,0,not_recommended,Campo no observado en la muestra Fase 5.
webs_propias_phase7_2026-06-14T20-43-50-127Z,GRUPO BROCKSA,grupobrocksa.com,wordpress_sitemap_rest_html,phase5_wordpress_html_jsonld,latitude,1,0,0,0,100,0,0,0,0,0,not_recommended,Campo no observado en la muestra Fase 5.
webs_propias_phase7_2026-06-14T20-43-50-127Z,GRUPO BROCKSA,grupobrocksa.com,wordpress_sitemap_rest_html,phase5_wordpress_html_jsonld,longitude,1,0,0,0,100,0,0,0,0,0,not_recommended,Campo no observado en la muestra Fase 5.
webs_propias_phase7_2026-06-14T20-43-50-127Z,GRUPO BROCKSA,grupobrocksa.com,wordpress_sitemap_rest_html,phase5_fetch_failed,source_url,1,1,100,100,0,100,0,0,0,100,not_recommended,Alta tasa de error de extraccion en la muestra.
webs_propias_phase7_2026-06-14T20-43-50-127Z,GRUPO BROCKSA,grupobrocksa.com,wordpress_sitemap_rest_html,phase5_fetch_failed,agency_name,1,1,100,100,0,100,0,0,0,100,not_recommended,Alta tasa de error de extraccion en la muestra.
webs_propias_phase7_2026-06-14T20-43-50-127Z,GRUPO BROCKSA,grupobrocksa.com,wordpress_sitemap_rest_html,phase5_fetch_failed,project_name,1,1,100,33,0,100,0,0,0,100,not_recommended,Alta tasa de error de extraccion en la muestra.
webs_propias_phase7_2026-06-14T20-43-50-127Z,GRUPO BROCKSA,grupobrocksa.com,wordpress_sitemap_rest_html,phase5_fetch_failed,district,1,0,0,0,100,100,0,0,0,0,not_recommended,Alta tasa de error de extraccion en la muestra.
webs_propias_phase7_2026-06-14T20-43-50-127Z,GRUPO BROCKSA,grupobrocksa.com,wordpress_sitemap_rest_html,phase5_fetch_failed,address,1,0,0,0,100,100,0,0,0,0,not_recommended,Alta tasa de error de extraccion en la muestra.
webs_propias_phase7_2026-06-14T20-43-50-127Z,GRUPO BROCKSA,grupobrocksa.com,wordpress_sitemap_rest_html,phase5_fetch_failed,typology,1,0,0,0,100,100,0,0,0,0,not_recommended,Alta tasa de error de extraccion en la muestra.
webs_propias_phase7_2026-06-14T20-43-50-127Z,GRUPO BROCKSA,grupobrocksa.com,wordpress_sitemap_rest_html,phase5_fetch_failed,bedrooms,1,0,0,0,100,100,0,0,0,0,not_recommended,Alta tasa de error de extraccion en la muestra.
webs_propias_phase7_2026-06-14T20-43-50-127Z,GRUPO BROCKSA,grupobrocksa.com,wordpress_sitemap_rest_html,phase5_fetch_failed,total_area,1,0,0,0,100,100,0,0,0,0,not_recommended,Alta tasa de error de extraccion en la muestra.
webs_propias_phase7_2026-06-14T20-43-50-127Z,GRUPO BROCKSA,grupobrocksa.com,wordpress_sitemap_rest_html,phase5_fetch_failed,unit_status,1,0,0,0,100,100,0,0,0,0,not_recommended,Alta tasa de error de extraccion en la muestra.
webs_propias_phase7_2026-06-14T20-43-50-127Z,GRUPO BROCKSA,grupobrocksa.com,wordpress_sitemap_rest_html,phase5_fetch_failed,unit_count,1,0,0,0,100,100,0,0,0,0,not_recommended,Alta tasa de error de extraccion en la muestra.
webs_propias_phase7_2026-06-14T20-43-50-127Z,GRUPO BROCKSA,grupobrocksa.com,wordpress_sitemap_rest_html,phase5_fetch_failed,list_price_avg,1,0,0,0,100,100,0,0,0,0,not_recommended,Alta tasa de error de extraccion en la muestra.
webs_propias_phase7_2026-06-14T20-43-50-127Z,GRUPO BROCKSA,grupobrocksa.com,wordpress_sitemap_rest_html,phase5_fetch_failed,currency,1,0,0,0,100,100,0,0,0,0,not_recommended,Alta tasa de error de extraccion en la muestra.
webs_propias_phase7_2026-06-14T20-43-50-127Z,GRUPO BROCKSA,grupobrocksa.com,wordpress_sitemap_rest_html,phase5_fetch_failed,delivery_year,1,0,0,0,100,100,0,0,0,0,not_recommended,Alta tasa de error de extraccion en la muestra.
webs_propias_phase7_2026-06-14T20-43-50-127Z,GRUPO BROCKSA,grupobrocksa.com,wordpress_sitemap_rest_html,phase5_fetch_failed,delivery_date,1,0,0,0,100,100,0,0,0,0,not_recommended,Alta tasa de error de extraccion en la muestra.
webs_propias_phase7_2026-06-14T20-43-50-127Z,GRUPO BROCKSA,grupobrocksa.com,wordpress_sitemap_rest_html,phase5_fetch_failed,description,1,0,0,0,100,100,0,0,0,0,not_recommended,Alta tasa de error de extraccion en la muestra.
webs_propias_phase7_2026-06-14T20-43-50-127Z,GRUPO BROCKSA,grupobrocksa.com,wordpress_sitemap_rest_html,phase5_fetch_failed,amenities,1,0,0,0,100,100,0,0,0,0,not_recommended,Alta tasa de error de extraccion en la muestra.
webs_propias_phase7_2026-06-14T20-43-50-127Z,GRUPO BROCKSA,grupobrocksa.com,wordpress_sitemap_rest_html,phase5_fetch_failed,contact_name,1,0,0,0,100,100,0,0,0,0,not_recommended,Alta tasa de error de extraccion en la muestra.
webs_propias_phase7_2026-06-14T20-43-50-127Z,GRUPO BROCKSA,grupobrocksa.com,wordpress_sitemap_rest_html,phase5_fetch_failed,contact_phone,1,0,0,0,100,100,0,0,0,0,not_recommended,Alta tasa de error de extraccion en la muestra.
webs_propias_phase7_2026-06-14T20-43-50-127Z,GRUPO BROCKSA,grupobrocksa.com,wordpress_sitemap_rest_html,phase5_fetch_failed,whatsapp,1,0,0,0,100,100,0,0,0,0,not_recommended,Alta tasa de error de extraccion en la muestra.
webs_propias_phase7_2026-06-14T20-43-50-127Z,GRUPO BROCKSA,grupobrocksa.com,wordpress_sitemap_rest_html,phase5_fetch_failed,email,1,0,0,0,100,100,0,0,0,0,not_recommended,Alta tasa de error de extraccion en la muestra.
webs_propias_phase7_2026-06-14T20-43-50-127Z,GRUPO BROCKSA,grupobrocksa.com,wordpress_sitemap_rest_html,phase5_fetch_failed,financing_banks,1,0,0,0,100,100,0,0,0,0,not_recommended,Alta tasa de error de extraccion en la muestra.
webs_propias_phase7_2026-06-14T20-43-50-127Z,GRUPO BROCKSA,grupobrocksa.com,wordpress_sitemap_rest_html,phase5_fetch_failed,latitude,1,0,0,0,100,100,0,0,0,0,not_recommended,Alta tasa de error de extraccion en la muestra.
webs_propias_phase7_2026-06-14T20-43-50-127Z,GRUPO BROCKSA,grupobrocksa.com,wordpress_sitemap_rest_html,phase5_fetch_failed,longitude,1,0,0,0,100,100,0,0,0,0,not_recommended,Alta tasa de error de extraccion en la muestra.
webs_propias_phase7_2026-06-14T20-43-50-127Z,BAUMHAUS,optimainmobiliaria.com,wordpress_sitemap_rest_html,phase5_wordpress_html_jsonld,source_url,2,2,100,100,0,0,0,0,0,100,primary_candidate,Campo critico con cobertura y evidencia suficientes en la muestra.
webs_propias_phase7_2026-06-14T20-43-50-127Z,BAUMHAUS,optimainmobiliaria.com,wordpress_sitemap_rest_html,phase5_wordpress_html_jsonld,agency_name,2,2,100,100,0,0,0,0,0,100,primary_candidate,Campo critico con cobertura y evidencia suficientes en la muestra.
webs_propias_phase7_2026-06-14T20-43-50-127Z,BAUMHAUS,optimainmobiliaria.com,wordpress_sitemap_rest_html,phase5_wordpress_html_jsonld,project_name,2,2,100,66,0,0,0,0,0,100,primary_candidate,Campo critico con cobertura y evidencia suficientes en la muestra.
webs_propias_phase7_2026-06-14T20-43-50-127Z,BAUMHAUS,optimainmobiliaria.com,wordpress_sitemap_rest_html,phase5_wordpress_html_jsonld,district,2,2,100,66,0,0,0,0,0,100,primary_candidate,Campo critico con cobertura y evidencia suficientes en la muestra.
webs_propias_phase7_2026-06-14T20-43-50-127Z,BAUMHAUS,optimainmobiliaria.com,wordpress_sitemap_rest_html,phase5_wordpress_html_jsonld,address,2,2,100,66,0,0,0,0,0,100,primary_candidate,Campo critico con cobertura y evidencia suficientes en la muestra.
webs_propias_phase7_2026-06-14T20-43-50-127Z,BAUMHAUS,optimainmobiliaria.com,wordpress_sitemap_rest_html,phase5_wordpress_html_jsonld,typology,2,2,100,66,0,0,0,0,0,100,primary_candidate,Campo critico con cobertura y evidencia suficientes en la muestra.
webs_propias_phase7_2026-06-14T20-43-50-127Z,BAUMHAUS,optimainmobiliaria.com,wordpress_sitemap_rest_html,phase5_wordpress_html_jsonld,bedrooms,2,0,0,0,100,0,0,0,0,0,not_recommended,Campo no observado en la muestra Fase 5.
webs_propias_phase7_2026-06-14T20-43-50-127Z,BAUMHAUS,optimainmobiliaria.com,wordpress_sitemap_rest_html,phase5_wordpress_html_jsonld,total_area,2,0,0,0,100,0,0,0,0,0,not_recommended,Campo no observado en la muestra Fase 5.
webs_propias_phase7_2026-06-14T20-43-50-127Z,BAUMHAUS,optimainmobiliaria.com,wordpress_sitemap_rest_html,phase5_wordpress_html_jsonld,unit_status,2,1,50,33,50,0,0,0,0,100,enrichment_only,"Campo util para enriquecimiento, no necesariamente fuente primaria."
webs_propias_phase7_2026-06-14T20-43-50-127Z,BAUMHAUS,optimainmobiliaria.com,wordpress_sitemap_rest_html,phase5_wordpress_html_jsonld,unit_count,2,0,0,0,100,0,0,0,0,0,not_recommended,Campo no observado en la muestra Fase 5.
webs_propias_phase7_2026-06-14T20-43-50-127Z,BAUMHAUS,optimainmobiliaria.com,wordpress_sitemap_rest_html,phase5_wordpress_html_jsonld,list_price_avg,2,0,0,0,100,0,0,0,0,0,not_recommended,Campo no observado en la muestra Fase 5.
webs_propias_phase7_2026-06-14T20-43-50-127Z,BAUMHAUS,optimainmobiliaria.com,wordpress_sitemap_rest_html,phase5_wordpress_html_jsonld,currency,2,0,0,0,100,0,0,0,0,0,not_recommended,Campo no observado en la muestra Fase 5.
webs_propias_phase7_2026-06-14T20-43-50-127Z,BAUMHAUS,optimainmobiliaria.com,wordpress_sitemap_rest_html,phase5_wordpress_html_jsonld,delivery_year,2,0,0,0,100,0,0,0,0,0,not_recommended,Campo no observado en la muestra Fase 5.
webs_propias_phase7_2026-06-14T20-43-50-127Z,BAUMHAUS,optimainmobiliaria.com,wordpress_sitemap_rest_html,phase5_wordpress_html_jsonld,delivery_date,2,0,0,0,100,0,0,0,0,0,not_recommended,Campo no observado en la muestra Fase 5.
webs_propias_phase7_2026-06-14T20-43-50-127Z,BAUMHAUS,optimainmobiliaria.com,wordpress_sitemap_rest_html,phase5_wordpress_html_jsonld,description,2,2,100,66,0,0,0,0,0,100,enrichment_only,"Campo util para enriquecimiento, no necesariamente fuente primaria."
webs_propias_phase7_2026-06-14T20-43-50-127Z,BAUMHAUS,optimainmobiliaria.com,wordpress_sitemap_rest_html,phase5_wordpress_html_jsonld,amenities,2,1,50,33,50,0,0,0,0,100,enrichment_only,"Campo util para enriquecimiento, no necesariamente fuente primaria."
webs_propias_phase7_2026-06-14T20-43-50-127Z,BAUMHAUS,optimainmobiliaria.com,wordpress_sitemap_rest_html,phase5_wordpress_html_jsonld,contact_name,2,0,0,0,100,0,0,0,0,0,not_recommended,Campo no observado en la muestra Fase 5.
webs_propias_phase7_2026-06-14T20-43-50-127Z,BAUMHAUS,optimainmobiliaria.com,wordpress_sitemap_rest_html,phase5_wordpress_html_jsonld,contact_phone,2,2,100,66,0,0,0,0,0,100,enrichment_only,"Campo util para enriquecimiento, no necesariamente fuente primaria."
webs_propias_phase7_2026-06-14T20-43-50-127Z,BAUMHAUS,optimainmobiliaria.com,wordpress_sitemap_rest_html,phase5_wordpress_html_jsonld,whatsapp,2,2,100,66,0,0,0,0,0,100,enrichment_only,"Campo util para enriquecimiento, no necesariamente fuente primaria."
webs_propias_phase7_2026-06-14T20-43-50-127Z,BAUMHAUS,optimainmobiliaria.com,wordpress_sitemap_rest_html,phase5_wordpress_html_jsonld,email,2,2,100,66,0,0,0,0,0,100,enrichment_only,"Campo util para enriquecimiento, no necesariamente fuente primaria."
webs_propias_phase7_2026-06-14T20-43-50-127Z,BAUMHAUS,optimainmobiliaria.com,wordpress_sitemap_rest_html,phase5_wordpress_html_jsonld,financing_banks,2,0,0,0,100,0,0,0,0,0,not_recommended,Campo no observado en la muestra Fase 5.
webs_propias_phase7_2026-06-14T20-43-50-127Z,BAUMHAUS,optimainmobiliaria.com,wordpress_sitemap_rest_html,phase5_wordpress_html_jsonld,latitude,2,0,0,0,100,0,0,0,0,0,not_recommended,Campo no observado en la muestra Fase 5.
webs_propias_phase7_2026-06-14T20-43-50-127Z,BAUMHAUS,optimainmobiliaria.com,wordpress_sitemap_rest_html,phase5_wordpress_html_jsonld,longitude,2,0,0,0,100,0,0,0,0,0,not_recommended,Campo no observado en la muestra Fase 5.
webs_propias_phase7_2026-06-14T20-43-50-127Z,BRAZIL GRUPO INMOBILIARIO,brazilgrupoinmobiliario.com,wordpress_sitemap_rest_html,phase5_wordpress_html_jsonld,source_url,2,2,100,100,0,0,0,0,0,100,primary_candidate,Campo critico con cobertura y evidencia suficientes en la muestra.
webs_propias_phase7_2026-06-14T20-43-50-127Z,BRAZIL GRUPO INMOBILIARIO,brazilgrupoinmobiliario.com,wordpress_sitemap_rest_html,phase5_wordpress_html_jsonld,agency_name,2,2,100,100,0,0,0,0,0,100,primary_candidate,Campo critico con cobertura y evidencia suficientes en la muestra.
webs_propias_phase7_2026-06-14T20-43-50-127Z,BRAZIL GRUPO INMOBILIARIO,brazilgrupoinmobiliario.com,wordpress_sitemap_rest_html,phase5_wordpress_html_jsonld,project_name,2,2,100,66,0,0,0,0,0,100,primary_candidate,Campo critico con cobertura y evidencia suficientes en la muestra.
webs_propias_phase7_2026-06-14T20-43-50-127Z,BRAZIL GRUPO INMOBILIARIO,brazilgrupoinmobiliario.com,wordpress_sitemap_rest_html,phase5_wordpress_html_jsonld,district,2,2,100,66,0,0,0,0,0,100,primary_candidate,Campo critico con cobertura y evidencia suficientes en la muestra.
webs_propias_phase7_2026-06-14T20-43-50-127Z,BRAZIL GRUPO INMOBILIARIO,brazilgrupoinmobiliario.com,wordpress_sitemap_rest_html,phase5_wordpress_html_jsonld,address,2,2,100,66,0,0,0,50,0,100,manual_review,Mismatch alto contra Nexo en registros comparables.
webs_propias_phase7_2026-06-14T20-43-50-127Z,BRAZIL GRUPO INMOBILIARIO,brazilgrupoinmobiliario.com,wordpress_sitemap_rest_html,phase5_wordpress_html_jsonld,typology,2,2,100,66,0,0,0,0,0,100,primary_candidate,Campo critico con cobertura y evidencia suficientes en la muestra.
webs_propias_phase7_2026-06-14T20-43-50-127Z,BRAZIL GRUPO INMOBILIARIO,brazilgrupoinmobiliario.com,wordpress_sitemap_rest_html,phase5_wordpress_html_jsonld,bedrooms,2,2,100,66,0,0,0,0,0,100,primary_candidate,Campo critico con cobertura y evidencia suficientes en la muestra.
webs_propias_phase7_2026-06-14T20-43-50-127Z,BRAZIL GRUPO INMOBILIARIO,brazilgrupoinmobiliario.com,wordpress_sitemap_rest_html,phase5_wordpress_html_jsonld,total_area,2,2,100,66,0,0,0,0,0,100,primary_candidate,Campo critico con cobertura y evidencia suficientes en la muestra.
webs_propias_phase7_2026-06-14T20-43-50-127Z,BRAZIL GRUPO INMOBILIARIO,brazilgrupoinmobiliario.com,wordpress_sitemap_rest_html,phase5_wordpress_html_jsonld,unit_status,2,2,100,33,0,0,0,0,0,100,primary_candidate,Campo critico con cobertura y evidencia suficientes en la muestra.
webs_propias_phase7_2026-06-14T20-43-50-127Z,BRAZIL GRUPO INMOBILIARIO,brazilgrupoinmobiliario.com,wordpress_sitemap_rest_html,phase5_wordpress_html_jsonld,unit_count,2,0,0,0,100,0,0,0,0,0,not_recommended,Campo no observado en la muestra Fase 5.
webs_propias_phase7_2026-06-14T20-43-50-127Z,BRAZIL GRUPO INMOBILIARIO,brazilgrupoinmobiliario.com,wordpress_sitemap_rest_html,phase5_wordpress_html_jsonld,list_price_avg,2,0,0,0,100,0,0,0,0,0,not_recommended,Campo no observado en la muestra Fase 5.
webs_propias_phase7_2026-06-14T20-43-50-127Z,BRAZIL GRUPO INMOBILIARIO,brazilgrupoinmobiliario.com,wordpress_sitemap_rest_html,phase5_wordpress_html_jsonld,currency,2,0,0,0,100,0,0,0,0,0,not_recommended,Campo no observado en la muestra Fase 5.
webs_propias_phase7_2026-06-14T20-43-50-127Z,BRAZIL GRUPO INMOBILIARIO,brazilgrupoinmobiliario.com,wordpress_sitemap_rest_html,phase5_wordpress_html_jsonld,delivery_year,2,0,0,0,100,0,0,0,0,0,not_recommended,Campo no observado en la muestra Fase 5.
webs_propias_phase7_2026-06-14T20-43-50-127Z,BRAZIL GRUPO INMOBILIARIO,brazilgrupoinmobiliario.com,wordpress_sitemap_rest_html,phase5_wordpress_html_jsonld,delivery_date,2,0,0,0,100,0,0,0,0,0,not_recommended,Campo no observado en la muestra Fase 5.
webs_propias_phase7_2026-06-14T20-43-50-127Z,BRAZIL GRUPO INMOBILIARIO,brazilgrupoinmobiliario.com,wordpress_sitemap_rest_html,phase5_wordpress_html_jsonld,description,2,2,100,66,0,0,0,0,0,100,enrichment_only,"Campo util para enriquecimiento, no necesariamente fuente primaria."
webs_propias_phase7_2026-06-14T20-43-50-127Z,BRAZIL GRUPO INMOBILIARIO,brazilgrupoinmobiliario.com,wordpress_sitemap_rest_html,phase5_wordpress_html_jsonld,amenities,2,2,100,33,0,0,0,0,0,100,enrichment_only,"Campo util para enriquecimiento, no necesariamente fuente primaria."
webs_propias_phase7_2026-06-14T20-43-50-127Z,BRAZIL GRUPO INMOBILIARIO,brazilgrupoinmobiliario.com,wordpress_sitemap_rest_html,phase5_wordpress_html_jsonld,contact_name,2,0,0,0,100,0,0,0,0,0,not_recommended,Campo no observado en la muestra Fase 5.
webs_propias_phase7_2026-06-14T20-43-50-127Z,BRAZIL GRUPO INMOBILIARIO,brazilgrupoinmobiliario.com,wordpress_sitemap_rest_html,phase5_wordpress_html_jsonld,contact_phone,2,2,100,66,0,0,0,0,0,100,enrichment_only,"Campo util para enriquecimiento, no necesariamente fuente primaria."
webs_propias_phase7_2026-06-14T20-43-50-127Z,BRAZIL GRUPO INMOBILIARIO,brazilgrupoinmobiliario.com,wordpress_sitemap_rest_html,phase5_wordpress_html_jsonld,whatsapp,2,0,0,0,100,0,0,0,0,0,not_recommended,Campo no observado en la muestra Fase 5.
webs_propias_phase7_2026-06-14T20-43-50-127Z,BRAZIL GRUPO INMOBILIARIO,brazilgrupoinmobiliario.com,wordpress_sitemap_rest_html,phase5_wordpress_html_jsonld,email,2,2,100,66,0,0,0,0,0,100,enrichment_only,"Campo util para enriquecimiento, no necesariamente fuente primaria."
webs_propias_phase7_2026-06-14T20-43-50-127Z,BRAZIL GRUPO INMOBILIARIO,brazilgrupoinmobiliario.com,wordpress_sitemap_rest_html,phase5_wordpress_html_jsonld,financing_banks,2,0,0,0,100,0,0,0,0,0,not_recommended,Campo no observado en la muestra Fase 5.
webs_propias_phase7_2026-06-14T20-43-50-127Z,BRAZIL GRUPO INMOBILIARIO,brazilgrupoinmobiliario.com,wordpress_sitemap_rest_html,phase5_wordpress_html_jsonld,latitude,2,0,0,0,100,0,0,100,0,0,not_recommended,Campo no observado en la muestra Fase 5.
webs_propias_phase7_2026-06-14T20-43-50-127Z,BRAZIL GRUPO INMOBILIARIO,brazilgrupoinmobiliario.com,wordpress_sitemap_rest_html,phase5_wordpress_html_jsonld,longitude,2,0,0,0,100,0,0,100,0,0,not_recommended,Campo no observado en la muestra Fase 5.
webs_propias_phase7_2026-06-14T20-43-50-127Z,MAAS INMOBILIARIA,maas.com.pe,wordpress_sitemap_rest_html,phase5_wordpress_html_jsonld,source_url,2,2,100,100,0,0,0,0,0,100,primary_candidate,Campo critico con cobertura y evidencia suficientes en la muestra.
webs_propias_phase7_2026-06-14T20-43-50-127Z,MAAS INMOBILIARIA,maas.com.pe,wordpress_sitemap_rest_html,phase5_wordpress_html_jsonld,agency_name,2,2,100,100,0,0,0,0,0,100,primary_candidate,Campo critico con cobertura y evidencia suficientes en la muestra.
webs_propias_phase7_2026-06-14T20-43-50-127Z,MAAS INMOBILIARIA,maas.com.pe,wordpress_sitemap_rest_html,phase5_wordpress_html_jsonld,project_name,2,2,100,66,0,0,0,0,0,100,primary_candidate,Campo critico con cobertura y evidencia suficientes en la muestra.
webs_propias_phase7_2026-06-14T20-43-50-127Z,MAAS INMOBILIARIA,maas.com.pe,wordpress_sitemap_rest_html,phase5_wordpress_html_jsonld,district,2,2,100,66,0,0,0,0,0,100,primary_candidate,Campo critico con cobertura y evidencia suficientes en la muestra.
webs_propias_phase7_2026-06-14T20-43-50-127Z,MAAS INMOBILIARIA,maas.com.pe,wordpress_sitemap_rest_html,phase5_wordpress_html_jsonld,address,2,0,0,0,100,0,0,0,0,0,not_recommended,Campo no observado en la muestra Fase 5.
webs_propias_phase7_2026-06-14T20-43-50-127Z,MAAS INMOBILIARIA,maas.com.pe,wordpress_sitemap_rest_html,phase5_wordpress_html_jsonld,typology,2,2,100,66,0,0,0,0,0,100,primary_candidate,Campo critico con cobertura y evidencia suficientes en la muestra.
webs_propias_phase7_2026-06-14T20-43-50-127Z,MAAS INMOBILIARIA,maas.com.pe,wordpress_sitemap_rest_html,phase5_wordpress_html_jsonld,bedrooms,2,0,0,0,100,0,0,0,0,0,not_recommended,Campo no observado en la muestra Fase 5.
webs_propias_phase7_2026-06-14T20-43-50-127Z,MAAS INMOBILIARIA,maas.com.pe,wordpress_sitemap_rest_html,phase5_wordpress_html_jsonld,total_area,2,0,0,0,100,0,0,0,0,0,not_recommended,Campo no observado en la muestra Fase 5.
webs_propias_phase7_2026-06-14T20-43-50-127Z,MAAS INMOBILIARIA,maas.com.pe,wordpress_sitemap_rest_html,phase5_wordpress_html_jsonld,unit_status,2,2,100,33,0,0,0,0,0,100,primary_candidate,Campo critico con cobertura y evidencia suficientes en la muestra.
webs_propias_phase7_2026-06-14T20-43-50-127Z,MAAS INMOBILIARIA,maas.com.pe,wordpress_sitemap_rest_html,phase5_wordpress_html_jsonld,unit_count,2,0,0,0,100,0,0,0,0,0,not_recommended,Campo no observado en la muestra Fase 5.
webs_propias_phase7_2026-06-14T20-43-50-127Z,MAAS INMOBILIARIA,maas.com.pe,wordpress_sitemap_rest_html,phase5_wordpress_html_jsonld,list_price_avg,2,0,0,0,100,0,0,0,0,0,not_recommended,Campo no observado en la muestra Fase 5.
webs_propias_phase7_2026-06-14T20-43-50-127Z,MAAS INMOBILIARIA,maas.com.pe,wordpress_sitemap_rest_html,phase5_wordpress_html_jsonld,currency,2,0,0,0,100,0,0,0,0,0,not_recommended,Campo no observado en la muestra Fase 5.
webs_propias_phase7_2026-06-14T20-43-50-127Z,MAAS INMOBILIARIA,maas.com.pe,wordpress_sitemap_rest_html,phase5_wordpress_html_jsonld,delivery_year,2,0,0,0,100,0,0,0,0,0,not_recommended,Campo no observado en la muestra Fase 5.
webs_propias_phase7_2026-06-14T20-43-50-127Z,MAAS INMOBILIARIA,maas.com.pe,wordpress_sitemap_rest_html,phase5_wordpress_html_jsonld,delivery_date,2,0,0,0,100,0,0,0,0,0,not_recommended,Campo no observado en la muestra Fase 5.
webs_propias_phase7_2026-06-14T20-43-50-127Z,MAAS INMOBILIARIA,maas.com.pe,wordpress_sitemap_rest_html,phase5_wordpress_html_jsonld,description,2,2,100,66,0,0,0,0,0,100,enrichment_only,"Campo util para enriquecimiento, no necesariamente fuente primaria."
webs_propias_phase7_2026-06-14T20-43-50-127Z,MAAS INMOBILIARIA,maas.com.pe,wordpress_sitemap_rest_html,phase5_wordpress_html_jsonld,amenities,2,1,50,33,50,0,0,0,0,100,enrichment_only,"Campo util para enriquecimiento, no necesariamente fuente primaria."
webs_propias_phase7_2026-06-14T20-43-50-127Z,MAAS INMOBILIARIA,maas.com.pe,wordpress_sitemap_rest_html,phase5_wordpress_html_jsonld,contact_name,2,0,0,0,100,0,0,0,0,0,not_recommended,Campo no observado en la muestra Fase 5.
webs_propias_phase7_2026-06-14T20-43-50-127Z,MAAS INMOBILIARIA,maas.com.pe,wordpress_sitemap_rest_html,phase5_wordpress_html_jsonld,contact_phone,2,2,100,66,0,0,0,0,0,100,enrichment_only,"Campo util para enriquecimiento, no necesariamente fuente primaria."
webs_propias_phase7_2026-06-14T20-43-50-127Z,MAAS INMOBILIARIA,maas.com.pe,wordpress_sitemap_rest_html,phase5_wordpress_html_jsonld,whatsapp,2,2,100,66,0,0,0,0,0,100,enrichment_only,"Campo util para enriquecimiento, no necesariamente fuente primaria."
webs_propias_phase7_2026-06-14T20-43-50-127Z,MAAS INMOBILIARIA,maas.com.pe,wordpress_sitemap_rest_html,phase5_wordpress_html_jsonld,email,2,2,100,66,0,0,0,0,0,100,enrichment_only,"Campo util para enriquecimiento, no necesariamente fuente primaria."
webs_propias_phase7_2026-06-14T20-43-50-127Z,MAAS INMOBILIARIA,maas.com.pe,wordpress_sitemap_rest_html,phase5_wordpress_html_jsonld,financing_banks,2,0,0,0,100,0,0,0,0,0,not_recommended,Campo no observado en la muestra Fase 5.
webs_propias_phase7_2026-06-14T20-43-50-127Z,MAAS INMOBILIARIA,maas.com.pe,wordpress_sitemap_rest_html,phase5_wordpress_html_jsonld,latitude,2,0,0,0,100,0,0,0,0,0,not_recommended,Campo no observado en la muestra Fase 5.
webs_propias_phase7_2026-06-14T20-43-50-127Z,MAAS INMOBILIARIA,maas.com.pe,wordpress_sitemap_rest_html,phase5_wordpress_html_jsonld,longitude,2,0,0,0,100,0,0,0,0,0,not_recommended,Campo no observado en la muestra Fase 5.
webs_propias_phase7_2026-06-14T20-43-50-127Z,MY HOME,myhomeoi.com,wordpress_sitemap_rest_html,phase5_wordpress_html_jsonld,source_url,2,2,100,100,0,0,0,0,0,100,primary_candidate,Campo critico con cobertura y evidencia suficientes en la muestra.
webs_propias_phase7_2026-06-14T20-43-50-127Z,MY HOME,myhomeoi.com,wordpress_sitemap_rest_html,phase5_wordpress_html_jsonld,agency_name,2,2,100,100,0,0,0,0,0,100,primary_candidate,Campo critico con cobertura y evidencia suficientes en la muestra.
webs_propias_phase7_2026-06-14T20-43-50-127Z,MY HOME,myhomeoi.com,wordpress_sitemap_rest_html,phase5_wordpress_html_jsonld,project_name,2,2,100,66,0,0,0,0,0,100,primary_candidate,Campo critico con cobertura y evidencia suficientes en la muestra.
webs_propias_phase7_2026-06-14T20-43-50-127Z,MY HOME,myhomeoi.com,wordpress_sitemap_rest_html,phase5_wordpress_html_jsonld,district,2,2,100,66,0,0,0,100,0,100,manual_review,Mismatch alto contra Nexo en registros comparables.
webs_propias_phase7_2026-06-14T20-43-50-127Z,MY HOME,myhomeoi.com,wordpress_sitemap_rest_html,phase5_wordpress_html_jsonld,address,2,2,100,66,0,0,0,0,0,100,primary_candidate,Campo critico con cobertura y evidencia suficientes en la muestra.
webs_propias_phase7_2026-06-14T20-43-50-127Z,MY HOME,myhomeoi.com,wordpress_sitemap_rest_html,phase5_wordpress_html_jsonld,typology,2,1,50,66,50,0,0,0,0,100,enrichment_only,"Campo util para enriquecimiento, no necesariamente fuente primaria."
webs_propias_phase7_2026-06-14T20-43-50-127Z,MY HOME,myhomeoi.com,wordpress_sitemap_rest_html,phase5_wordpress_html_jsonld,bedrooms,2,2,100,66,0,0,0,0,0,100,primary_candidate,Campo critico con cobertura y evidencia suficientes en la muestra.
webs_propias_phase7_2026-06-14T20-43-50-127Z,MY HOME,myhomeoi.com,wordpress_sitemap_rest_html,phase5_wordpress_html_jsonld,total_area,2,2,100,66,0,0,0,0,0,100,primary_candidate,Campo critico con cobertura y evidencia suficientes en la muestra.
webs_propias_phase7_2026-06-14T20-43-50-127Z,MY HOME,myhomeoi.com,wordpress_sitemap_rest_html,phase5_wordpress_html_jsonld,unit_status,2,1,50,33,50,0,0,0,0,100,enrichment_only,"Campo util para enriquecimiento, no necesariamente fuente primaria."
webs_propias_phase7_2026-06-14T20-43-50-127Z,MY HOME,myhomeoi.com,wordpress_sitemap_rest_html,phase5_wordpress_html_jsonld,unit_count,2,0,0,0,100,0,0,0,0,0,not_recommended,Campo no observado en la muestra Fase 5.
webs_propias_phase7_2026-06-14T20-43-50-127Z,MY HOME,myhomeoi.com,wordpress_sitemap_rest_html,phase5_wordpress_html_jsonld,list_price_avg,2,0,0,0,100,0,0,0,0,0,not_recommended,Campo no observado en la muestra Fase 5.
webs_propias_phase7_2026-06-14T20-43-50-127Z,MY HOME,myhomeoi.com,wordpress_sitemap_rest_html,phase5_wordpress_html_jsonld,currency,2,0,0,0,100,0,0,0,0,0,not_recommended,Campo no observado en la muestra Fase 5.
webs_propias_phase7_2026-06-14T20-43-50-127Z,MY HOME,myhomeoi.com,wordpress_sitemap_rest_html,phase5_wordpress_html_jsonld,delivery_year,2,0,0,0,100,0,0,0,0,0,not_recommended,Campo no observado en la muestra Fase 5.
webs_propias_phase7_2026-06-14T20-43-50-127Z,MY HOME,myhomeoi.com,wordpress_sitemap_rest_html,phase5_wordpress_html_jsonld,delivery_date,2,0,0,0,100,0,0,0,0,0,not_recommended,Campo no observado en la muestra Fase 5.
webs_propias_phase7_2026-06-14T20-43-50-127Z,MY HOME,myhomeoi.com,wordpress_sitemap_rest_html,phase5_wordpress_html_jsonld,description,2,0,0,0,100,0,0,0,0,0,not_recommended,Campo no observado en la muestra Fase 5.
webs_propias_phase7_2026-06-14T20-43-50-127Z,MY HOME,myhomeoi.com,wordpress_sitemap_rest_html,phase5_wordpress_html_jsonld,amenities,2,2,100,33,0,0,0,0,0,100,enrichment_only,"Campo util para enriquecimiento, no necesariamente fuente primaria."
webs_propias_phase7_2026-06-14T20-43-50-127Z,MY HOME,myhomeoi.com,wordpress_sitemap_rest_html,phase5_wordpress_html_jsonld,contact_name,2,0,0,0,100,0,0,0,0,0,not_recommended,Campo no observado en la muestra Fase 5.
webs_propias_phase7_2026-06-14T20-43-50-127Z,MY HOME,myhomeoi.com,wordpress_sitemap_rest_html,phase5_wordpress_html_jsonld,contact_phone,2,0,0,0,100,0,0,0,0,0,not_recommended,Campo no observado en la muestra Fase 5.
webs_propias_phase7_2026-06-14T20-43-50-127Z,MY HOME,myhomeoi.com,wordpress_sitemap_rest_html,phase5_wordpress_html_jsonld,whatsapp,2,0,0,0,100,0,0,0,0,0,not_recommended,Campo no observado en la muestra Fase 5.
webs_propias_phase7_2026-06-14T20-43-50-127Z,MY HOME,myhomeoi.com,wordpress_sitemap_rest_html,phase5_wordpress_html_jsonld,email,2,2,100,66,0,0,0,0,0,100,enrichment_only,"Campo util para enriquecimiento, no necesariamente fuente primaria."
webs_propias_phase7_2026-06-14T20-43-50-127Z,MY HOME,myhomeoi.com,wordpress_sitemap_rest_html,phase5_wordpress_html_jsonld,financing_banks,2,0,0,0,100,0,0,0,0,0,not_recommended,Campo no observado en la muestra Fase 5.
webs_propias_phase7_2026-06-14T20-43-50-127Z,MY HOME,myhomeoi.com,wordpress_sitemap_rest_html,phase5_wordpress_html_jsonld,latitude,2,0,0,0,100,0,0,100,0,0,not_recommended,Campo no observado en la muestra Fase 5.
webs_propias_phase7_2026-06-14T20-43-50-127Z,MY HOME,myhomeoi.com,wordpress_sitemap_rest_html,phase5_wordpress_html_jsonld,longitude,2,0,0,0,100,0,0,100,0,0,not_recommended,Campo no observado en la muestra Fase 5.
webs_propias_phase7_2026-06-14T20-43-50-127Z,NOI INMOBILIARIA,noi.pe,wordpress_sitemap_rest_html,phase5_wordpress_html_jsonld,source_url,1,1,100,100,0,0,0,0,0,100,primary_candidate,Campo critico con cobertura y evidencia suficientes en la muestra.
webs_propias_phase7_2026-06-14T20-43-50-127Z,NOI INMOBILIARIA,noi.pe,wordpress_sitemap_rest_html,phase5_wordpress_html_jsonld,agency_name,1,1,100,100,0,0,0,0,0,100,primary_candidate,Campo critico con cobertura y evidencia suficientes en la muestra.
webs_propias_phase7_2026-06-14T20-43-50-127Z,NOI INMOBILIARIA,noi.pe,wordpress_sitemap_rest_html,phase5_wordpress_html_jsonld,project_name,1,1,100,66,0,0,0,0,0,100,primary_candidate,Campo critico con cobertura y evidencia suficientes en la muestra.
webs_propias_phase7_2026-06-14T20-43-50-127Z,NOI INMOBILIARIA,noi.pe,wordpress_sitemap_rest_html,phase5_wordpress_html_jsonld,district,1,1,100,66,0,0,0,0,0,100,primary_candidate,Campo critico con cobertura y evidencia suficientes en la muestra.
webs_propias_phase7_2026-06-14T20-43-50-127Z,NOI INMOBILIARIA,noi.pe,wordpress_sitemap_rest_html,phase5_wordpress_html_jsonld,address,1,1,100,66,0,0,0,0,0,100,primary_candidate,Campo critico con cobertura y evidencia suficientes en la muestra.
webs_propias_phase7_2026-06-14T20-43-50-127Z,NOI INMOBILIARIA,noi.pe,wordpress_sitemap_rest_html,phase5_wordpress_html_jsonld,typology,1,1,100,66,0,0,0,0,0,100,primary_candidate,Campo critico con cobertura y evidencia suficientes en la muestra.
webs_propias_phase7_2026-06-14T20-43-50-127Z,NOI INMOBILIARIA,noi.pe,wordpress_sitemap_rest_html,phase5_wordpress_html_jsonld,bedrooms,1,1,100,66,0,0,0,0,0,100,primary_candidate,Campo critico con cobertura y evidencia suficientes en la muestra.
webs_propias_phase7_2026-06-14T20-43-50-127Z,NOI INMOBILIARIA,noi.pe,wordpress_sitemap_rest_html,phase5_wordpress_html_jsonld,total_area,1,0,0,0,100,0,0,0,0,0,not_recommended,Campo no observado en la muestra Fase 5.
webs_propias_phase7_2026-06-14T20-43-50-127Z,NOI INMOBILIARIA,noi.pe,wordpress_sitemap_rest_html,phase5_wordpress_html_jsonld,unit_status,1,1,100,33,0,0,0,0,0,100,primary_candidate,Campo critico con cobertura y evidencia suficientes en la muestra.
webs_propias_phase7_2026-06-14T20-43-50-127Z,NOI INMOBILIARIA,noi.pe,wordpress_sitemap_rest_html,phase5_wordpress_html_jsonld,unit_count,1,0,0,0,100,0,0,0,0,0,not_recommended,Campo no observado en la muestra Fase 5.
webs_propias_phase7_2026-06-14T20-43-50-127Z,NOI INMOBILIARIA,noi.pe,wordpress_sitemap_rest_html,phase5_wordpress_html_jsonld,list_price_avg,1,0,0,0,100,0,0,0,0,0,not_recommended,Campo no observado en la muestra Fase 5.
webs_propias_phase7_2026-06-14T20-43-50-127Z,NOI INMOBILIARIA,noi.pe,wordpress_sitemap_rest_html,phase5_wordpress_html_jsonld,currency,1,0,0,0,100,0,0,0,0,0,not_recommended,Campo no observado en la muestra Fase 5.
webs_propias_phase7_2026-06-14T20-43-50-127Z,NOI INMOBILIARIA,noi.pe,wordpress_sitemap_rest_html,phase5_wordpress_html_jsonld,delivery_year,1,0,0,0,100,0,0,0,0,0,not_recommended,Campo no observado en la muestra Fase 5.
webs_propias_phase7_2026-06-14T20-43-50-127Z,NOI INMOBILIARIA,noi.pe,wordpress_sitemap_rest_html,phase5_wordpress_html_jsonld,delivery_date,1,0,0,0,100,0,0,0,0,0,not_recommended,Campo no observado en la muestra Fase 5.
webs_propias_phase7_2026-06-14T20-43-50-127Z,NOI INMOBILIARIA,noi.pe,wordpress_sitemap_rest_html,phase5_wordpress_html_jsonld,description,1,1,100,66,0,0,0,0,0,100,enrichment_only,"Campo util para enriquecimiento, no necesariamente fuente primaria."
webs_propias_phase7_2026-06-14T20-43-50-127Z,NOI INMOBILIARIA,noi.pe,wordpress_sitemap_rest_html,phase5_wordpress_html_jsonld,amenities,1,0,0,0,100,0,0,0,0,0,not_recommended,Campo no observado en la muestra Fase 5.
webs_propias_phase7_2026-06-14T20-43-50-127Z,NOI INMOBILIARIA,noi.pe,wordpress_sitemap_rest_html,phase5_wordpress_html_jsonld,contact_name,1,0,0,0,100,0,0,0,0,0,not_recommended,Campo no observado en la muestra Fase 5.
webs_propias_phase7_2026-06-14T20-43-50-127Z,NOI INMOBILIARIA,noi.pe,wordpress_sitemap_rest_html,phase5_wordpress_html_jsonld,contact_phone,1,1,100,66,0,0,0,0,0,100,enrichment_only,"Campo util para enriquecimiento, no necesariamente fuente primaria."
webs_propias_phase7_2026-06-14T20-43-50-127Z,NOI INMOBILIARIA,noi.pe,wordpress_sitemap_rest_html,phase5_wordpress_html_jsonld,whatsapp,1,1,100,66,0,0,0,0,0,100,enrichment_only,"Campo util para enriquecimiento, no necesariamente fuente primaria."
webs_propias_phase7_2026-06-14T20-43-50-127Z,NOI INMOBILIARIA,noi.pe,wordpress_sitemap_rest_html,phase5_wordpress_html_jsonld,email,1,1,100,66,0,0,0,0,0,100,enrichment_only,"Campo util para enriquecimiento, no necesariamente fuente primaria."
webs_propias_phase7_2026-06-14T20-43-50-127Z,NOI INMOBILIARIA,noi.pe,wordpress_sitemap_rest_html,phase5_wordpress_html_jsonld,financing_banks,1,0,0,0,100,0,0,0,0,0,not_recommended,Campo no observado en la muestra Fase 5.
webs_propias_phase7_2026-06-14T20-43-50-127Z,NOI INMOBILIARIA,noi.pe,wordpress_sitemap_rest_html,phase5_wordpress_html_jsonld,latitude,1,0,0,0,100,0,0,0,0,0,not_recommended,Campo no observado en la muestra Fase 5.
webs_propias_phase7_2026-06-14T20-43-50-127Z,NOI INMOBILIARIA,noi.pe,wordpress_sitemap_rest_html,phase5_wordpress_html_jsonld,longitude,1,0,0,0,100,0,0,0,0,0,not_recommended,Campo no observado en la muestra Fase 5.
webs_propias_phase7_2026-06-14T20-43-50-127Z,VIBRANT,albamar.com.pe,wordpress_sitemap_rest_html,phase5_wordpress_html_jsonld,source_url,2,2,100,100,0,0,0,0,0,100,primary_candidate,Campo critico con cobertura y evidencia suficientes en la muestra.
webs_propias_phase7_2026-06-14T20-43-50-127Z,VIBRANT,albamar.com.pe,wordpress_sitemap_rest_html,phase5_wordpress_html_jsonld,agency_name,2,2,100,100,0,0,0,0,0,100,primary_candidate,Campo critico con cobertura y evidencia suficientes en la muestra.
webs_propias_phase7_2026-06-14T20-43-50-127Z,VIBRANT,albamar.com.pe,wordpress_sitemap_rest_html,phase5_wordpress_html_jsonld,project_name,2,2,100,66,0,0,0,100,0,100,manual_review,Mismatch alto contra Nexo en registros comparables.
webs_propias_phase7_2026-06-14T20-43-50-127Z,VIBRANT,albamar.com.pe,wordpress_sitemap_rest_html,phase5_wordpress_html_jsonld,district,2,2,100,66,0,0,0,0,0,100,primary_candidate,Campo critico con cobertura y evidencia suficientes en la muestra.
webs_propias_phase7_2026-06-14T20-43-50-127Z,VIBRANT,albamar.com.pe,wordpress_sitemap_rest_html,phase5_wordpress_html_jsonld,address,2,0,0,0,100,0,0,100,0,0,not_recommended,Campo no observado en la muestra Fase 5.
webs_propias_phase7_2026-06-14T20-43-50-127Z,VIBRANT,albamar.com.pe,wordpress_sitemap_rest_html,phase5_wordpress_html_jsonld,typology,2,2,100,66,0,0,0,0,0,100,primary_candidate,Campo critico con cobertura y evidencia suficientes en la muestra.
webs_propias_phase7_2026-06-14T20-43-50-127Z,VIBRANT,albamar.com.pe,wordpress_sitemap_rest_html,phase5_wordpress_html_jsonld,bedrooms,2,2,100,66,0,0,0,0,0,100,primary_candidate,Campo critico con cobertura y evidencia suficientes en la muestra.
webs_propias_phase7_2026-06-14T20-43-50-127Z,VIBRANT,albamar.com.pe,wordpress_sitemap_rest_html,phase5_wordpress_html_jsonld,total_area,2,0,0,0,100,0,0,0,0,0,not_recommended,Campo no observado en la muestra Fase 5.
webs_propias_phase7_2026-06-14T20-43-50-127Z,VIBRANT,albamar.com.pe,wordpress_sitemap_rest_html,phase5_wordpress_html_jsonld,unit_status,2,2,100,33,0,0,0,0,0,100,primary_candidate,Campo critico con cobertura y evidencia suficientes en la muestra.
webs_propias_phase7_2026-06-14T20-43-50-127Z,VIBRANT,albamar.com.pe,wordpress_sitemap_rest_html,phase5_wordpress_html_jsonld,unit_count,2,0,0,0,100,0,0,0,0,0,not_recommended,Campo no observado en la muestra Fase 5.
webs_propias_phase7_2026-06-14T20-43-50-127Z,VIBRANT,albamar.com.pe,wordpress_sitemap_rest_html,phase5_wordpress_html_jsonld,list_price_avg,2,0,0,0,100,0,0,0,0,0,not_recommended,Campo no observado en la muestra Fase 5.
webs_propias_phase7_2026-06-14T20-43-50-127Z,VIBRANT,albamar.com.pe,wordpress_sitemap_rest_html,phase5_wordpress_html_jsonld,currency,2,0,0,0,100,0,0,0,0,0,not_recommended,Campo no observado en la muestra Fase 5.
webs_propias_phase7_2026-06-14T20-43-50-127Z,VIBRANT,albamar.com.pe,wordpress_sitemap_rest_html,phase5_wordpress_html_jsonld,delivery_year,2,0,0,0,100,0,0,0,0,0,not_recommended,Campo no observado en la muestra Fase 5.
webs_propias_phase7_2026-06-14T20-43-50-127Z,VIBRANT,albamar.com.pe,wordpress_sitemap_rest_html,phase5_wordpress_html_jsonld,delivery_date,2,0,0,0,100,0,0,0,0,0,not_recommended,Campo no observado en la muestra Fase 5.
webs_propias_phase7_2026-06-14T20-43-50-127Z,VIBRANT,albamar.com.pe,wordpress_sitemap_rest_html,phase5_wordpress_html_jsonld,description,2,1,50,66,50,0,0,0,0,100,enrichment_only,"Campo util para enriquecimiento, no necesariamente fuente primaria."
webs_propias_phase7_2026-06-14T20-43-50-127Z,VIBRANT,albamar.com.pe,wordpress_sitemap_rest_html,phase5_wordpress_html_jsonld,amenities,2,2,100,33,0,0,0,0,0,100,enrichment_only,"Campo util para enriquecimiento, no necesariamente fuente primaria."
webs_propias_phase7_2026-06-14T20-43-50-127Z,VIBRANT,albamar.com.pe,wordpress_sitemap_rest_html,phase5_wordpress_html_jsonld,contact_name,2,0,0,0,100,0,0,0,0,0,not_recommended,Campo no observado en la muestra Fase 5.
webs_propias_phase7_2026-06-14T20-43-50-127Z,VIBRANT,albamar.com.pe,wordpress_sitemap_rest_html,phase5_wordpress_html_jsonld,contact_phone,2,2,100,66,0,0,0,0,0,100,enrichment_only,"Campo util para enriquecimiento, no necesariamente fuente primaria."
webs_propias_phase7_2026-06-14T20-43-50-127Z,VIBRANT,albamar.com.pe,wordpress_sitemap_rest_html,phase5_wordpress_html_jsonld,whatsapp,2,2,100,66,0,0,0,0,0,100,enrichment_only,"Campo util para enriquecimiento, no necesariamente fuente primaria."
webs_propias_phase7_2026-06-14T20-43-50-127Z,VIBRANT,albamar.com.pe,wordpress_sitemap_rest_html,phase5_wordpress_html_jsonld,email,2,2,100,66,0,0,0,0,0,100,enrichment_only,"Campo util para enriquecimiento, no necesariamente fuente primaria."
webs_propias_phase7_2026-06-14T20-43-50-127Z,VIBRANT,albamar.com.pe,wordpress_sitemap_rest_html,phase5_wordpress_html_jsonld,financing_banks,2,0,0,0,100,0,0,0,0,0,not_recommended,Campo no observado en la muestra Fase 5.
webs_propias_phase7_2026-06-14T20-43-50-127Z,VIBRANT,albamar.com.pe,wordpress_sitemap_rest_html,phase5_wordpress_html_jsonld,latitude,2,0,0,0,100,0,0,100,0,0,not_recommended,Campo no observado en la muestra Fase 5.
webs_propias_phase7_2026-06-14T20-43-50-127Z,VIBRANT,albamar.com.pe,wordpress_sitemap_rest_html,phase5_wordpress_html_jsonld,longitude,2,0,0,0,100,0,0,100,0,0,not_recommended,Campo no observado en la muestra Fase 5.
webs_propias_phase7_2026-06-14T20-43-50-127Z,GHS CONSTRUCTORA,ghsconstructora.com,wordpress_sitemap_rest_html,phase5_wordpress_html_jsonld,source_url,2,2,100,100,0,0,0,0,0,100,primary_candidate,Campo critico con cobertura y evidencia suficientes en la muestra.
webs_propias_phase7_2026-06-14T20-43-50-127Z,GHS CONSTRUCTORA,ghsconstructora.com,wordpress_sitemap_rest_html,phase5_wordpress_html_jsonld,agency_name,2,2,100,100,0,0,0,0,0,100,primary_candidate,Campo critico con cobertura y evidencia suficientes en la muestra.
webs_propias_phase7_2026-06-14T20-43-50-127Z,GHS CONSTRUCTORA,ghsconstructora.com,wordpress_sitemap_rest_html,phase5_wordpress_html_jsonld,project_name,2,2,100,66,0,0,0,0,0,100,primary_candidate,Campo critico con cobertura y evidencia suficientes en la muestra.
webs_propias_phase7_2026-06-14T20-43-50-127Z,GHS CONSTRUCTORA,ghsconstructora.com,wordpress_sitemap_rest_html,phase5_wordpress_html_jsonld,district,2,2,100,66,0,0,0,0,0,100,primary_candidate,Campo critico con cobertura y evidencia suficientes en la muestra.
webs_propias_phase7_2026-06-14T20-43-50-127Z,GHS CONSTRUCTORA,ghsconstructora.com,wordpress_sitemap_rest_html,phase5_wordpress_html_jsonld,address,2,2,100,66,0,0,0,0,0,100,primary_candidate,Campo critico con cobertura y evidencia suficientes en la muestra.
webs_propias_phase7_2026-06-14T20-43-50-127Z,GHS CONSTRUCTORA,ghsconstructora.com,wordpress_sitemap_rest_html,phase5_wordpress_html_jsonld,typology,2,2,100,66,0,0,0,0,0,100,primary_candidate,Campo critico con cobertura y evidencia suficientes en la muestra.
webs_propias_phase7_2026-06-14T20-43-50-127Z,GHS CONSTRUCTORA,ghsconstructora.com,wordpress_sitemap_rest_html,phase5_wordpress_html_jsonld,bedrooms,2,1,50,66,50,0,0,0,0,100,enrichment_only,"Campo util para enriquecimiento, no necesariamente fuente primaria."
webs_propias_phase7_2026-06-14T20-43-50-127Z,GHS CONSTRUCTORA,ghsconstructora.com,wordpress_sitemap_rest_html,phase5_wordpress_html_jsonld,total_area,2,1,50,66,50,0,0,0,0,100,enrichment_only,"Campo util para enriquecimiento, no necesariamente fuente primaria."
webs_propias_phase7_2026-06-14T20-43-50-127Z,GHS CONSTRUCTORA,ghsconstructora.com,wordpress_sitemap_rest_html,phase5_wordpress_html_jsonld,unit_status,2,1,50,33,50,0,0,0,0,100,enrichment_only,"Campo util para enriquecimiento, no necesariamente fuente primaria."
webs_propias_phase7_2026-06-14T20-43-50-127Z,GHS CONSTRUCTORA,ghsconstructora.com,wordpress_sitemap_rest_html,phase5_wordpress_html_jsonld,unit_count,2,0,0,0,100,0,0,0,0,0,not_recommended,Campo no observado en la muestra Fase 5.
webs_propias_phase7_2026-06-14T20-43-50-127Z,GHS CONSTRUCTORA,ghsconstructora.com,wordpress_sitemap_rest_html,phase5_wordpress_html_jsonld,list_price_avg,2,0,0,0,100,0,0,0,0,0,not_recommended,Campo no observado en la muestra Fase 5.
webs_propias_phase7_2026-06-14T20-43-50-127Z,GHS CONSTRUCTORA,ghsconstructora.com,wordpress_sitemap_rest_html,phase5_wordpress_html_jsonld,currency,2,0,0,0,100,0,0,0,0,0,not_recommended,Campo no observado en la muestra Fase 5.
webs_propias_phase7_2026-06-14T20-43-50-127Z,GHS CONSTRUCTORA,ghsconstructora.com,wordpress_sitemap_rest_html,phase5_wordpress_html_jsonld,delivery_year,2,0,0,0,100,0,0,0,0,0,not_recommended,Campo no observado en la muestra Fase 5.
webs_propias_phase7_2026-06-14T20-43-50-127Z,GHS CONSTRUCTORA,ghsconstructora.com,wordpress_sitemap_rest_html,phase5_wordpress_html_jsonld,delivery_date,2,0,0,0,100,0,0,0,0,0,not_recommended,Campo no observado en la muestra Fase 5.
webs_propias_phase7_2026-06-14T20-43-50-127Z,GHS CONSTRUCTORA,ghsconstructora.com,wordpress_sitemap_rest_html,phase5_wordpress_html_jsonld,description,2,0,0,0,100,0,0,0,0,0,not_recommended,Campo no observado en la muestra Fase 5.
webs_propias_phase7_2026-06-14T20-43-50-127Z,GHS CONSTRUCTORA,ghsconstructora.com,wordpress_sitemap_rest_html,phase5_wordpress_html_jsonld,amenities,2,2,100,33,0,0,0,0,0,100,enrichment_only,"Campo util para enriquecimiento, no necesariamente fuente primaria."
webs_propias_phase7_2026-06-14T20-43-50-127Z,GHS CONSTRUCTORA,ghsconstructora.com,wordpress_sitemap_rest_html,phase5_wordpress_html_jsonld,contact_name,2,0,0,0,100,0,0,0,0,0,not_recommended,Campo no observado en la muestra Fase 5.
webs_propias_phase7_2026-06-14T20-43-50-127Z,GHS CONSTRUCTORA,ghsconstructora.com,wordpress_sitemap_rest_html,phase5_wordpress_html_jsonld,contact_phone,2,2,100,66,0,0,0,0,0,100,enrichment_only,"Campo util para enriquecimiento, no necesariamente fuente primaria."
webs_propias_phase7_2026-06-14T20-43-50-127Z,GHS CONSTRUCTORA,ghsconstructora.com,wordpress_sitemap_rest_html,phase5_wordpress_html_jsonld,whatsapp,2,2,100,66,0,0,0,0,0,100,enrichment_only,"Campo util para enriquecimiento, no necesariamente fuente primaria."
webs_propias_phase7_2026-06-14T20-43-50-127Z,GHS CONSTRUCTORA,ghsconstructora.com,wordpress_sitemap_rest_html,phase5_wordpress_html_jsonld,email,2,2,100,66,0,0,0,0,0,100,enrichment_only,"Campo util para enriquecimiento, no necesariamente fuente primaria."
webs_propias_phase7_2026-06-14T20-43-50-127Z,GHS CONSTRUCTORA,ghsconstructora.com,wordpress_sitemap_rest_html,phase5_wordpress_html_jsonld,financing_banks,2,2,100,33,0,0,0,0,0,100,enrichment_only,"Campo util para enriquecimiento, no necesariamente fuente primaria."
webs_propias_phase7_2026-06-14T20-43-50-127Z,GHS CONSTRUCTORA,ghsconstructora.com,wordpress_sitemap_rest_html,phase5_wordpress_html_jsonld,latitude,2,0,0,0,100,0,0,100,0,0,not_recommended,Campo no observado en la muestra Fase 5.
webs_propias_phase7_2026-06-14T20-43-50-127Z,GHS CONSTRUCTORA,ghsconstructora.com,wordpress_sitemap_rest_html,phase5_wordpress_html_jsonld,longitude,2,0,0,0,100,0,0,100,0,0,not_recommended,Campo no observado en la muestra Fase 5.
webs_propias_phase7_2026-06-14T20-43-50-127Z,Galeon Inmobiliaria,galeon.com.pe,wordpress_sitemap_rest_html,phase5_wordpress_html_jsonld,source_url,2,2,100,100,0,0,0,0,0,100,primary_candidate,Campo critico con cobertura y evidencia suficientes en la muestra.
webs_propias_phase7_2026-06-14T20-43-50-127Z,Galeon Inmobiliaria,galeon.com.pe,wordpress_sitemap_rest_html,phase5_wordpress_html_jsonld,agency_name,2,2,100,100,0,0,0,0,0,100,primary_candidate,Campo critico con cobertura y evidencia suficientes en la muestra.
webs_propias_phase7_2026-06-14T20-43-50-127Z,Galeon Inmobiliaria,galeon.com.pe,wordpress_sitemap_rest_html,phase5_wordpress_html_jsonld,project_name,2,2,100,66,0,0,0,0,0,100,primary_candidate,Campo critico con cobertura y evidencia suficientes en la muestra.
webs_propias_phase7_2026-06-14T20-43-50-127Z,Galeon Inmobiliaria,galeon.com.pe,wordpress_sitemap_rest_html,phase5_wordpress_html_jsonld,district,2,2,100,66,0,0,0,0,0,100,primary_candidate,Campo critico con cobertura y evidencia suficientes en la muestra.
webs_propias_phase7_2026-06-14T20-43-50-127Z,Galeon Inmobiliaria,galeon.com.pe,wordpress_sitemap_rest_html,phase5_wordpress_html_jsonld,address,2,2,100,66,0,0,0,0,0,100,primary_candidate,Campo critico con cobertura y evidencia suficientes en la muestra.
webs_propias_phase7_2026-06-14T20-43-50-127Z,Galeon Inmobiliaria,galeon.com.pe,wordpress_sitemap_rest_html,phase5_wordpress_html_jsonld,typology,2,2,100,66,0,0,0,0,0,100,primary_candidate,Campo critico con cobertura y evidencia suficientes en la muestra.
webs_propias_phase7_2026-06-14T20-43-50-127Z,Galeon Inmobiliaria,galeon.com.pe,wordpress_sitemap_rest_html,phase5_wordpress_html_jsonld,bedrooms,2,2,100,66,0,0,0,0,0,100,primary_candidate,Campo critico con cobertura y evidencia suficientes en la muestra.
webs_propias_phase7_2026-06-14T20-43-50-127Z,Galeon Inmobiliaria,galeon.com.pe,wordpress_sitemap_rest_html,phase5_wordpress_html_jsonld,total_area,2,0,0,0,100,0,0,0,0,0,not_recommended,Campo no observado en la muestra Fase 5.
webs_propias_phase7_2026-06-14T20-43-50-127Z,Galeon Inmobiliaria,galeon.com.pe,wordpress_sitemap_rest_html,phase5_wordpress_html_jsonld,unit_status,2,2,100,33,0,0,0,0,0,100,primary_candidate,Campo critico con cobertura y evidencia suficientes en la muestra.
webs_propias_phase7_2026-06-14T20-43-50-127Z,Galeon Inmobiliaria,galeon.com.pe,wordpress_sitemap_rest_html,phase5_wordpress_html_jsonld,unit_count,2,0,0,0,100,0,0,0,0,0,not_recommended,Campo no observado en la muestra Fase 5.
webs_propias_phase7_2026-06-14T20-43-50-127Z,Galeon Inmobiliaria,galeon.com.pe,wordpress_sitemap_rest_html,phase5_wordpress_html_jsonld,list_price_avg,2,0,0,0,100,0,0,0,0,0,not_recommended,Campo no observado en la muestra Fase 5.
webs_propias_phase7_2026-06-14T20-43-50-127Z,Galeon Inmobiliaria,galeon.com.pe,wordpress_sitemap_rest_html,phase5_wordpress_html_jsonld,currency,2,0,0,0,100,0,0,0,0,0,not_recommended,Campo no observado en la muestra Fase 5.
webs_propias_phase7_2026-06-14T20-43-50-127Z,Galeon Inmobiliaria,galeon.com.pe,wordpress_sitemap_rest_html,phase5_wordpress_html_jsonld,delivery_year,2,0,0,0,100,0,0,0,0,0,not_recommended,Campo no observado en la muestra Fase 5.
webs_propias_phase7_2026-06-14T20-43-50-127Z,Galeon Inmobiliaria,galeon.com.pe,wordpress_sitemap_rest_html,phase5_wordpress_html_jsonld,delivery_date,2,0,0,0,100,0,0,0,0,0,not_recommended,Campo no observado en la muestra Fase 5.
webs_propias_phase7_2026-06-14T20-43-50-127Z,Galeon Inmobiliaria,galeon.com.pe,wordpress_sitemap_rest_html,phase5_wordpress_html_jsonld,description,2,0,0,0,100,0,0,0,0,0,not_recommended,Campo no observado en la muestra Fase 5.
webs_propias_phase7_2026-06-14T20-43-50-127Z,Galeon Inmobiliaria,galeon.com.pe,wordpress_sitemap_rest_html,phase5_wordpress_html_jsonld,amenities,2,1,50,33,50,0,0,0,0,100,enrichment_only,"Campo util para enriquecimiento, no necesariamente fuente primaria."
webs_propias_phase7_2026-06-14T20-43-50-127Z,Galeon Inmobiliaria,galeon.com.pe,wordpress_sitemap_rest_html,phase5_wordpress_html_jsonld,contact_name,2,0,0,0,100,0,0,0,0,0,not_recommended,Campo no observado en la muestra Fase 5.
webs_propias_phase7_2026-06-14T20-43-50-127Z,Galeon Inmobiliaria,galeon.com.pe,wordpress_sitemap_rest_html,phase5_wordpress_html_jsonld,contact_phone,2,2,100,66,0,0,0,0,0,100,enrichment_only,"Campo util para enriquecimiento, no necesariamente fuente primaria."
webs_propias_phase7_2026-06-14T20-43-50-127Z,Galeon Inmobiliaria,galeon.com.pe,wordpress_sitemap_rest_html,phase5_wordpress_html_jsonld,whatsapp,2,0,0,0,100,0,0,0,0,0,not_recommended,Campo no observado en la muestra Fase 5.
webs_propias_phase7_2026-06-14T20-43-50-127Z,Galeon Inmobiliaria,galeon.com.pe,wordpress_sitemap_rest_html,phase5_wordpress_html_jsonld,email,2,2,100,66,0,0,0,0,0,100,enrichment_only,"Campo util para enriquecimiento, no necesariamente fuente primaria."
webs_propias_phase7_2026-06-14T20-43-50-127Z,Galeon Inmobiliaria,galeon.com.pe,wordpress_sitemap_rest_html,phase5_wordpress_html_jsonld,financing_banks,2,0,0,0,100,0,0,0,0,0,not_recommended,Campo no observado en la muestra Fase 5.
webs_propias_phase7_2026-06-14T20-43-50-127Z,Galeon Inmobiliaria,galeon.com.pe,wordpress_sitemap_rest_html,phase5_wordpress_html_jsonld,latitude,2,0,0,0,100,0,0,0,0,0,not_recommended,Campo no observado en la muestra Fase 5.
webs_propias_phase7_2026-06-14T20-43-50-127Z,Galeon Inmobiliaria,galeon.com.pe,wordpress_sitemap_rest_html,phase5_wordpress_html_jsonld,longitude,2,0,0,0,100,0,0,0,0,0,not_recommended,Campo no observado en la muestra Fase 5.
webs_propias_phase7_2026-06-14T20-43-50-127Z,OLED INMOBILIARIA,oledinmobiliaria.com,wordpress_sitemap_rest_html,phase5_wordpress_html_jsonld,source_url,2,2,100,100,0,0,0,0,0,100,primary_candidate,Campo critico con cobertura y evidencia suficientes en la muestra.
webs_propias_phase7_2026-06-14T20-43-50-127Z,OLED INMOBILIARIA,oledinmobiliaria.com,wordpress_sitemap_rest_html,phase5_wordpress_html_jsonld,agency_name,2,2,100,100,0,0,0,0,0,100,primary_candidate,Campo critico con cobertura y evidencia suficientes en la muestra.
webs_propias_phase7_2026-06-14T20-43-50-127Z,OLED INMOBILIARIA,oledinmobiliaria.com,wordpress_sitemap_rest_html,phase5_wordpress_html_jsonld,project_name,2,2,100,66,0,0,0,0,0,100,primary_candidate,Campo critico con cobertura y evidencia suficientes en la muestra.
webs_propias_phase7_2026-06-14T20-43-50-127Z,OLED INMOBILIARIA,oledinmobiliaria.com,wordpress_sitemap_rest_html,phase5_wordpress_html_jsonld,district,2,2,100,66,0,0,0,0,0,100,primary_candidate,Campo critico con cobertura y evidencia suficientes en la muestra.
webs_propias_phase7_2026-06-14T20-43-50-127Z,OLED INMOBILIARIA,oledinmobiliaria.com,wordpress_sitemap_rest_html,phase5_wordpress_html_jsonld,address,2,1,50,66,50,0,0,100,0,100,manual_review,Mismatch alto contra Nexo en registros comparables.
webs_propias_phase7_2026-06-14T20-43-50-127Z,OLED INMOBILIARIA,oledinmobiliaria.com,wordpress_sitemap_rest_html,phase5_wordpress_html_jsonld,typology,2,2,100,66,0,0,0,0,0,100,primary_candidate,Campo critico con cobertura y evidencia suficientes en la muestra.
webs_propias_phase7_2026-06-14T20-43-50-127Z,OLED INMOBILIARIA,oledinmobiliaria.com,wordpress_sitemap_rest_html,phase5_wordpress_html_jsonld,bedrooms,2,1,50,66,50,0,0,0,0,100,enrichment_only,"Campo util para enriquecimiento, no necesariamente fuente primaria."
webs_propias_phase7_2026-06-14T20-43-50-127Z,OLED INMOBILIARIA,oledinmobiliaria.com,wordpress_sitemap_rest_html,phase5_wordpress_html_jsonld,total_area,2,1,50,66,50,0,0,0,0,100,enrichment_only,"Campo util para enriquecimiento, no necesariamente fuente primaria."
webs_propias_phase7_2026-06-14T20-43-50-127Z,OLED INMOBILIARIA,oledinmobiliaria.com,wordpress_sitemap_rest_html,phase5_wordpress_html_jsonld,unit_status,2,1,50,33,50,0,0,0,0,100,enrichment_only,"Campo util para enriquecimiento, no necesariamente fuente primaria."
webs_propias_phase7_2026-06-14T20-43-50-127Z,OLED INMOBILIARIA,oledinmobiliaria.com,wordpress_sitemap_rest_html,phase5_wordpress_html_jsonld,unit_count,2,0,0,0,100,0,0,0,0,0,not_recommended,Campo no observado en la muestra Fase 5.
webs_propias_phase7_2026-06-14T20-43-50-127Z,OLED INMOBILIARIA,oledinmobiliaria.com,wordpress_sitemap_rest_html,phase5_wordpress_html_jsonld,list_price_avg,2,0,0,0,100,0,0,0,0,0,not_recommended,Campo no observado en la muestra Fase 5.
webs_propias_phase7_2026-06-14T20-43-50-127Z,OLED INMOBILIARIA,oledinmobiliaria.com,wordpress_sitemap_rest_html,phase5_wordpress_html_jsonld,currency,2,0,0,0,100,0,0,0,0,0,not_recommended,Campo no observado en la muestra Fase 5.
webs_propias_phase7_2026-06-14T20-43-50-127Z,OLED INMOBILIARIA,oledinmobiliaria.com,wordpress_sitemap_rest_html,phase5_wordpress_html_jsonld,delivery_year,2,0,0,0,100,0,0,0,0,0,not_recommended,Campo no observado en la muestra Fase 5.
webs_propias_phase7_2026-06-14T20-43-50-127Z,OLED INMOBILIARIA,oledinmobiliaria.com,wordpress_sitemap_rest_html,phase5_wordpress_html_jsonld,delivery_date,2,0,0,0,100,0,0,0,0,0,not_recommended,Campo no observado en la muestra Fase 5.
webs_propias_phase7_2026-06-14T20-43-50-127Z,OLED INMOBILIARIA,oledinmobiliaria.com,wordpress_sitemap_rest_html,phase5_wordpress_html_jsonld,description,2,1,50,66,50,0,0,0,0,100,enrichment_only,"Campo util para enriquecimiento, no necesariamente fuente primaria."
webs_propias_phase7_2026-06-14T20-43-50-127Z,OLED INMOBILIARIA,oledinmobiliaria.com,wordpress_sitemap_rest_html,phase5_wordpress_html_jsonld,amenities,2,1,50,33,50,0,0,0,0,100,enrichment_only,"Campo util para enriquecimiento, no necesariamente fuente primaria."
webs_propias_phase7_2026-06-14T20-43-50-127Z,OLED INMOBILIARIA,oledinmobiliaria.com,wordpress_sitemap_rest_html,phase5_wordpress_html_jsonld,contact_name,2,0,0,0,100,0,0,0,0,0,not_recommended,Campo no observado en la muestra Fase 5.
webs_propias_phase7_2026-06-14T20-43-50-127Z,OLED INMOBILIARIA,oledinmobiliaria.com,wordpress_sitemap_rest_html,phase5_wordpress_html_jsonld,contact_phone,2,2,100,66,0,0,0,0,0,100,enrichment_only,"Campo util para enriquecimiento, no necesariamente fuente primaria."
webs_propias_phase7_2026-06-14T20-43-50-127Z,OLED INMOBILIARIA,oledinmobiliaria.com,wordpress_sitemap_rest_html,phase5_wordpress_html_jsonld,whatsapp,2,2,100,66,0,0,0,0,0,100,enrichment_only,"Campo util para enriquecimiento, no necesariamente fuente primaria."
webs_propias_phase7_2026-06-14T20-43-50-127Z,OLED INMOBILIARIA,oledinmobiliaria.com,wordpress_sitemap_rest_html,phase5_wordpress_html_jsonld,email,2,2,100,66,0,0,0,0,0,100,enrichment_only,"Campo util para enriquecimiento, no necesariamente fuente primaria."
webs_propias_phase7_2026-06-14T20-43-50-127Z,OLED INMOBILIARIA,oledinmobiliaria.com,wordpress_sitemap_rest_html,phase5_wordpress_html_jsonld,financing_banks,2,1,50,33,50,0,0,0,0,100,enrichment_only,"Campo util para enriquecimiento, no necesariamente fuente primaria."
webs_propias_phase7_2026-06-14T20-43-50-127Z,OLED INMOBILIARIA,oledinmobiliaria.com,wordpress_sitemap_rest_html,phase5_wordpress_html_jsonld,latitude,2,0,0,0,100,0,0,100,0,0,not_recommended,Campo no observado en la muestra Fase 5.
webs_propias_phase7_2026-06-14T20-43-50-127Z,OLED INMOBILIARIA,oledinmobiliaria.com,wordpress_sitemap_rest_html,phase5_wordpress_html_jsonld,longitude,2,0,0,0,100,0,0,100,0,0,not_recommended,Campo no observado en la muestra Fase 5.
webs_propias_phase7_2026-06-14T20-43-50-127Z,TECTONICA GRUPO INMOBILIARIO,tectonica.com.pe,wordpress_sitemap_rest_html,phase5_wordpress_html_jsonld,source_url,2,2,100,100,0,0,0,0,0,100,primary_candidate,Campo critico con cobertura y evidencia suficientes en la muestra.
webs_propias_phase7_2026-06-14T20-43-50-127Z,TECTONICA GRUPO INMOBILIARIO,tectonica.com.pe,wordpress_sitemap_rest_html,phase5_wordpress_html_jsonld,agency_name,2,2,100,100,0,0,0,0,0,100,primary_candidate,Campo critico con cobertura y evidencia suficientes en la muestra.
webs_propias_phase7_2026-06-14T20-43-50-127Z,TECTONICA GRUPO INMOBILIARIO,tectonica.com.pe,wordpress_sitemap_rest_html,phase5_wordpress_html_jsonld,project_name,2,2,100,66,0,0,0,0,0,100,primary_candidate,Campo critico con cobertura y evidencia suficientes en la muestra.
webs_propias_phase7_2026-06-14T20-43-50-127Z,TECTONICA GRUPO INMOBILIARIO,tectonica.com.pe,wordpress_sitemap_rest_html,phase5_wordpress_html_jsonld,district,2,2,100,66,0,0,0,0,0,100,primary_candidate,Campo critico con cobertura y evidencia suficientes en la muestra.
webs_propias_phase7_2026-06-14T20-43-50-127Z,TECTONICA GRUPO INMOBILIARIO,tectonica.com.pe,wordpress_sitemap_rest_html,phase5_wordpress_html_jsonld,address,2,2,100,66,0,0,0,0,0,100,primary_candidate,Campo critico con cobertura y evidencia suficientes en la muestra.
webs_propias_phase7_2026-06-14T20-43-50-127Z,TECTONICA GRUPO INMOBILIARIO,tectonica.com.pe,wordpress_sitemap_rest_html,phase5_wordpress_html_jsonld,typology,2,2,100,66,0,0,0,0,0,100,primary_candidate,Campo critico con cobertura y evidencia suficientes en la muestra.
webs_propias_phase7_2026-06-14T20-43-50-127Z,TECTONICA GRUPO INMOBILIARIO,tectonica.com.pe,wordpress_sitemap_rest_html,phase5_wordpress_html_jsonld,bedrooms,2,2,100,66,0,0,0,0,0,100,primary_candidate,Campo critico con cobertura y evidencia suficientes en la muestra.
webs_propias_phase7_2026-06-14T20-43-50-127Z,TECTONICA GRUPO INMOBILIARIO,tectonica.com.pe,wordpress_sitemap_rest_html,phase5_wordpress_html_jsonld,total_area,2,0,0,0,100,0,0,0,0,0,not_recommended,Campo no observado en la muestra Fase 5.
webs_propias_phase7_2026-06-14T20-43-50-127Z,TECTONICA GRUPO INMOBILIARIO,tectonica.com.pe,wordpress_sitemap_rest_html,phase5_wordpress_html_jsonld,unit_status,2,0,0,0,100,0,0,0,0,0,not_recommended,Campo no observado en la muestra Fase 5.
webs_propias_phase7_2026-06-14T20-43-50-127Z,TECTONICA GRUPO INMOBILIARIO,tectonica.com.pe,wordpress_sitemap_rest_html,phase5_wordpress_html_jsonld,unit_count,2,0,0,0,100,0,0,0,0,0,not_recommended,Campo no observado en la muestra Fase 5.
webs_propias_phase7_2026-06-14T20-43-50-127Z,TECTONICA GRUPO INMOBILIARIO,tectonica.com.pe,wordpress_sitemap_rest_html,phase5_wordpress_html_jsonld,list_price_avg,2,0,0,0,100,0,0,0,0,0,not_recommended,Campo no observado en la muestra Fase 5.
webs_propias_phase7_2026-06-14T20-43-50-127Z,TECTONICA GRUPO INMOBILIARIO,tectonica.com.pe,wordpress_sitemap_rest_html,phase5_wordpress_html_jsonld,currency,2,0,0,0,100,0,0,0,0,0,not_recommended,Campo no observado en la muestra Fase 5.
webs_propias_phase7_2026-06-14T20-43-50-127Z,TECTONICA GRUPO INMOBILIARIO,tectonica.com.pe,wordpress_sitemap_rest_html,phase5_wordpress_html_jsonld,delivery_year,2,0,0,0,100,0,0,0,0,0,not_recommended,Campo no observado en la muestra Fase 5.
webs_propias_phase7_2026-06-14T20-43-50-127Z,TECTONICA GRUPO INMOBILIARIO,tectonica.com.pe,wordpress_sitemap_rest_html,phase5_wordpress_html_jsonld,delivery_date,2,0,0,0,100,0,0,0,0,0,not_recommended,Campo no observado en la muestra Fase 5.
webs_propias_phase7_2026-06-14T20-43-50-127Z,TECTONICA GRUPO INMOBILIARIO,tectonica.com.pe,wordpress_sitemap_rest_html,phase5_wordpress_html_jsonld,description,2,0,0,0,100,0,0,0,0,0,not_recommended,Campo no observado en la muestra Fase 5.
webs_propias_phase7_2026-06-14T20-43-50-127Z,TECTONICA GRUPO INMOBILIARIO,tectonica.com.pe,wordpress_sitemap_rest_html,phase5_wordpress_html_jsonld,amenities,2,0,0,0,100,0,0,0,0,0,not_recommended,Campo no observado en la muestra Fase 5.
webs_propias_phase7_2026-06-14T20-43-50-127Z,TECTONICA GRUPO INMOBILIARIO,tectonica.com.pe,wordpress_sitemap_rest_html,phase5_wordpress_html_jsonld,contact_name,2,0,0,0,100,0,0,0,0,0,not_recommended,Campo no observado en la muestra Fase 5.
webs_propias_phase7_2026-06-14T20-43-50-127Z,TECTONICA GRUPO INMOBILIARIO,tectonica.com.pe,wordpress_sitemap_rest_html,phase5_wordpress_html_jsonld,contact_phone,2,2,100,66,0,0,0,0,0,100,enrichment_only,"Campo util para enriquecimiento, no necesariamente fuente primaria."
webs_propias_phase7_2026-06-14T20-43-50-127Z,TECTONICA GRUPO INMOBILIARIO,tectonica.com.pe,wordpress_sitemap_rest_html,phase5_wordpress_html_jsonld,whatsapp,2,2,100,66,0,0,0,0,0,100,enrichment_only,"Campo util para enriquecimiento, no necesariamente fuente primaria."
webs_propias_phase7_2026-06-14T20-43-50-127Z,TECTONICA GRUPO INMOBILIARIO,tectonica.com.pe,wordpress_sitemap_rest_html,phase5_wordpress_html_jsonld,email,2,2,100,66,0,0,0,0,0,100,enrichment_only,"Campo util para enriquecimiento, no necesariamente fuente primaria."
webs_propias_phase7_2026-06-14T20-43-50-127Z,TECTONICA GRUPO INMOBILIARIO,tectonica.com.pe,wordpress_sitemap_rest_html,phase5_wordpress_html_jsonld,financing_banks,2,0,0,0,100,0,0,0,0,0,not_recommended,Campo no observado en la muestra Fase 5.
webs_propias_phase7_2026-06-14T20-43-50-127Z,TECTONICA GRUPO INMOBILIARIO,tectonica.com.pe,wordpress_sitemap_rest_html,phase5_wordpress_html_jsonld,latitude,2,0,0,0,100,0,0,0,0,0,not_recommended,Campo no observado en la muestra Fase 5.
webs_propias_phase7_2026-06-14T20-43-50-127Z,TECTONICA GRUPO INMOBILIARIO,tectonica.com.pe,wordpress_sitemap_rest_html,phase5_wordpress_html_jsonld,longitude,2,0,0,0,100,0,0,0,0,0,not_recommended,Campo no observado en la muestra Fase 5.
webs_propias_phase7_2026-06-14T20-43-50-127Z,ARQUIMIA,arquimia.pe,wordpress_sitemap_rest_html,phase5_wordpress_html_jsonld,source_url,2,2,100,100,0,0,0,0,0,100,primary_candidate,Campo critico con cobertura y evidencia suficientes en la muestra.
webs_propias_phase7_2026-06-14T20-43-50-127Z,ARQUIMIA,arquimia.pe,wordpress_sitemap_rest_html,phase5_wordpress_html_jsonld,agency_name,2,2,100,100,0,0,0,0,0,100,primary_candidate,Campo critico con cobertura y evidencia suficientes en la muestra.
webs_propias_phase7_2026-06-14T20-43-50-127Z,ARQUIMIA,arquimia.pe,wordpress_sitemap_rest_html,phase5_wordpress_html_jsonld,project_name,2,2,100,66,0,0,0,0,0,100,primary_candidate,Campo critico con cobertura y evidencia suficientes en la muestra.
webs_propias_phase7_2026-06-14T20-43-50-127Z,ARQUIMIA,arquimia.pe,wordpress_sitemap_rest_html,phase5_wordpress_html_jsonld,district,2,2,100,66,0,0,0,100,0,100,manual_review,Mismatch alto contra Nexo en registros comparables.
webs_propias_phase7_2026-06-14T20-43-50-127Z,ARQUIMIA,arquimia.pe,wordpress_sitemap_rest_html,phase5_wordpress_html_jsonld,address,2,2,100,66,0,0,0,100,0,100,manual_review,Mismatch alto contra Nexo en registros comparables.
webs_propias_phase7_2026-06-14T20-43-50-127Z,ARQUIMIA,arquimia.pe,wordpress_sitemap_rest_html,phase5_wordpress_html_jsonld,typology,2,2,100,66,0,0,0,0,0,100,primary_candidate,Campo critico con cobertura y evidencia suficientes en la muestra.
webs_propias_phase7_2026-06-14T20-43-50-127Z,ARQUIMIA,arquimia.pe,wordpress_sitemap_rest_html,phase5_wordpress_html_jsonld,bedrooms,2,2,100,66,0,0,0,0,0,100,primary_candidate,Campo critico con cobertura y evidencia suficientes en la muestra.
webs_propias_phase7_2026-06-14T20-43-50-127Z,ARQUIMIA,arquimia.pe,wordpress_sitemap_rest_html,phase5_wordpress_html_jsonld,total_area,2,2,100,66,0,0,0,0,0,100,primary_candidate,Campo critico con cobertura y evidencia suficientes en la muestra.
webs_propias_phase7_2026-06-14T20-43-50-127Z,ARQUIMIA,arquimia.pe,wordpress_sitemap_rest_html,phase5_wordpress_html_jsonld,unit_status,2,2,100,33,0,0,0,0,0,100,primary_candidate,Campo critico con cobertura y evidencia suficientes en la muestra.
webs_propias_phase7_2026-06-14T20-43-50-127Z,ARQUIMIA,arquimia.pe,wordpress_sitemap_rest_html,phase5_wordpress_html_jsonld,unit_count,2,0,0,0,100,0,0,0,0,0,not_recommended,Campo no observado en la muestra Fase 5.
webs_propias_phase7_2026-06-14T20-43-50-127Z,ARQUIMIA,arquimia.pe,wordpress_sitemap_rest_html,phase5_wordpress_html_jsonld,list_price_avg,2,0,0,0,100,0,0,0,0,0,not_recommended,Campo no observado en la muestra Fase 5.
webs_propias_phase7_2026-06-14T20-43-50-127Z,ARQUIMIA,arquimia.pe,wordpress_sitemap_rest_html,phase5_wordpress_html_jsonld,currency,2,0,0,0,100,0,0,0,0,0,not_recommended,Campo no observado en la muestra Fase 5.
webs_propias_phase7_2026-06-14T20-43-50-127Z,ARQUIMIA,arquimia.pe,wordpress_sitemap_rest_html,phase5_wordpress_html_jsonld,delivery_year,2,1,50,66,50,0,0,0,0,100,enrichment_only,"Campo util para enriquecimiento, no necesariamente fuente primaria."
webs_propias_phase7_2026-06-14T20-43-50-127Z,ARQUIMIA,arquimia.pe,wordpress_sitemap_rest_html,phase5_wordpress_html_jsonld,delivery_date,2,1,50,66,50,0,0,0,0,100,enrichment_only,"Campo util para enriquecimiento, no necesariamente fuente primaria."
webs_propias_phase7_2026-06-14T20-43-50-127Z,ARQUIMIA,arquimia.pe,wordpress_sitemap_rest_html,phase5_wordpress_html_jsonld,description,2,2,100,66,0,0,0,0,0,100,enrichment_only,"Campo util para enriquecimiento, no necesariamente fuente primaria."
webs_propias_phase7_2026-06-14T20-43-50-127Z,ARQUIMIA,arquimia.pe,wordpress_sitemap_rest_html,phase5_wordpress_html_jsonld,amenities,2,0,0,0,100,0,0,0,0,0,not_recommended,Campo no observado en la muestra Fase 5.
webs_propias_phase7_2026-06-14T20-43-50-127Z,ARQUIMIA,arquimia.pe,wordpress_sitemap_rest_html,phase5_wordpress_html_jsonld,contact_name,2,0,0,0,100,0,0,0,0,0,not_recommended,Campo no observado en la muestra Fase 5.
webs_propias_phase7_2026-06-14T20-43-50-127Z,ARQUIMIA,arquimia.pe,wordpress_sitemap_rest_html,phase5_wordpress_html_jsonld,contact_phone,2,2,100,66,0,0,0,0,0,100,enrichment_only,"Campo util para enriquecimiento, no necesariamente fuente primaria."
webs_propias_phase7_2026-06-14T20-43-50-127Z,ARQUIMIA,arquimia.pe,wordpress_sitemap_rest_html,phase5_wordpress_html_jsonld,whatsapp,2,0,0,0,100,0,0,0,0,0,not_recommended,Campo no observado en la muestra Fase 5.
webs_propias_phase7_2026-06-14T20-43-50-127Z,ARQUIMIA,arquimia.pe,wordpress_sitemap_rest_html,phase5_wordpress_html_jsonld,email,2,2,100,66,0,0,0,0,0,100,enrichment_only,"Campo util para enriquecimiento, no necesariamente fuente primaria."
webs_propias_phase7_2026-06-14T20-43-50-127Z,ARQUIMIA,arquimia.pe,wordpress_sitemap_rest_html,phase5_wordpress_html_jsonld,financing_banks,2,0,0,0,100,0,0,0,0,0,not_recommended,Campo no observado en la muestra Fase 5.
webs_propias_phase7_2026-06-14T20-43-50-127Z,ARQUIMIA,arquimia.pe,wordpress_sitemap_rest_html,phase5_wordpress_html_jsonld,latitude,2,0,0,0,100,0,0,100,0,0,not_recommended,Campo no observado en la muestra Fase 5.
webs_propias_phase7_2026-06-14T20-43-50-127Z,ARQUIMIA,arquimia.pe,wordpress_sitemap_rest_html,phase5_wordpress_html_jsonld,longitude,2,0,0,0,100,0,0,100,0,0,not_recommended,Campo no observado en la muestra Fase 5.
webs_propias_phase7_2026-06-14T20-43-50-127Z,INMOVISION,inmovision.pe,wordpress_sitemap_rest_html,phase5_wordpress_html_jsonld,source_url,2,2,100,100,0,0,0,0,0,100,primary_candidate,Campo critico con cobertura y evidencia suficientes en la muestra.
webs_propias_phase7_2026-06-14T20-43-50-127Z,INMOVISION,inmovision.pe,wordpress_sitemap_rest_html,phase5_wordpress_html_jsonld,agency_name,2,2,100,100,0,0,0,0,0,100,primary_candidate,Campo critico con cobertura y evidencia suficientes en la muestra.
webs_propias_phase7_2026-06-14T20-43-50-127Z,INMOVISION,inmovision.pe,wordpress_sitemap_rest_html,phase5_wordpress_html_jsonld,project_name,2,2,100,66,0,0,0,100,0,100,manual_review,Mismatch alto contra Nexo en registros comparables.
webs_propias_phase7_2026-06-14T20-43-50-127Z,INMOVISION,inmovision.pe,wordpress_sitemap_rest_html,phase5_wordpress_html_jsonld,district,2,2,100,66,0,0,0,0,0,100,primary_candidate,Campo critico con cobertura y evidencia suficientes en la muestra.
webs_propias_phase7_2026-06-14T20-43-50-127Z,INMOVISION,inmovision.pe,wordpress_sitemap_rest_html,phase5_wordpress_html_jsonld,address,2,2,100,66,0,0,0,0,0,100,primary_candidate,Campo critico con cobertura y evidencia suficientes en la muestra.
webs_propias_phase7_2026-06-14T20-43-50-127Z,INMOVISION,inmovision.pe,wordpress_sitemap_rest_html,phase5_wordpress_html_jsonld,typology,2,2,100,66,0,0,0,0,0,100,primary_candidate,Campo critico con cobertura y evidencia suficientes en la muestra.
webs_propias_phase7_2026-06-14T20-43-50-127Z,INMOVISION,inmovision.pe,wordpress_sitemap_rest_html,phase5_wordpress_html_jsonld,bedrooms,2,0,0,0,100,0,0,0,0,0,not_recommended,Campo no observado en la muestra Fase 5.
webs_propias_phase7_2026-06-14T20-43-50-127Z,INMOVISION,inmovision.pe,wordpress_sitemap_rest_html,phase5_wordpress_html_jsonld,total_area,2,0,0,0,100,0,0,0,0,0,not_recommended,Campo no observado en la muestra Fase 5.
webs_propias_phase7_2026-06-14T20-43-50-127Z,INMOVISION,inmovision.pe,wordpress_sitemap_rest_html,phase5_wordpress_html_jsonld,unit_status,2,0,0,0,100,0,0,0,0,0,not_recommended,Campo no observado en la muestra Fase 5.
webs_propias_phase7_2026-06-14T20-43-50-127Z,INMOVISION,inmovision.pe,wordpress_sitemap_rest_html,phase5_wordpress_html_jsonld,unit_count,2,0,0,0,100,0,0,0,0,0,not_recommended,Campo no observado en la muestra Fase 5.
webs_propias_phase7_2026-06-14T20-43-50-127Z,INMOVISION,inmovision.pe,wordpress_sitemap_rest_html,phase5_wordpress_html_jsonld,list_price_avg,2,0,0,0,100,0,0,0,0,0,not_recommended,Campo no observado en la muestra Fase 5.
webs_propias_phase7_2026-06-14T20-43-50-127Z,INMOVISION,inmovision.pe,wordpress_sitemap_rest_html,phase5_wordpress_html_jsonld,currency,2,0,0,0,100,0,0,0,0,0,not_recommended,Campo no observado en la muestra Fase 5.
webs_propias_phase7_2026-06-14T20-43-50-127Z,INMOVISION,inmovision.pe,wordpress_sitemap_rest_html,phase5_wordpress_html_jsonld,delivery_year,2,0,0,0,100,0,0,0,0,0,not_recommended,Campo no observado en la muestra Fase 5.
webs_propias_phase7_2026-06-14T20-43-50-127Z,INMOVISION,inmovision.pe,wordpress_sitemap_rest_html,phase5_wordpress_html_jsonld,delivery_date,2,0,0,0,100,0,0,0,0,0,not_recommended,Campo no observado en la muestra Fase 5.
webs_propias_phase7_2026-06-14T20-43-50-127Z,INMOVISION,inmovision.pe,wordpress_sitemap_rest_html,phase5_wordpress_html_jsonld,description,2,0,0,0,100,0,0,0,0,0,not_recommended,Campo no observado en la muestra Fase 5.
webs_propias_phase7_2026-06-14T20-43-50-127Z,INMOVISION,inmovision.pe,wordpress_sitemap_rest_html,phase5_wordpress_html_jsonld,amenities,2,2,100,33,0,0,0,0,0,100,enrichment_only,"Campo util para enriquecimiento, no necesariamente fuente primaria."
webs_propias_phase7_2026-06-14T20-43-50-127Z,INMOVISION,inmovision.pe,wordpress_sitemap_rest_html,phase5_wordpress_html_jsonld,contact_name,2,0,0,0,100,0,0,0,0,0,not_recommended,Campo no observado en la muestra Fase 5.
webs_propias_phase7_2026-06-14T20-43-50-127Z,INMOVISION,inmovision.pe,wordpress_sitemap_rest_html,phase5_wordpress_html_jsonld,contact_phone,2,2,100,66,0,0,0,0,0,100,enrichment_only,"Campo util para enriquecimiento, no necesariamente fuente primaria."
webs_propias_phase7_2026-06-14T20-43-50-127Z,INMOVISION,inmovision.pe,wordpress_sitemap_rest_html,phase5_wordpress_html_jsonld,whatsapp,2,2,100,66,0,0,0,0,0,100,enrichment_only,"Campo util para enriquecimiento, no necesariamente fuente primaria."
webs_propias_phase7_2026-06-14T20-43-50-127Z,INMOVISION,inmovision.pe,wordpress_sitemap_rest_html,phase5_wordpress_html_jsonld,email,2,0,0,0,100,0,0,0,0,0,not_recommended,Campo no observado en la muestra Fase 5.
webs_propias_phase7_2026-06-14T20-43-50-127Z,INMOVISION,inmovision.pe,wordpress_sitemap_rest_html,phase5_wordpress_html_jsonld,financing_banks,2,0,0,0,100,0,0,0,0,0,not_recommended,Campo no observado en la muestra Fase 5.
webs_propias_phase7_2026-06-14T20-43-50-127Z,INMOVISION,inmovision.pe,wordpress_sitemap_rest_html,phase5_wordpress_html_jsonld,latitude,2,0,0,0,100,0,0,100,0,0,not_recommended,Campo no observado en la muestra Fase 5.
webs_propias_phase7_2026-06-14T20-43-50-127Z,INMOVISION,inmovision.pe,wordpress_sitemap_rest_html,phase5_wordpress_html_jsonld,longitude,2,0,0,0,100,0,0,100,0,0,not_recommended,Campo no observado en la muestra Fase 5.
webs_propias_phase7_2026-06-14T20-43-50-127Z,MC INVERSIONES INMOBILIARIAS,mcinversionesinmobiliarias.pe,wordpress_sitemap_rest_html,phase5_wordpress_html_jsonld,source_url,2,2,100,100,0,0,0,0,0,100,primary_candidate,Campo critico con cobertura y evidencia suficientes en la muestra.
webs_propias_phase7_2026-06-14T20-43-50-127Z,MC INVERSIONES INMOBILIARIAS,mcinversionesinmobiliarias.pe,wordpress_sitemap_rest_html,phase5_wordpress_html_jsonld,agency_name,2,2,100,100,0,0,0,0,0,100,primary_candidate,Campo critico con cobertura y evidencia suficientes en la muestra.
webs_propias_phase7_2026-06-14T20-43-50-127Z,MC INVERSIONES INMOBILIARIAS,mcinversionesinmobiliarias.pe,wordpress_sitemap_rest_html,phase5_wordpress_html_jsonld,project_name,2,2,100,66,0,0,0,0,0,100,primary_candidate,Campo critico con cobertura y evidencia suficientes en la muestra.
webs_propias_phase7_2026-06-14T20-43-50-127Z,MC INVERSIONES INMOBILIARIAS,mcinversionesinmobiliarias.pe,wordpress_sitemap_rest_html,phase5_wordpress_html_jsonld,district,2,2,100,66,0,0,0,0,0,100,primary_candidate,Campo critico con cobertura y evidencia suficientes en la muestra.
webs_propias_phase7_2026-06-14T20-43-50-127Z,MC INVERSIONES INMOBILIARIAS,mcinversionesinmobiliarias.pe,wordpress_sitemap_rest_html,phase5_wordpress_html_jsonld,address,2,2,100,66,0,0,0,0,0,100,primary_candidate,Campo critico con cobertura y evidencia suficientes en la muestra.
webs_propias_phase7_2026-06-14T20-43-50-127Z,MC INVERSIONES INMOBILIARIAS,mcinversionesinmobiliarias.pe,wordpress_sitemap_rest_html,phase5_wordpress_html_jsonld,typology,2,2,100,66,0,0,0,0,0,100,primary_candidate,Campo critico con cobertura y evidencia suficientes en la muestra.
webs_propias_phase7_2026-06-14T20-43-50-127Z,MC INVERSIONES INMOBILIARIAS,mcinversionesinmobiliarias.pe,wordpress_sitemap_rest_html,phase5_wordpress_html_jsonld,bedrooms,2,1,50,66,50,0,0,0,0,100,enrichment_only,"Campo util para enriquecimiento, no necesariamente fuente primaria."
webs_propias_phase7_2026-06-14T20-43-50-127Z,MC INVERSIONES INMOBILIARIAS,mcinversionesinmobiliarias.pe,wordpress_sitemap_rest_html,phase5_wordpress_html_jsonld,total_area,2,2,100,66,0,0,0,0,0,100,primary_candidate,Campo critico con cobertura y evidencia suficientes en la muestra.
webs_propias_phase7_2026-06-14T20-43-50-127Z,MC INVERSIONES INMOBILIARIAS,mcinversionesinmobiliarias.pe,wordpress_sitemap_rest_html,phase5_wordpress_html_jsonld,unit_status,2,2,100,33,0,0,0,0,0,100,primary_candidate,Campo critico con cobertura y evidencia suficientes en la muestra.
webs_propias_phase7_2026-06-14T20-43-50-127Z,MC INVERSIONES INMOBILIARIAS,mcinversionesinmobiliarias.pe,wordpress_sitemap_rest_html,phase5_wordpress_html_jsonld,unit_count,2,1,50,33,50,0,0,0,0,100,enrichment_only,"Campo util para enriquecimiento, no necesariamente fuente primaria."
webs_propias_phase7_2026-06-14T20-43-50-127Z,MC INVERSIONES INMOBILIARIAS,mcinversionesinmobiliarias.pe,wordpress_sitemap_rest_html,phase5_wordpress_html_jsonld,list_price_avg,2,0,0,0,100,0,0,0,0,0,not_recommended,Campo no observado en la muestra Fase 5.
webs_propias_phase7_2026-06-14T20-43-50-127Z,MC INVERSIONES INMOBILIARIAS,mcinversionesinmobiliarias.pe,wordpress_sitemap_rest_html,phase5_wordpress_html_jsonld,currency,2,0,0,0,100,0,0,0,0,0,not_recommended,Campo no observado en la muestra Fase 5.
webs_propias_phase7_2026-06-14T20-43-50-127Z,MC INVERSIONES INMOBILIARIAS,mcinversionesinmobiliarias.pe,wordpress_sitemap_rest_html,phase5_wordpress_html_jsonld,delivery_year,2,0,0,0,100,0,0,0,0,0,not_recommended,Campo no observado en la muestra Fase 5.
webs_propias_phase7_2026-06-14T20-43-50-127Z,MC INVERSIONES INMOBILIARIAS,mcinversionesinmobiliarias.pe,wordpress_sitemap_rest_html,phase5_wordpress_html_jsonld,delivery_date,2,0,0,0,100,0,0,0,0,0,not_recommended,Campo no observado en la muestra Fase 5.
webs_propias_phase7_2026-06-14T20-43-50-127Z,MC INVERSIONES INMOBILIARIAS,mcinversionesinmobiliarias.pe,wordpress_sitemap_rest_html,phase5_wordpress_html_jsonld,description,2,2,100,66,0,0,0,0,0,100,enrichment_only,"Campo util para enriquecimiento, no necesariamente fuente primaria."
webs_propias_phase7_2026-06-14T20-43-50-127Z,MC INVERSIONES INMOBILIARIAS,mcinversionesinmobiliarias.pe,wordpress_sitemap_rest_html,phase5_wordpress_html_jsonld,amenities,2,0,0,0,100,0,0,0,0,0,not_recommended,Campo no observado en la muestra Fase 5.
webs_propias_phase7_2026-06-14T20-43-50-127Z,MC INVERSIONES INMOBILIARIAS,mcinversionesinmobiliarias.pe,wordpress_sitemap_rest_html,phase5_wordpress_html_jsonld,contact_name,2,0,0,0,100,0,0,0,0,0,not_recommended,Campo no observado en la muestra Fase 5.
webs_propias_phase7_2026-06-14T20-43-50-127Z,MC INVERSIONES INMOBILIARIAS,mcinversionesinmobiliarias.pe,wordpress_sitemap_rest_html,phase5_wordpress_html_jsonld,contact_phone,2,2,100,66,0,0,0,0,0,100,enrichment_only,"Campo util para enriquecimiento, no necesariamente fuente primaria."
webs_propias_phase7_2026-06-14T20-43-50-127Z,MC INVERSIONES INMOBILIARIAS,mcinversionesinmobiliarias.pe,wordpress_sitemap_rest_html,phase5_wordpress_html_jsonld,whatsapp,2,0,0,0,100,0,0,0,0,0,not_recommended,Campo no observado en la muestra Fase 5.
webs_propias_phase7_2026-06-14T20-43-50-127Z,MC INVERSIONES INMOBILIARIAS,mcinversionesinmobiliarias.pe,wordpress_sitemap_rest_html,phase5_wordpress_html_jsonld,email,2,2,100,66,0,0,0,0,0,100,enrichment_only,"Campo util para enriquecimiento, no necesariamente fuente primaria."
webs_propias_phase7_2026-06-14T20-43-50-127Z,MC INVERSIONES INMOBILIARIAS,mcinversionesinmobiliarias.pe,wordpress_sitemap_rest_html,phase5_wordpress_html_jsonld,financing_banks,2,0,0,0,100,0,0,0,0,0,not_recommended,Campo no observado en la muestra Fase 5.
webs_propias_phase7_2026-06-14T20-43-50-127Z,MC INVERSIONES INMOBILIARIAS,mcinversionesinmobiliarias.pe,wordpress_sitemap_rest_html,phase5_wordpress_html_jsonld,latitude,2,0,0,0,100,0,0,0,0,0,not_recommended,Campo no observado en la muestra Fase 5.
webs_propias_phase7_2026-06-14T20-43-50-127Z,MC INVERSIONES INMOBILIARIAS,mcinversionesinmobiliarias.pe,wordpress_sitemap_rest_html,phase5_wordpress_html_jsonld,longitude,2,0,0,0,100,0,0,0,0,0,not_recommended,Campo no observado en la muestra Fase 5.
webs_propias_phase7_2026-06-14T20-43-50-127Z,MUNDO VERDE,inmobiliariamundoverde.com,wordpress_sitemap_rest_html,phase5_wordpress_html_jsonld,source_url,1,1,100,100,0,0,0,0,0,100,primary_candidate,Campo critico con cobertura y evidencia suficientes en la muestra.
webs_propias_phase7_2026-06-14T20-43-50-127Z,MUNDO VERDE,inmobiliariamundoverde.com,wordpress_sitemap_rest_html,phase5_wordpress_html_jsonld,agency_name,1,1,100,100,0,0,0,0,0,100,primary_candidate,Campo critico con cobertura y evidencia suficientes en la muestra.
webs_propias_phase7_2026-06-14T20-43-50-127Z,MUNDO VERDE,inmobiliariamundoverde.com,wordpress_sitemap_rest_html,phase5_wordpress_html_jsonld,project_name,1,1,100,66,0,0,0,0,0,100,primary_candidate,Campo critico con cobertura y evidencia suficientes en la muestra.
webs_propias_phase7_2026-06-14T20-43-50-127Z,MUNDO VERDE,inmobiliariamundoverde.com,wordpress_sitemap_rest_html,phase5_wordpress_html_jsonld,district,1,1,100,66,0,0,0,0,0,100,primary_candidate,Campo critico con cobertura y evidencia suficientes en la muestra.
webs_propias_phase7_2026-06-14T20-43-50-127Z,MUNDO VERDE,inmobiliariamundoverde.com,wordpress_sitemap_rest_html,phase5_wordpress_html_jsonld,address,1,0,0,0,100,0,0,0,0,0,not_recommended,Campo no observado en la muestra Fase 5.
webs_propias_phase7_2026-06-14T20-43-50-127Z,MUNDO VERDE,inmobiliariamundoverde.com,wordpress_sitemap_rest_html,phase5_wordpress_html_jsonld,typology,1,1,100,66,0,0,0,0,0,100,primary_candidate,Campo critico con cobertura y evidencia suficientes en la muestra.
webs_propias_phase7_2026-06-14T20-43-50-127Z,MUNDO VERDE,inmobiliariamundoverde.com,wordpress_sitemap_rest_html,phase5_wordpress_html_jsonld,bedrooms,1,0,0,0,100,0,0,0,0,0,not_recommended,Campo no observado en la muestra Fase 5.
webs_propias_phase7_2026-06-14T20-43-50-127Z,MUNDO VERDE,inmobiliariamundoverde.com,wordpress_sitemap_rest_html,phase5_wordpress_html_jsonld,total_area,1,0,0,0,100,0,0,0,0,0,not_recommended,Campo no observado en la muestra Fase 5.
webs_propias_phase7_2026-06-14T20-43-50-127Z,MUNDO VERDE,inmobiliariamundoverde.com,wordpress_sitemap_rest_html,phase5_wordpress_html_jsonld,unit_status,1,1,100,33,0,0,0,0,0,100,primary_candidate,Campo critico con cobertura y evidencia suficientes en la muestra.
webs_propias_phase7_2026-06-14T20-43-50-127Z,MUNDO VERDE,inmobiliariamundoverde.com,wordpress_sitemap_rest_html,phase5_wordpress_html_jsonld,unit_count,1,0,0,0,100,0,0,0,0,0,not_recommended,Campo no observado en la muestra Fase 5.
webs_propias_phase7_2026-06-14T20-43-50-127Z,MUNDO VERDE,inmobiliariamundoverde.com,wordpress_sitemap_rest_html,phase5_wordpress_html_jsonld,list_price_avg,1,0,0,0,100,0,0,0,0,0,not_recommended,Campo no observado en la muestra Fase 5.
webs_propias_phase7_2026-06-14T20-43-50-127Z,MUNDO VERDE,inmobiliariamundoverde.com,wordpress_sitemap_rest_html,phase5_wordpress_html_jsonld,currency,1,0,0,0,100,0,0,0,0,0,not_recommended,Campo no observado en la muestra Fase 5.
webs_propias_phase7_2026-06-14T20-43-50-127Z,MUNDO VERDE,inmobiliariamundoverde.com,wordpress_sitemap_rest_html,phase5_wordpress_html_jsonld,delivery_year,1,1,100,66,0,0,0,0,0,100,primary_candidate,Campo critico con cobertura y evidencia suficientes en la muestra.
webs_propias_phase7_2026-06-14T20-43-50-127Z,MUNDO VERDE,inmobiliariamundoverde.com,wordpress_sitemap_rest_html,phase5_wordpress_html_jsonld,delivery_date,1,1,100,66,0,0,0,0,0,100,primary_candidate,Campo critico con cobertura y evidencia suficientes en la muestra.
webs_propias_phase7_2026-06-14T20-43-50-127Z,MUNDO VERDE,inmobiliariamundoverde.com,wordpress_sitemap_rest_html,phase5_wordpress_html_jsonld,description,1,1,100,66,0,0,0,0,0,100,enrichment_only,"Campo util para enriquecimiento, no necesariamente fuente primaria."
webs_propias_phase7_2026-06-14T20-43-50-127Z,MUNDO VERDE,inmobiliariamundoverde.com,wordpress_sitemap_rest_html,phase5_wordpress_html_jsonld,amenities,1,0,0,0,100,0,0,0,0,0,not_recommended,Campo no observado en la muestra Fase 5.
webs_propias_phase7_2026-06-14T20-43-50-127Z,MUNDO VERDE,inmobiliariamundoverde.com,wordpress_sitemap_rest_html,phase5_wordpress_html_jsonld,contact_name,1,0,0,0,100,0,0,0,0,0,not_recommended,Campo no observado en la muestra Fase 5.
webs_propias_phase7_2026-06-14T20-43-50-127Z,MUNDO VERDE,inmobiliariamundoverde.com,wordpress_sitemap_rest_html,phase5_wordpress_html_jsonld,contact_phone,1,0,0,0,100,0,0,0,0,0,not_recommended,Campo no observado en la muestra Fase 5.
webs_propias_phase7_2026-06-14T20-43-50-127Z,MUNDO VERDE,inmobiliariamundoverde.com,wordpress_sitemap_rest_html,phase5_wordpress_html_jsonld,whatsapp,1,0,0,0,100,0,0,0,0,0,not_recommended,Campo no observado en la muestra Fase 5.
webs_propias_phase7_2026-06-14T20-43-50-127Z,MUNDO VERDE,inmobiliariamundoverde.com,wordpress_sitemap_rest_html,phase5_wordpress_html_jsonld,email,1,0,0,0,100,0,0,0,0,0,not_recommended,Campo no observado en la muestra Fase 5.
webs_propias_phase7_2026-06-14T20-43-50-127Z,MUNDO VERDE,inmobiliariamundoverde.com,wordpress_sitemap_rest_html,phase5_wordpress_html_jsonld,financing_banks,1,0,0,0,100,0,0,0,0,0,not_recommended,Campo no observado en la muestra Fase 5.
webs_propias_phase7_2026-06-14T20-43-50-127Z,MUNDO VERDE,inmobiliariamundoverde.com,wordpress_sitemap_rest_html,phase5_wordpress_html_jsonld,latitude,1,0,0,0,100,0,0,0,0,0,not_recommended,Campo no observado en la muestra Fase 5.
webs_propias_phase7_2026-06-14T20-43-50-127Z,MUNDO VERDE,inmobiliariamundoverde.com,wordpress_sitemap_rest_html,phase5_wordpress_html_jsonld,longitude,1,0,0,0,100,0,0,0,0,0,not_recommended,Campo no observado en la muestra Fase 5.
webs_propias_phase7_2026-06-14T20-43-50-127Z,MUNDO VERDE,inmobiliariamundoverde.com,wordpress_sitemap_rest_html,phase5_fetch_failed,source_url,1,1,100,100,0,100,0,0,0,100,not_recommended,Alta tasa de error de extraccion en la muestra.
webs_propias_phase7_2026-06-14T20-43-50-127Z,MUNDO VERDE,inmobiliariamundoverde.com,wordpress_sitemap_rest_html,phase5_fetch_failed,agency_name,1,1,100,100,0,100,0,0,0,100,not_recommended,Alta tasa de error de extraccion en la muestra.
webs_propias_phase7_2026-06-14T20-43-50-127Z,MUNDO VERDE,inmobiliariamundoverde.com,wordpress_sitemap_rest_html,phase5_fetch_failed,project_name,1,1,100,33,0,100,0,0,0,100,not_recommended,Alta tasa de error de extraccion en la muestra.
webs_propias_phase7_2026-06-14T20-43-50-127Z,MUNDO VERDE,inmobiliariamundoverde.com,wordpress_sitemap_rest_html,phase5_fetch_failed,district,1,0,0,0,100,100,0,0,0,0,not_recommended,Alta tasa de error de extraccion en la muestra.
webs_propias_phase7_2026-06-14T20-43-50-127Z,MUNDO VERDE,inmobiliariamundoverde.com,wordpress_sitemap_rest_html,phase5_fetch_failed,address,1,0,0,0,100,100,0,0,0,0,not_recommended,Alta tasa de error de extraccion en la muestra.
webs_propias_phase7_2026-06-14T20-43-50-127Z,MUNDO VERDE,inmobiliariamundoverde.com,wordpress_sitemap_rest_html,phase5_fetch_failed,typology,1,0,0,0,100,100,0,0,0,0,not_recommended,Alta tasa de error de extraccion en la muestra.
webs_propias_phase7_2026-06-14T20-43-50-127Z,MUNDO VERDE,inmobiliariamundoverde.com,wordpress_sitemap_rest_html,phase5_fetch_failed,bedrooms,1,0,0,0,100,100,0,0,0,0,not_recommended,Alta tasa de error de extraccion en la muestra.
webs_propias_phase7_2026-06-14T20-43-50-127Z,MUNDO VERDE,inmobiliariamundoverde.com,wordpress_sitemap_rest_html,phase5_fetch_failed,total_area,1,0,0,0,100,100,0,0,0,0,not_recommended,Alta tasa de error de extraccion en la muestra.
webs_propias_phase7_2026-06-14T20-43-50-127Z,MUNDO VERDE,inmobiliariamundoverde.com,wordpress_sitemap_rest_html,phase5_fetch_failed,unit_status,1,0,0,0,100,100,0,0,0,0,not_recommended,Alta tasa de error de extraccion en la muestra.
webs_propias_phase7_2026-06-14T20-43-50-127Z,MUNDO VERDE,inmobiliariamundoverde.com,wordpress_sitemap_rest_html,phase5_fetch_failed,unit_count,1,0,0,0,100,100,0,0,0,0,not_recommended,Alta tasa de error de extraccion en la muestra.
webs_propias_phase7_2026-06-14T20-43-50-127Z,MUNDO VERDE,inmobiliariamundoverde.com,wordpress_sitemap_rest_html,phase5_fetch_failed,list_price_avg,1,0,0,0,100,100,0,0,0,0,not_recommended,Alta tasa de error de extraccion en la muestra.
webs_propias_phase7_2026-06-14T20-43-50-127Z,MUNDO VERDE,inmobiliariamundoverde.com,wordpress_sitemap_rest_html,phase5_fetch_failed,currency,1,0,0,0,100,100,0,0,0,0,not_recommended,Alta tasa de error de extraccion en la muestra.
webs_propias_phase7_2026-06-14T20-43-50-127Z,MUNDO VERDE,inmobiliariamundoverde.com,wordpress_sitemap_rest_html,phase5_fetch_failed,delivery_year,1,0,0,0,100,100,0,0,0,0,not_recommended,Alta tasa de error de extraccion en la muestra.
webs_propias_phase7_2026-06-14T20-43-50-127Z,MUNDO VERDE,inmobiliariamundoverde.com,wordpress_sitemap_rest_html,phase5_fetch_failed,delivery_date,1,0,0,0,100,100,0,0,0,0,not_recommended,Alta tasa de error de extraccion en la muestra.
webs_propias_phase7_2026-06-14T20-43-50-127Z,MUNDO VERDE,inmobiliariamundoverde.com,wordpress_sitemap_rest_html,phase5_fetch_failed,description,1,0,0,0,100,100,0,0,0,0,not_recommended,Alta tasa de error de extraccion en la muestra.
webs_propias_phase7_2026-06-14T20-43-50-127Z,MUNDO VERDE,inmobiliariamundoverde.com,wordpress_sitemap_rest_html,phase5_fetch_failed,amenities,1,0,0,0,100,100,0,0,0,0,not_recommended,Alta tasa de error de extraccion en la muestra.
webs_propias_phase7_2026-06-14T20-43-50-127Z,MUNDO VERDE,inmobiliariamundoverde.com,wordpress_sitemap_rest_html,phase5_fetch_failed,contact_name,1,0,0,0,100,100,0,0,0,0,not_recommended,Alta tasa de error de extraccion en la muestra.
webs_propias_phase7_2026-06-14T20-43-50-127Z,MUNDO VERDE,inmobiliariamundoverde.com,wordpress_sitemap_rest_html,phase5_fetch_failed,contact_phone,1,0,0,0,100,100,0,0,0,0,not_recommended,Alta tasa de error de extraccion en la muestra.
webs_propias_phase7_2026-06-14T20-43-50-127Z,MUNDO VERDE,inmobiliariamundoverde.com,wordpress_sitemap_rest_html,phase5_fetch_failed,whatsapp,1,0,0,0,100,100,0,0,0,0,not_recommended,Alta tasa de error de extraccion en la muestra.
webs_propias_phase7_2026-06-14T20-43-50-127Z,MUNDO VERDE,inmobiliariamundoverde.com,wordpress_sitemap_rest_html,phase5_fetch_failed,email,1,0,0,0,100,100,0,0,0,0,not_recommended,Alta tasa de error de extraccion en la muestra.
webs_propias_phase7_2026-06-14T20-43-50-127Z,MUNDO VERDE,inmobiliariamundoverde.com,wordpress_sitemap_rest_html,phase5_fetch_failed,financing_banks,1,0,0,0,100,100,0,0,0,0,not_recommended,Alta tasa de error de extraccion en la muestra.
webs_propias_phase7_2026-06-14T20-43-50-127Z,MUNDO VERDE,inmobiliariamundoverde.com,wordpress_sitemap_rest_html,phase5_fetch_failed,latitude,1,0,0,0,100,100,0,0,0,0,not_recommended,Alta tasa de error de extraccion en la muestra.
webs_propias_phase7_2026-06-14T20-43-50-127Z,MUNDO VERDE,inmobiliariamundoverde.com,wordpress_sitemap_rest_html,phase5_fetch_failed,longitude,1,0,0,0,100,100,0,0,0,0,not_recommended,Alta tasa de error de extraccion en la muestra.
webs_propias_phase7_2026-06-14T20-43-50-127Z,QUARK GRUPO INMOBILIARIO,quarkgrupoinmobiliario.com,wordpress_sitemap_rest_html,phase5_wordpress_html_jsonld,source_url,2,2,100,100,0,0,0,0,0,100,primary_candidate,Campo critico con cobertura y evidencia suficientes en la muestra.
webs_propias_phase7_2026-06-14T20-43-50-127Z,QUARK GRUPO INMOBILIARIO,quarkgrupoinmobiliario.com,wordpress_sitemap_rest_html,phase5_wordpress_html_jsonld,agency_name,2,2,100,100,0,0,0,0,0,100,primary_candidate,Campo critico con cobertura y evidencia suficientes en la muestra.
webs_propias_phase7_2026-06-14T20-43-50-127Z,QUARK GRUPO INMOBILIARIO,quarkgrupoinmobiliario.com,wordpress_sitemap_rest_html,phase5_wordpress_html_jsonld,project_name,2,2,100,66,0,0,0,0,0,100,primary_candidate,Campo critico con cobertura y evidencia suficientes en la muestra.
webs_propias_phase7_2026-06-14T20-43-50-127Z,QUARK GRUPO INMOBILIARIO,quarkgrupoinmobiliario.com,wordpress_sitemap_rest_html,phase5_wordpress_html_jsonld,district,2,2,100,66,0,0,0,0,0,100,primary_candidate,Campo critico con cobertura y evidencia suficientes en la muestra.
webs_propias_phase7_2026-06-14T20-43-50-127Z,QUARK GRUPO INMOBILIARIO,quarkgrupoinmobiliario.com,wordpress_sitemap_rest_html,phase5_wordpress_html_jsonld,address,2,2,100,66,0,0,0,0,0,100,primary_candidate,Campo critico con cobertura y evidencia suficientes en la muestra.
webs_propias_phase7_2026-06-14T20-43-50-127Z,QUARK GRUPO INMOBILIARIO,quarkgrupoinmobiliario.com,wordpress_sitemap_rest_html,phase5_wordpress_html_jsonld,typology,2,1,50,66,50,0,0,0,0,100,enrichment_only,"Campo util para enriquecimiento, no necesariamente fuente primaria."
webs_propias_phase7_2026-06-14T20-43-50-127Z,QUARK GRUPO INMOBILIARIO,quarkgrupoinmobiliario.com,wordpress_sitemap_rest_html,phase5_wordpress_html_jsonld,bedrooms,2,0,0,0,100,0,0,0,0,0,not_recommended,Campo no observado en la muestra Fase 5.
webs_propias_phase7_2026-06-14T20-43-50-127Z,QUARK GRUPO INMOBILIARIO,quarkgrupoinmobiliario.com,wordpress_sitemap_rest_html,phase5_wordpress_html_jsonld,total_area,2,0,0,0,100,0,0,0,0,0,not_recommended,Campo no observado en la muestra Fase 5.
webs_propias_phase7_2026-06-14T20-43-50-127Z,QUARK GRUPO INMOBILIARIO,quarkgrupoinmobiliario.com,wordpress_sitemap_rest_html,phase5_wordpress_html_jsonld,unit_status,2,0,0,0,100,0,0,0,0,0,not_recommended,Campo no observado en la muestra Fase 5.
webs_propias_phase7_2026-06-14T20-43-50-127Z,QUARK GRUPO INMOBILIARIO,quarkgrupoinmobiliario.com,wordpress_sitemap_rest_html,phase5_wordpress_html_jsonld,unit_count,2,0,0,0,100,0,0,0,0,0,not_recommended,Campo no observado en la muestra Fase 5.
webs_propias_phase7_2026-06-14T20-43-50-127Z,QUARK GRUPO INMOBILIARIO,quarkgrupoinmobiliario.com,wordpress_sitemap_rest_html,phase5_wordpress_html_jsonld,list_price_avg,2,0,0,0,100,0,0,0,0,0,not_recommended,Campo no observado en la muestra Fase 5.
webs_propias_phase7_2026-06-14T20-43-50-127Z,QUARK GRUPO INMOBILIARIO,quarkgrupoinmobiliario.com,wordpress_sitemap_rest_html,phase5_wordpress_html_jsonld,currency,2,0,0,0,100,0,0,0,0,0,not_recommended,Campo no observado en la muestra Fase 5.
webs_propias_phase7_2026-06-14T20-43-50-127Z,QUARK GRUPO INMOBILIARIO,quarkgrupoinmobiliario.com,wordpress_sitemap_rest_html,phase5_wordpress_html_jsonld,delivery_year,2,0,0,0,100,0,0,0,0,0,not_recommended,Campo no observado en la muestra Fase 5.
webs_propias_phase7_2026-06-14T20-43-50-127Z,QUARK GRUPO INMOBILIARIO,quarkgrupoinmobiliario.com,wordpress_sitemap_rest_html,phase5_wordpress_html_jsonld,delivery_date,2,0,0,0,100,0,0,0,0,0,not_recommended,Campo no observado en la muestra Fase 5.
webs_propias_phase7_2026-06-14T20-43-50-127Z,QUARK GRUPO INMOBILIARIO,quarkgrupoinmobiliario.com,wordpress_sitemap_rest_html,phase5_wordpress_html_jsonld,description,2,2,100,66,0,0,0,0,0,100,enrichment_only,"Campo util para enriquecimiento, no necesariamente fuente primaria."
webs_propias_phase7_2026-06-14T20-43-50-127Z,QUARK GRUPO INMOBILIARIO,quarkgrupoinmobiliario.com,wordpress_sitemap_rest_html,phase5_wordpress_html_jsonld,amenities,2,0,0,0,100,0,0,0,0,0,not_recommended,Campo no observado en la muestra Fase 5.
webs_propias_phase7_2026-06-14T20-43-50-127Z,QUARK GRUPO INMOBILIARIO,quarkgrupoinmobiliario.com,wordpress_sitemap_rest_html,phase5_wordpress_html_jsonld,contact_name,2,0,0,0,100,0,0,0,0,0,not_recommended,Campo no observado en la muestra Fase 5.
webs_propias_phase7_2026-06-14T20-43-50-127Z,QUARK GRUPO INMOBILIARIO,quarkgrupoinmobiliario.com,wordpress_sitemap_rest_html,phase5_wordpress_html_jsonld,contact_phone,2,2,100,66,0,0,0,0,0,100,enrichment_only,"Campo util para enriquecimiento, no necesariamente fuente primaria."
webs_propias_phase7_2026-06-14T20-43-50-127Z,QUARK GRUPO INMOBILIARIO,quarkgrupoinmobiliario.com,wordpress_sitemap_rest_html,phase5_wordpress_html_jsonld,whatsapp,2,2,100,66,0,0,0,0,0,100,enrichment_only,"Campo util para enriquecimiento, no necesariamente fuente primaria."
webs_propias_phase7_2026-06-14T20-43-50-127Z,QUARK GRUPO INMOBILIARIO,quarkgrupoinmobiliario.com,wordpress_sitemap_rest_html,phase5_wordpress_html_jsonld,email,2,2,100,66,0,0,0,0,0,100,enrichment_only,"Campo util para enriquecimiento, no necesariamente fuente primaria."
webs_propias_phase7_2026-06-14T20-43-50-127Z,QUARK GRUPO INMOBILIARIO,quarkgrupoinmobiliario.com,wordpress_sitemap_rest_html,phase5_wordpress_html_jsonld,financing_banks,2,0,0,0,100,0,0,0,0,0,not_recommended,Campo no observado en la muestra Fase 5.
webs_propias_phase7_2026-06-14T20-43-50-127Z,QUARK GRUPO INMOBILIARIO,quarkgrupoinmobiliario.com,wordpress_sitemap_rest_html,phase5_wordpress_html_jsonld,latitude,2,0,0,0,100,0,0,0,0,0,not_recommended,Campo no observado en la muestra Fase 5.
webs_propias_phase7_2026-06-14T20-43-50-127Z,QUARK GRUPO INMOBILIARIO,quarkgrupoinmobiliario.com,wordpress_sitemap_rest_html,phase5_wordpress_html_jsonld,longitude,2,0,0,0,100,0,0,0,0,0,not_recommended,Campo no observado en la muestra Fase 5.
webs_propias_phase7_2026-06-14T20-43-50-127Z,ENACORP,enacorp.pe,wordpress_sitemap_rest_html,phase5_wordpress_html_jsonld,source_url,2,2,100,100,0,0,0,0,0,100,primary_candidate,Campo critico con cobertura y evidencia suficientes en la muestra.
webs_propias_phase7_2026-06-14T20-43-50-127Z,ENACORP,enacorp.pe,wordpress_sitemap_rest_html,phase5_wordpress_html_jsonld,agency_name,2,2,100,100,0,0,0,0,0,100,primary_candidate,Campo critico con cobertura y evidencia suficientes en la muestra.
webs_propias_phase7_2026-06-14T20-43-50-127Z,ENACORP,enacorp.pe,wordpress_sitemap_rest_html,phase5_wordpress_html_jsonld,project_name,2,2,100,66,0,0,0,0,0,100,primary_candidate,Campo critico con cobertura y evidencia suficientes en la muestra.
webs_propias_phase7_2026-06-14T20-43-50-127Z,ENACORP,enacorp.pe,wordpress_sitemap_rest_html,phase5_wordpress_html_jsonld,district,2,2,100,66,0,0,0,50,0,100,manual_review,Mismatch alto contra Nexo en registros comparables.
webs_propias_phase7_2026-06-14T20-43-50-127Z,ENACORP,enacorp.pe,wordpress_sitemap_rest_html,phase5_wordpress_html_jsonld,address,2,2,100,66,0,0,0,50,0,100,manual_review,Mismatch alto contra Nexo en registros comparables.
webs_propias_phase7_2026-06-14T20-43-50-127Z,ENACORP,enacorp.pe,wordpress_sitemap_rest_html,phase5_wordpress_html_jsonld,typology,2,2,100,66,0,0,0,0,0,100,primary_candidate,Campo critico con cobertura y evidencia suficientes en la muestra.
webs_propias_phase7_2026-06-14T20-43-50-127Z,ENACORP,enacorp.pe,wordpress_sitemap_rest_html,phase5_wordpress_html_jsonld,bedrooms,2,2,100,66,0,0,0,0,1,100,primary_candidate,Campo critico con cobertura y evidencia suficientes en la muestra.
webs_propias_phase7_2026-06-14T20-43-50-127Z,ENACORP,enacorp.pe,wordpress_sitemap_rest_html,phase5_wordpress_html_jsonld,total_area,2,2,100,66,0,0,0,0,0,100,primary_candidate,Campo critico con cobertura y evidencia suficientes en la muestra.
webs_propias_phase7_2026-06-14T20-43-50-127Z,ENACORP,enacorp.pe,wordpress_sitemap_rest_html,phase5_wordpress_html_jsonld,unit_status,2,1,50,33,50,0,0,0,0,100,enrichment_only,"Campo util para enriquecimiento, no necesariamente fuente primaria."
webs_propias_phase7_2026-06-14T20-43-50-127Z,ENACORP,enacorp.pe,wordpress_sitemap_rest_html,phase5_wordpress_html_jsonld,unit_count,2,0,0,0,100,0,0,0,0,0,not_recommended,Campo no observado en la muestra Fase 5.
webs_propias_phase7_2026-06-14T20-43-50-127Z,ENACORP,enacorp.pe,wordpress_sitemap_rest_html,phase5_wordpress_html_jsonld,list_price_avg,2,0,0,0,100,0,0,0,0,0,not_recommended,Campo no observado en la muestra Fase 5.
webs_propias_phase7_2026-06-14T20-43-50-127Z,ENACORP,enacorp.pe,wordpress_sitemap_rest_html,phase5_wordpress_html_jsonld,currency,2,0,0,0,100,0,0,0,0,0,not_recommended,Campo no observado en la muestra Fase 5.
webs_propias_phase7_2026-06-14T20-43-50-127Z,ENACORP,enacorp.pe,wordpress_sitemap_rest_html,phase5_wordpress_html_jsonld,delivery_year,2,0,0,0,100,0,0,0,0,0,not_recommended,Campo no observado en la muestra Fase 5.
webs_propias_phase7_2026-06-14T20-43-50-127Z,ENACORP,enacorp.pe,wordpress_sitemap_rest_html,phase5_wordpress_html_jsonld,delivery_date,2,0,0,0,100,0,0,0,0,0,not_recommended,Campo no observado en la muestra Fase 5.
webs_propias_phase7_2026-06-14T20-43-50-127Z,ENACORP,enacorp.pe,wordpress_sitemap_rest_html,phase5_wordpress_html_jsonld,description,2,1,50,66,50,0,0,0,0,100,enrichment_only,"Campo util para enriquecimiento, no necesariamente fuente primaria."
webs_propias_phase7_2026-06-14T20-43-50-127Z,ENACORP,enacorp.pe,wordpress_sitemap_rest_html,phase5_wordpress_html_jsonld,amenities,2,2,100,33,0,0,0,0,0,100,enrichment_only,"Campo util para enriquecimiento, no necesariamente fuente primaria."
webs_propias_phase7_2026-06-14T20-43-50-127Z,ENACORP,enacorp.pe,wordpress_sitemap_rest_html,phase5_wordpress_html_jsonld,contact_name,2,0,0,0,100,0,0,0,0,0,not_recommended,Campo no observado en la muestra Fase 5.
webs_propias_phase7_2026-06-14T20-43-50-127Z,ENACORP,enacorp.pe,wordpress_sitemap_rest_html,phase5_wordpress_html_jsonld,contact_phone,2,2,100,66,0,0,0,0,0,100,enrichment_only,"Campo util para enriquecimiento, no necesariamente fuente primaria."
webs_propias_phase7_2026-06-14T20-43-50-127Z,ENACORP,enacorp.pe,wordpress_sitemap_rest_html,phase5_wordpress_html_jsonld,whatsapp,2,0,0,0,100,0,0,0,0,0,not_recommended,Campo no observado en la muestra Fase 5.
webs_propias_phase7_2026-06-14T20-43-50-127Z,ENACORP,enacorp.pe,wordpress_sitemap_rest_html,phase5_wordpress_html_jsonld,email,2,0,0,0,100,0,0,0,0,0,not_recommended,Campo no observado en la muestra Fase 5.
webs_propias_phase7_2026-06-14T20-43-50-127Z,ENACORP,enacorp.pe,wordpress_sitemap_rest_html,phase5_wordpress_html_jsonld,financing_banks,2,0,0,0,100,0,0,0,0,0,not_recommended,Campo no observado en la muestra Fase 5.
webs_propias_phase7_2026-06-14T20-43-50-127Z,ENACORP,enacorp.pe,wordpress_sitemap_rest_html,phase5_wordpress_html_jsonld,latitude,2,0,0,0,100,0,0,100,0,0,not_recommended,Campo no observado en la muestra Fase 5.
webs_propias_phase7_2026-06-14T20-43-50-127Z,ENACORP,enacorp.pe,wordpress_sitemap_rest_html,phase5_wordpress_html_jsonld,longitude,2,0,0,0,100,0,0,100,0,0,not_recommended,Campo no observado en la muestra Fase 5.
webs_propias_phase7_2026-06-14T20-43-50-127Z,PROYEC INMOBILIARIA,proyec.com.pe,wordpress_sitemap_rest_html,phase5_wordpress_html_jsonld,source_url,2,2,100,100,0,0,0,0,0,100,primary_candidate,Campo critico con cobertura y evidencia suficientes en la muestra.
webs_propias_phase7_2026-06-14T20-43-50-127Z,PROYEC INMOBILIARIA,proyec.com.pe,wordpress_sitemap_rest_html,phase5_wordpress_html_jsonld,agency_name,2,2,100,100,0,0,0,0,0,100,primary_candidate,Campo critico con cobertura y evidencia suficientes en la muestra.
webs_propias_phase7_2026-06-14T20-43-50-127Z,PROYEC INMOBILIARIA,proyec.com.pe,wordpress_sitemap_rest_html,phase5_wordpress_html_jsonld,project_name,2,2,100,66,0,0,0,50,0,100,manual_review,Mismatch alto contra Nexo en registros comparables.
webs_propias_phase7_2026-06-14T20-43-50-127Z,PROYEC INMOBILIARIA,proyec.com.pe,wordpress_sitemap_rest_html,phase5_wordpress_html_jsonld,district,2,2,100,66,0,0,0,50,0,100,manual_review,Mismatch alto contra Nexo en registros comparables.
webs_propias_phase7_2026-06-14T20-43-50-127Z,PROYEC INMOBILIARIA,proyec.com.pe,wordpress_sitemap_rest_html,phase5_wordpress_html_jsonld,address,2,2,100,66,0,0,0,50,0,100,manual_review,Mismatch alto contra Nexo en registros comparables.
webs_propias_phase7_2026-06-14T20-43-50-127Z,PROYEC INMOBILIARIA,proyec.com.pe,wordpress_sitemap_rest_html,phase5_wordpress_html_jsonld,typology,2,2,100,66,0,0,0,0,0,100,primary_candidate,Campo critico con cobertura y evidencia suficientes en la muestra.
webs_propias_phase7_2026-06-14T20-43-50-127Z,PROYEC INMOBILIARIA,proyec.com.pe,wordpress_sitemap_rest_html,phase5_wordpress_html_jsonld,bedrooms,2,2,100,66,0,0,0,0,0,100,primary_candidate,Campo critico con cobertura y evidencia suficientes en la muestra.
webs_propias_phase7_2026-06-14T20-43-50-127Z,PROYEC INMOBILIARIA,proyec.com.pe,wordpress_sitemap_rest_html,phase5_wordpress_html_jsonld,total_area,2,2,100,66,0,0,0,0,0,100,primary_candidate,Campo critico con cobertura y evidencia suficientes en la muestra.
webs_propias_phase7_2026-06-14T20-43-50-127Z,PROYEC INMOBILIARIA,proyec.com.pe,wordpress_sitemap_rest_html,phase5_wordpress_html_jsonld,unit_status,2,1,50,33,50,0,0,0,0,100,enrichment_only,"Campo util para enriquecimiento, no necesariamente fuente primaria."
webs_propias_phase7_2026-06-14T20-43-50-127Z,PROYEC INMOBILIARIA,proyec.com.pe,wordpress_sitemap_rest_html,phase5_wordpress_html_jsonld,unit_count,2,0,0,0,100,0,0,0,0,0,not_recommended,Campo no observado en la muestra Fase 5.
webs_propias_phase7_2026-06-14T20-43-50-127Z,PROYEC INMOBILIARIA,proyec.com.pe,wordpress_sitemap_rest_html,phase5_wordpress_html_jsonld,list_price_avg,2,0,0,0,100,0,0,0,0,0,not_recommended,Campo no observado en la muestra Fase 5.
webs_propias_phase7_2026-06-14T20-43-50-127Z,PROYEC INMOBILIARIA,proyec.com.pe,wordpress_sitemap_rest_html,phase5_wordpress_html_jsonld,currency,2,0,0,0,100,0,0,0,0,0,not_recommended,Campo no observado en la muestra Fase 5.
webs_propias_phase7_2026-06-14T20-43-50-127Z,PROYEC INMOBILIARIA,proyec.com.pe,wordpress_sitemap_rest_html,phase5_wordpress_html_jsonld,delivery_year,2,2,100,66,0,0,0,0,0,100,primary_candidate,Campo critico con cobertura y evidencia suficientes en la muestra.
webs_propias_phase7_2026-06-14T20-43-50-127Z,PROYEC INMOBILIARIA,proyec.com.pe,wordpress_sitemap_rest_html,phase5_wordpress_html_jsonld,delivery_date,2,2,100,66,0,0,0,0,0,100,primary_candidate,Campo critico con cobertura y evidencia suficientes en la muestra.
webs_propias_phase7_2026-06-14T20-43-50-127Z,PROYEC INMOBILIARIA,proyec.com.pe,wordpress_sitemap_rest_html,phase5_wordpress_html_jsonld,description,2,2,100,66,0,0,0,0,0,100,enrichment_only,"Campo util para enriquecimiento, no necesariamente fuente primaria."
webs_propias_phase7_2026-06-14T20-43-50-127Z,PROYEC INMOBILIARIA,proyec.com.pe,wordpress_sitemap_rest_html,phase5_wordpress_html_jsonld,amenities,2,2,100,33,0,0,0,0,0,100,enrichment_only,"Campo util para enriquecimiento, no necesariamente fuente primaria."
webs_propias_phase7_2026-06-14T20-43-50-127Z,PROYEC INMOBILIARIA,proyec.com.pe,wordpress_sitemap_rest_html,phase5_wordpress_html_jsonld,contact_name,2,0,0,0,100,0,0,0,0,0,not_recommended,Campo no observado en la muestra Fase 5.
webs_propias_phase7_2026-06-14T20-43-50-127Z,PROYEC INMOBILIARIA,proyec.com.pe,wordpress_sitemap_rest_html,phase5_wordpress_html_jsonld,contact_phone,2,2,100,66,0,0,0,0,0,100,enrichment_only,"Campo util para enriquecimiento, no necesariamente fuente primaria."
webs_propias_phase7_2026-06-14T20-43-50-127Z,PROYEC INMOBILIARIA,proyec.com.pe,wordpress_sitemap_rest_html,phase5_wordpress_html_jsonld,whatsapp,2,2,100,66,0,0,0,0,0,100,enrichment_only,"Campo util para enriquecimiento, no necesariamente fuente primaria."
webs_propias_phase7_2026-06-14T20-43-50-127Z,PROYEC INMOBILIARIA,proyec.com.pe,wordpress_sitemap_rest_html,phase5_wordpress_html_jsonld,email,2,2,100,66,0,0,0,0,0,100,enrichment_only,"Campo util para enriquecimiento, no necesariamente fuente primaria."
webs_propias_phase7_2026-06-14T20-43-50-127Z,PROYEC INMOBILIARIA,proyec.com.pe,wordpress_sitemap_rest_html,phase5_wordpress_html_jsonld,financing_banks,2,0,0,0,100,0,0,0,0,0,not_recommended,Campo no observado en la muestra Fase 5.
webs_propias_phase7_2026-06-14T20-43-50-127Z,PROYEC INMOBILIARIA,proyec.com.pe,wordpress_sitemap_rest_html,phase5_wordpress_html_jsonld,latitude,2,0,0,0,100,0,0,100,0,0,not_recommended,Campo no observado en la muestra Fase 5.
webs_propias_phase7_2026-06-14T20-43-50-127Z,PROYEC INMOBILIARIA,proyec.com.pe,wordpress_sitemap_rest_html,phase5_wordpress_html_jsonld,longitude,2,0,0,0,100,0,0,100,0,0,not_recommended,Campo no observado en la muestra Fase 5.
webs_propias_phase7_2026-06-14T20-43-50-127Z,FRANCA INMOBILIARIA,francainmobiliaria.pe,wordpress_sitemap_rest_html,phase5_wordpress_html_jsonld,source_url,2,2,100,100,0,0,0,0,0,100,primary_candidate,Campo critico con cobertura y evidencia suficientes en la muestra.
webs_propias_phase7_2026-06-14T20-43-50-127Z,FRANCA INMOBILIARIA,francainmobiliaria.pe,wordpress_sitemap_rest_html,phase5_wordpress_html_jsonld,agency_name,2,2,100,100,0,0,0,0,0,100,primary_candidate,Campo critico con cobertura y evidencia suficientes en la muestra.
webs_propias_phase7_2026-06-14T20-43-50-127Z,FRANCA INMOBILIARIA,francainmobiliaria.pe,wordpress_sitemap_rest_html,phase5_wordpress_html_jsonld,project_name,2,2,100,66,0,0,0,0,0,100,primary_candidate,Campo critico con cobertura y evidencia suficientes en la muestra.
webs_propias_phase7_2026-06-14T20-43-50-127Z,FRANCA INMOBILIARIA,francainmobiliaria.pe,wordpress_sitemap_rest_html,phase5_wordpress_html_jsonld,district,2,2,100,66,0,0,0,100,0,100,manual_review,Mismatch alto contra Nexo en registros comparables.
webs_propias_phase7_2026-06-14T20-43-50-127Z,FRANCA INMOBILIARIA,francainmobiliaria.pe,wordpress_sitemap_rest_html,phase5_wordpress_html_jsonld,address,2,1,50,66,50,0,0,100,0,100,manual_review,Mismatch alto contra Nexo en registros comparables.
webs_propias_phase7_2026-06-14T20-43-50-127Z,FRANCA INMOBILIARIA,francainmobiliaria.pe,wordpress_sitemap_rest_html,phase5_wordpress_html_jsonld,typology,2,2,100,66,0,0,0,0,0,100,primary_candidate,Campo critico con cobertura y evidencia suficientes en la muestra.
webs_propias_phase7_2026-06-14T20-43-50-127Z,FRANCA INMOBILIARIA,francainmobiliaria.pe,wordpress_sitemap_rest_html,phase5_wordpress_html_jsonld,bedrooms,2,2,100,66,0,0,0,0,1,100,primary_candidate,Campo critico con cobertura y evidencia suficientes en la muestra.
webs_propias_phase7_2026-06-14T20-43-50-127Z,FRANCA INMOBILIARIA,francainmobiliaria.pe,wordpress_sitemap_rest_html,phase5_wordpress_html_jsonld,total_area,2,1,50,66,50,0,0,0,0,100,enrichment_only,"Campo util para enriquecimiento, no necesariamente fuente primaria."
webs_propias_phase7_2026-06-14T20-43-50-127Z,FRANCA INMOBILIARIA,francainmobiliaria.pe,wordpress_sitemap_rest_html,phase5_wordpress_html_jsonld,unit_status,2,0,0,0,100,0,0,0,0,0,not_recommended,Campo no observado en la muestra Fase 5.
webs_propias_phase7_2026-06-14T20-43-50-127Z,FRANCA INMOBILIARIA,francainmobiliaria.pe,wordpress_sitemap_rest_html,phase5_wordpress_html_jsonld,unit_count,2,0,0,0,100,0,0,0,0,0,not_recommended,Campo no observado en la muestra Fase 5.
webs_propias_phase7_2026-06-14T20-43-50-127Z,FRANCA INMOBILIARIA,francainmobiliaria.pe,wordpress_sitemap_rest_html,phase5_wordpress_html_jsonld,list_price_avg,2,0,0,0,100,0,0,0,0,0,not_recommended,Campo no observado en la muestra Fase 5.
webs_propias_phase7_2026-06-14T20-43-50-127Z,FRANCA INMOBILIARIA,francainmobiliaria.pe,wordpress_sitemap_rest_html,phase5_wordpress_html_jsonld,currency,2,0,0,0,100,0,0,0,0,0,not_recommended,Campo no observado en la muestra Fase 5.
webs_propias_phase7_2026-06-14T20-43-50-127Z,FRANCA INMOBILIARIA,francainmobiliaria.pe,wordpress_sitemap_rest_html,phase5_wordpress_html_jsonld,delivery_year,2,0,0,0,100,0,0,0,0,0,not_recommended,Campo no observado en la muestra Fase 5.
webs_propias_phase7_2026-06-14T20-43-50-127Z,FRANCA INMOBILIARIA,francainmobiliaria.pe,wordpress_sitemap_rest_html,phase5_wordpress_html_jsonld,delivery_date,2,0,0,0,100,0,0,0,0,0,not_recommended,Campo no observado en la muestra Fase 5.
webs_propias_phase7_2026-06-14T20-43-50-127Z,FRANCA INMOBILIARIA,francainmobiliaria.pe,wordpress_sitemap_rest_html,phase5_wordpress_html_jsonld,description,2,0,0,0,100,0,0,0,0,0,not_recommended,Campo no observado en la muestra Fase 5.
webs_propias_phase7_2026-06-14T20-43-50-127Z,FRANCA INMOBILIARIA,francainmobiliaria.pe,wordpress_sitemap_rest_html,phase5_wordpress_html_jsonld,amenities,2,0,0,0,100,0,0,0,0,0,not_recommended,Campo no observado en la muestra Fase 5.
webs_propias_phase7_2026-06-14T20-43-50-127Z,FRANCA INMOBILIARIA,francainmobiliaria.pe,wordpress_sitemap_rest_html,phase5_wordpress_html_jsonld,contact_name,2,0,0,0,100,0,0,0,0,0,not_recommended,Campo no observado en la muestra Fase 5.
webs_propias_phase7_2026-06-14T20-43-50-127Z,FRANCA INMOBILIARIA,francainmobiliaria.pe,wordpress_sitemap_rest_html,phase5_wordpress_html_jsonld,contact_phone,2,2,100,66,0,0,0,0,0,100,enrichment_only,"Campo util para enriquecimiento, no necesariamente fuente primaria."
webs_propias_phase7_2026-06-14T20-43-50-127Z,FRANCA INMOBILIARIA,francainmobiliaria.pe,wordpress_sitemap_rest_html,phase5_wordpress_html_jsonld,whatsapp,2,2,100,66,0,0,0,0,0,100,enrichment_only,"Campo util para enriquecimiento, no necesariamente fuente primaria."
webs_propias_phase7_2026-06-14T20-43-50-127Z,FRANCA INMOBILIARIA,francainmobiliaria.pe,wordpress_sitemap_rest_html,phase5_wordpress_html_jsonld,email,2,2,100,66,0,0,0,0,0,100,enrichment_only,"Campo util para enriquecimiento, no necesariamente fuente primaria."
webs_propias_phase7_2026-06-14T20-43-50-127Z,FRANCA INMOBILIARIA,francainmobiliaria.pe,wordpress_sitemap_rest_html,phase5_wordpress_html_jsonld,financing_banks,2,0,0,0,100,0,0,0,0,0,not_recommended,Campo no observado en la muestra Fase 5.
webs_propias_phase7_2026-06-14T20-43-50-127Z,FRANCA INMOBILIARIA,francainmobiliaria.pe,wordpress_sitemap_rest_html,phase5_wordpress_html_jsonld,latitude,2,0,0,0,100,0,0,100,0,0,not_recommended,Campo no observado en la muestra Fase 5.
webs_propias_phase7_2026-06-14T20-43-50-127Z,FRANCA INMOBILIARIA,francainmobiliaria.pe,wordpress_sitemap_rest_html,phase5_wordpress_html_jsonld,longitude,2,0,0,0,100,0,0,100,0,0,not_recommended,Campo no observado en la muestra Fase 5.
webs_propias_phase7_2026-06-14T20-43-50-127Z,MAXX GRUPO INMOBILIARIO,grupomaxx.pe,wordpress_sitemap_rest_html,phase5_wordpress_html_jsonld,source_url,2,2,100,100,0,0,0,0,0,100,primary_candidate,Campo critico con cobertura y evidencia suficientes en la muestra.
webs_propias_phase7_2026-06-14T20-43-50-127Z,MAXX GRUPO INMOBILIARIO,grupomaxx.pe,wordpress_sitemap_rest_html,phase5_wordpress_html_jsonld,agency_name,2,2,100,100,0,0,0,0,0,100,primary_candidate,Campo critico con cobertura y evidencia suficientes en la muestra.
webs_propias_phase7_2026-06-14T20-43-50-127Z,MAXX GRUPO INMOBILIARIO,grupomaxx.pe,wordpress_sitemap_rest_html,phase5_wordpress_html_jsonld,project_name,2,2,100,66,0,0,0,0,0,100,primary_candidate,Campo critico con cobertura y evidencia suficientes en la muestra.
webs_propias_phase7_2026-06-14T20-43-50-127Z,MAXX GRUPO INMOBILIARIO,grupomaxx.pe,wordpress_sitemap_rest_html,phase5_wordpress_html_jsonld,district,2,2,100,66,0,0,0,0,0,100,primary_candidate,Campo critico con cobertura y evidencia suficientes en la muestra.
webs_propias_phase7_2026-06-14T20-43-50-127Z,MAXX GRUPO INMOBILIARIO,grupomaxx.pe,wordpress_sitemap_rest_html,phase5_wordpress_html_jsonld,address,2,2,100,66,0,0,0,0,0,100,primary_candidate,Campo critico con cobertura y evidencia suficientes en la muestra.
webs_propias_phase7_2026-06-14T20-43-50-127Z,MAXX GRUPO INMOBILIARIO,grupomaxx.pe,wordpress_sitemap_rest_html,phase5_wordpress_html_jsonld,typology,2,0,0,0,100,0,0,0,0,0,not_recommended,Campo no observado en la muestra Fase 5.
webs_propias_phase7_2026-06-14T20-43-50-127Z,MAXX GRUPO INMOBILIARIO,grupomaxx.pe,wordpress_sitemap_rest_html,phase5_wordpress_html_jsonld,bedrooms,2,2,100,66,0,0,0,0,0,100,primary_candidate,Campo critico con cobertura y evidencia suficientes en la muestra.
webs_propias_phase7_2026-06-14T20-43-50-127Z,MAXX GRUPO INMOBILIARIO,grupomaxx.pe,wordpress_sitemap_rest_html,phase5_wordpress_html_jsonld,total_area,2,2,100,66,0,0,0,0,0,100,primary_candidate,Campo critico con cobertura y evidencia suficientes en la muestra.
webs_propias_phase7_2026-06-14T20-43-50-127Z,MAXX GRUPO INMOBILIARIO,grupomaxx.pe,wordpress_sitemap_rest_html,phase5_wordpress_html_jsonld,unit_status,2,0,0,0,100,0,0,0,0,0,not_recommended,Campo no observado en la muestra Fase 5.
webs_propias_phase7_2026-06-14T20-43-50-127Z,MAXX GRUPO INMOBILIARIO,grupomaxx.pe,wordpress_sitemap_rest_html,phase5_wordpress_html_jsonld,unit_count,2,0,0,0,100,0,0,0,0,0,not_recommended,Campo no observado en la muestra Fase 5.
webs_propias_phase7_2026-06-14T20-43-50-127Z,MAXX GRUPO INMOBILIARIO,grupomaxx.pe,wordpress_sitemap_rest_html,phase5_wordpress_html_jsonld,list_price_avg,2,0,0,0,100,0,0,0,0,0,not_recommended,Campo no observado en la muestra Fase 5.
webs_propias_phase7_2026-06-14T20-43-50-127Z,MAXX GRUPO INMOBILIARIO,grupomaxx.pe,wordpress_sitemap_rest_html,phase5_wordpress_html_jsonld,currency,2,0,0,0,100,0,0,0,0,0,not_recommended,Campo no observado en la muestra Fase 5.
webs_propias_phase7_2026-06-14T20-43-50-127Z,MAXX GRUPO INMOBILIARIO,grupomaxx.pe,wordpress_sitemap_rest_html,phase5_wordpress_html_jsonld,delivery_year,2,0,0,0,100,0,0,0,0,0,not_recommended,Campo no observado en la muestra Fase 5.
webs_propias_phase7_2026-06-14T20-43-50-127Z,MAXX GRUPO INMOBILIARIO,grupomaxx.pe,wordpress_sitemap_rest_html,phase5_wordpress_html_jsonld,delivery_date,2,0,0,0,100,0,0,0,0,0,not_recommended,Campo no observado en la muestra Fase 5.
webs_propias_phase7_2026-06-14T20-43-50-127Z,MAXX GRUPO INMOBILIARIO,grupomaxx.pe,wordpress_sitemap_rest_html,phase5_wordpress_html_jsonld,description,2,2,100,66,0,0,0,0,0,100,enrichment_only,"Campo util para enriquecimiento, no necesariamente fuente primaria."
webs_propias_phase7_2026-06-14T20-43-50-127Z,MAXX GRUPO INMOBILIARIO,grupomaxx.pe,wordpress_sitemap_rest_html,phase5_wordpress_html_jsonld,amenities,2,2,100,33,0,0,0,0,0,100,enrichment_only,"Campo util para enriquecimiento, no necesariamente fuente primaria."
webs_propias_phase7_2026-06-14T20-43-50-127Z,MAXX GRUPO INMOBILIARIO,grupomaxx.pe,wordpress_sitemap_rest_html,phase5_wordpress_html_jsonld,contact_name,2,0,0,0,100,0,0,0,0,0,not_recommended,Campo no observado en la muestra Fase 5.
webs_propias_phase7_2026-06-14T20-43-50-127Z,MAXX GRUPO INMOBILIARIO,grupomaxx.pe,wordpress_sitemap_rest_html,phase5_wordpress_html_jsonld,contact_phone,2,2,100,66,0,0,0,0,0,100,enrichment_only,"Campo util para enriquecimiento, no necesariamente fuente primaria."
webs_propias_phase7_2026-06-14T20-43-50-127Z,MAXX GRUPO INMOBILIARIO,grupomaxx.pe,wordpress_sitemap_rest_html,phase5_wordpress_html_jsonld,whatsapp,2,2,100,66,0,0,0,0,0,100,enrichment_only,"Campo util para enriquecimiento, no necesariamente fuente primaria."
webs_propias_phase7_2026-06-14T20-43-50-127Z,MAXX GRUPO INMOBILIARIO,grupomaxx.pe,wordpress_sitemap_rest_html,phase5_wordpress_html_jsonld,email,2,0,0,0,100,0,0,0,0,0,not_recommended,Campo no observado en la muestra Fase 5.
webs_propias_phase7_2026-06-14T20-43-50-127Z,MAXX GRUPO INMOBILIARIO,grupomaxx.pe,wordpress_sitemap_rest_html,phase5_wordpress_html_jsonld,financing_banks,2,0,0,0,100,0,0,0,0,0,not_recommended,Campo no observado en la muestra Fase 5.
webs_propias_phase7_2026-06-14T20-43-50-127Z,MAXX GRUPO INMOBILIARIO,grupomaxx.pe,wordpress_sitemap_rest_html,phase5_wordpress_html_jsonld,latitude,2,0,0,0,100,0,0,100,0,0,not_recommended,Campo no observado en la muestra Fase 5.
webs_propias_phase7_2026-06-14T20-43-50-127Z,MAXX GRUPO INMOBILIARIO,grupomaxx.pe,wordpress_sitemap_rest_html,phase5_wordpress_html_jsonld,longitude,2,0,0,0,100,0,0,100,0,0,not_recommended,Campo no observado en la muestra Fase 5.
webs_propias_phase7_2026-06-14T20-43-50-127Z,ESPARQ EOM,esparq.com,static_html_sitemap,phase5_static_html_jsonld,source_url,2,2,100,100,0,0,50,0,0,100,primary_candidate,Campo critico con cobertura y evidencia suficientes en la muestra.
webs_propias_phase7_2026-06-14T20-43-50-127Z,ESPARQ EOM,esparq.com,static_html_sitemap,phase5_static_html_jsonld,agency_name,2,2,100,100,0,0,50,0,0,100,primary_candidate,Campo critico con cobertura y evidencia suficientes en la muestra.
webs_propias_phase7_2026-06-14T20-43-50-127Z,ESPARQ EOM,esparq.com,static_html_sitemap,phase5_static_html_jsonld,project_name,2,2,100,66,0,0,50,0,0,100,primary_candidate,Campo critico con cobertura y evidencia suficientes en la muestra.
webs_propias_phase7_2026-06-14T20-43-50-127Z,ESPARQ EOM,esparq.com,static_html_sitemap,phase5_static_html_jsonld,district,2,2,100,66,0,0,50,0,0,100,primary_candidate,Campo critico con cobertura y evidencia suficientes en la muestra.
webs_propias_phase7_2026-06-14T20-43-50-127Z,ESPARQ EOM,esparq.com,static_html_sitemap,phase5_static_html_jsonld,address,2,2,100,66,0,0,50,0,0,100,primary_candidate,Campo critico con cobertura y evidencia suficientes en la muestra.
webs_propias_phase7_2026-06-14T20-43-50-127Z,ESPARQ EOM,esparq.com,static_html_sitemap,phase5_static_html_jsonld,typology,2,2,100,66,0,0,50,0,0,100,primary_candidate,Campo critico con cobertura y evidencia suficientes en la muestra.
webs_propias_phase7_2026-06-14T20-43-50-127Z,ESPARQ EOM,esparq.com,static_html_sitemap,phase5_static_html_jsonld,bedrooms,2,0,0,0,100,0,50,0,0,0,not_recommended,Campo no observado en la muestra Fase 5.
webs_propias_phase7_2026-06-14T20-43-50-127Z,ESPARQ EOM,esparq.com,static_html_sitemap,phase5_static_html_jsonld,total_area,2,0,0,0,100,0,50,0,0,0,not_recommended,Campo no observado en la muestra Fase 5.
webs_propias_phase7_2026-06-14T20-43-50-127Z,ESPARQ EOM,esparq.com,static_html_sitemap,phase5_static_html_jsonld,unit_status,2,2,100,33,0,0,50,0,0,100,primary_candidate,Campo critico con cobertura y evidencia suficientes en la muestra.
webs_propias_phase7_2026-06-14T20-43-50-127Z,ESPARQ EOM,esparq.com,static_html_sitemap,phase5_static_html_jsonld,unit_count,2,0,0,0,100,0,50,0,0,0,not_recommended,Campo no observado en la muestra Fase 5.
webs_propias_phase7_2026-06-14T20-43-50-127Z,ESPARQ EOM,esparq.com,static_html_sitemap,phase5_static_html_jsonld,list_price_avg,2,0,0,0,100,0,50,0,0,0,not_recommended,Campo no observado en la muestra Fase 5.
webs_propias_phase7_2026-06-14T20-43-50-127Z,ESPARQ EOM,esparq.com,static_html_sitemap,phase5_static_html_jsonld,currency,2,0,0,0,100,0,50,0,0,0,not_recommended,Campo no observado en la muestra Fase 5.
webs_propias_phase7_2026-06-14T20-43-50-127Z,ESPARQ EOM,esparq.com,static_html_sitemap,phase5_static_html_jsonld,delivery_year,2,0,0,0,100,0,50,0,0,0,not_recommended,Campo no observado en la muestra Fase 5.
webs_propias_phase7_2026-06-14T20-43-50-127Z,ESPARQ EOM,esparq.com,static_html_sitemap,phase5_static_html_jsonld,delivery_date,2,0,0,0,100,0,50,0,0,0,not_recommended,Campo no observado en la muestra Fase 5.
webs_propias_phase7_2026-06-14T20-43-50-127Z,ESPARQ EOM,esparq.com,static_html_sitemap,phase5_static_html_jsonld,description,2,2,100,66,0,0,50,0,0,100,enrichment_only,"Campo util para enriquecimiento, no necesariamente fuente primaria."
webs_propias_phase7_2026-06-14T20-43-50-127Z,ESPARQ EOM,esparq.com,static_html_sitemap,phase5_static_html_jsonld,amenities,2,0,0,0,100,0,50,0,0,0,not_recommended,Campo no observado en la muestra Fase 5.
webs_propias_phase7_2026-06-14T20-43-50-127Z,ESPARQ EOM,esparq.com,static_html_sitemap,phase5_static_html_jsonld,contact_name,2,0,0,0,100,0,50,0,0,0,not_recommended,Campo no observado en la muestra Fase 5.
webs_propias_phase7_2026-06-14T20-43-50-127Z,ESPARQ EOM,esparq.com,static_html_sitemap,phase5_static_html_jsonld,contact_phone,2,2,100,66,0,0,50,0,0,100,enrichment_only,"Campo util para enriquecimiento, no necesariamente fuente primaria."
webs_propias_phase7_2026-06-14T20-43-50-127Z,ESPARQ EOM,esparq.com,static_html_sitemap,phase5_static_html_jsonld,whatsapp,2,0,0,0,100,0,50,0,0,0,not_recommended,Campo no observado en la muestra Fase 5.
webs_propias_phase7_2026-06-14T20-43-50-127Z,ESPARQ EOM,esparq.com,static_html_sitemap,phase5_static_html_jsonld,email,2,0,0,0,100,0,50,0,0,0,not_recommended,Campo no observado en la muestra Fase 5.
webs_propias_phase7_2026-06-14T20-43-50-127Z,ESPARQ EOM,esparq.com,static_html_sitemap,phase5_static_html_jsonld,financing_banks,2,1,50,33,50,0,50,0,0,100,enrichment_only,"Campo util para enriquecimiento, no necesariamente fuente primaria."
webs_propias_phase7_2026-06-14T20-43-50-127Z,ESPARQ EOM,esparq.com,static_html_sitemap,phase5_static_html_jsonld,latitude,2,0,0,0,100,0,50,0,0,0,not_recommended,Campo no observado en la muestra Fase 5.
webs_propias_phase7_2026-06-14T20-43-50-127Z,ESPARQ EOM,esparq.com,static_html_sitemap,phase5_static_html_jsonld,longitude,2,0,0,0,100,0,50,0,0,0,not_recommended,Campo no observado en la muestra Fase 5.
webs_propias_phase7_2026-06-14T20-43-50-127Z,CHECOR INMOBILIARIA,checor.com,wordpress_sitemap_rest_html,phase5_wordpress_html_jsonld,source_url,2,2,100,100,0,0,0,0,0,100,primary_candidate,Campo critico con cobertura y evidencia suficientes en la muestra.
webs_propias_phase7_2026-06-14T20-43-50-127Z,CHECOR INMOBILIARIA,checor.com,wordpress_sitemap_rest_html,phase5_wordpress_html_jsonld,agency_name,2,2,100,100,0,0,0,0,0,100,primary_candidate,Campo critico con cobertura y evidencia suficientes en la muestra.
webs_propias_phase7_2026-06-14T20-43-50-127Z,CHECOR INMOBILIARIA,checor.com,wordpress_sitemap_rest_html,phase5_wordpress_html_jsonld,project_name,2,2,100,66,0,0,0,0,0,100,primary_candidate,Campo critico con cobertura y evidencia suficientes en la muestra.
webs_propias_phase7_2026-06-14T20-43-50-127Z,CHECOR INMOBILIARIA,checor.com,wordpress_sitemap_rest_html,phase5_wordpress_html_jsonld,district,2,2,100,66,0,0,0,0,0,100,primary_candidate,Campo critico con cobertura y evidencia suficientes en la muestra.
webs_propias_phase7_2026-06-14T20-43-50-127Z,CHECOR INMOBILIARIA,checor.com,wordpress_sitemap_rest_html,phase5_wordpress_html_jsonld,address,2,2,100,66,0,0,0,100,0,100,manual_review,Mismatch alto contra Nexo en registros comparables.
webs_propias_phase7_2026-06-14T20-43-50-127Z,CHECOR INMOBILIARIA,checor.com,wordpress_sitemap_rest_html,phase5_wordpress_html_jsonld,typology,2,2,100,66,0,0,0,0,0,100,primary_candidate,Campo critico con cobertura y evidencia suficientes en la muestra.
webs_propias_phase7_2026-06-14T20-43-50-127Z,CHECOR INMOBILIARIA,checor.com,wordpress_sitemap_rest_html,phase5_wordpress_html_jsonld,bedrooms,2,2,100,66,0,0,0,0,0,100,primary_candidate,Campo critico con cobertura y evidencia suficientes en la muestra.
webs_propias_phase7_2026-06-14T20-43-50-127Z,CHECOR INMOBILIARIA,checor.com,wordpress_sitemap_rest_html,phase5_wordpress_html_jsonld,total_area,2,2,100,66,0,0,0,0,0,100,primary_candidate,Campo critico con cobertura y evidencia suficientes en la muestra.
webs_propias_phase7_2026-06-14T20-43-50-127Z,CHECOR INMOBILIARIA,checor.com,wordpress_sitemap_rest_html,phase5_wordpress_html_jsonld,unit_status,2,2,100,33,0,0,0,0,0,100,primary_candidate,Campo critico con cobertura y evidencia suficientes en la muestra.
webs_propias_phase7_2026-06-14T20-43-50-127Z,CHECOR INMOBILIARIA,checor.com,wordpress_sitemap_rest_html,phase5_wordpress_html_jsonld,unit_count,2,0,0,0,100,0,0,0,0,0,not_recommended,Campo no observado en la muestra Fase 5.
webs_propias_phase7_2026-06-14T20-43-50-127Z,CHECOR INMOBILIARIA,checor.com,wordpress_sitemap_rest_html,phase5_wordpress_html_jsonld,list_price_avg,2,0,0,0,100,0,0,0,0,0,not_recommended,Campo no observado en la muestra Fase 5.
webs_propias_phase7_2026-06-14T20-43-50-127Z,CHECOR INMOBILIARIA,checor.com,wordpress_sitemap_rest_html,phase5_wordpress_html_jsonld,currency,2,0,0,0,100,0,0,0,0,0,not_recommended,Campo no observado en la muestra Fase 5.
webs_propias_phase7_2026-06-14T20-43-50-127Z,CHECOR INMOBILIARIA,checor.com,wordpress_sitemap_rest_html,phase5_wordpress_html_jsonld,delivery_year,2,0,0,0,100,0,0,0,0,0,not_recommended,Campo no observado en la muestra Fase 5.
webs_propias_phase7_2026-06-14T20-43-50-127Z,CHECOR INMOBILIARIA,checor.com,wordpress_sitemap_rest_html,phase5_wordpress_html_jsonld,delivery_date,2,0,0,0,100,0,0,0,0,0,not_recommended,Campo no observado en la muestra Fase 5.
webs_propias_phase7_2026-06-14T20-43-50-127Z,CHECOR INMOBILIARIA,checor.com,wordpress_sitemap_rest_html,phase5_wordpress_html_jsonld,description,2,2,100,66,0,0,0,0,0,100,enrichment_only,"Campo util para enriquecimiento, no necesariamente fuente primaria."
webs_propias_phase7_2026-06-14T20-43-50-127Z,CHECOR INMOBILIARIA,checor.com,wordpress_sitemap_rest_html,phase5_wordpress_html_jsonld,amenities,2,2,100,33,0,0,0,0,0,100,enrichment_only,"Campo util para enriquecimiento, no necesariamente fuente primaria."
webs_propias_phase7_2026-06-14T20-43-50-127Z,CHECOR INMOBILIARIA,checor.com,wordpress_sitemap_rest_html,phase5_wordpress_html_jsonld,contact_name,2,0,0,0,100,0,0,0,0,0,not_recommended,Campo no observado en la muestra Fase 5.
webs_propias_phase7_2026-06-14T20-43-50-127Z,CHECOR INMOBILIARIA,checor.com,wordpress_sitemap_rest_html,phase5_wordpress_html_jsonld,contact_phone,2,2,100,66,0,0,0,0,0,100,enrichment_only,"Campo util para enriquecimiento, no necesariamente fuente primaria."
webs_propias_phase7_2026-06-14T20-43-50-127Z,CHECOR INMOBILIARIA,checor.com,wordpress_sitemap_rest_html,phase5_wordpress_html_jsonld,whatsapp,2,2,100,66,0,0,0,0,0,100,enrichment_only,"Campo util para enriquecimiento, no necesariamente fuente primaria."
webs_propias_phase7_2026-06-14T20-43-50-127Z,CHECOR INMOBILIARIA,checor.com,wordpress_sitemap_rest_html,phase5_wordpress_html_jsonld,email,2,2,100,66,0,0,0,0,0,100,enrichment_only,"Campo util para enriquecimiento, no necesariamente fuente primaria."
webs_propias_phase7_2026-06-14T20-43-50-127Z,CHECOR INMOBILIARIA,checor.com,wordpress_sitemap_rest_html,phase5_wordpress_html_jsonld,financing_banks,2,2,100,33,0,0,0,0,0,100,enrichment_only,"Campo util para enriquecimiento, no necesariamente fuente primaria."
webs_propias_phase7_2026-06-14T20-43-50-127Z,CHECOR INMOBILIARIA,checor.com,wordpress_sitemap_rest_html,phase5_wordpress_html_jsonld,latitude,2,0,0,0,100,0,0,100,0,0,not_recommended,Campo no observado en la muestra Fase 5.
webs_propias_phase7_2026-06-14T20-43-50-127Z,CHECOR INMOBILIARIA,checor.com,wordpress_sitemap_rest_html,phase5_wordpress_html_jsonld,longitude,2,0,0,0,100,0,0,100,0,0,not_recommended,Campo no observado en la muestra Fase 5.
webs_propias_phase7_2026-06-14T20-43-50-127Z,ANDIAMO,andiamo.com.pe,embedded_json_html,phase5_embedded_json_html,source_url,2,2,100,100,0,0,0,0,0,100,primary_candidate,Campo critico con cobertura y evidencia suficientes en la muestra.
webs_propias_phase7_2026-06-14T20-43-50-127Z,ANDIAMO,andiamo.com.pe,embedded_json_html,phase5_embedded_json_html,agency_name,2,2,100,100,0,0,0,0,0,100,primary_candidate,Campo critico con cobertura y evidencia suficientes en la muestra.
webs_propias_phase7_2026-06-14T20-43-50-127Z,ANDIAMO,andiamo.com.pe,embedded_json_html,phase5_embedded_json_html,project_name,2,2,100,66,0,0,0,0,0,100,primary_candidate,Campo critico con cobertura y evidencia suficientes en la muestra.
webs_propias_phase7_2026-06-14T20-43-50-127Z,ANDIAMO,andiamo.com.pe,embedded_json_html,phase5_embedded_json_html,district,2,2,100,66,0,0,0,100,0,100,manual_review,Mismatch alto contra Nexo en registros comparables.
webs_propias_phase7_2026-06-14T20-43-50-127Z,ANDIAMO,andiamo.com.pe,embedded_json_html,phase5_embedded_json_html,address,2,2,100,66,0,0,0,0,0,100,primary_candidate,Campo critico con cobertura y evidencia suficientes en la muestra.
webs_propias_phase7_2026-06-14T20-43-50-127Z,ANDIAMO,andiamo.com.pe,embedded_json_html,phase5_embedded_json_html,typology,2,2,100,66,0,0,0,0,0,100,primary_candidate,Campo critico con cobertura y evidencia suficientes en la muestra.
webs_propias_phase7_2026-06-14T20-43-50-127Z,ANDIAMO,andiamo.com.pe,embedded_json_html,phase5_embedded_json_html,bedrooms,2,1,50,66,50,0,0,0,0,100,enrichment_only,"Campo util para enriquecimiento, no necesariamente fuente primaria."
webs_propias_phase7_2026-06-14T20-43-50-127Z,ANDIAMO,andiamo.com.pe,embedded_json_html,phase5_embedded_json_html,total_area,2,1,50,66,50,0,0,0,0,100,enrichment_only,"Campo util para enriquecimiento, no necesariamente fuente primaria."
webs_propias_phase7_2026-06-14T20-43-50-127Z,ANDIAMO,andiamo.com.pe,embedded_json_html,phase5_embedded_json_html,unit_status,2,1,50,33,50,0,0,0,0,100,enrichment_only,"Campo util para enriquecimiento, no necesariamente fuente primaria."
webs_propias_phase7_2026-06-14T20-43-50-127Z,ANDIAMO,andiamo.com.pe,embedded_json_html,phase5_embedded_json_html,unit_count,2,0,0,0,100,0,0,0,0,0,not_recommended,Campo no observado en la muestra Fase 5.
webs_propias_phase7_2026-06-14T20-43-50-127Z,ANDIAMO,andiamo.com.pe,embedded_json_html,phase5_embedded_json_html,list_price_avg,2,0,0,0,100,0,0,0,0,0,not_recommended,Campo no observado en la muestra Fase 5.
webs_propias_phase7_2026-06-14T20-43-50-127Z,ANDIAMO,andiamo.com.pe,embedded_json_html,phase5_embedded_json_html,currency,2,0,0,0,100,0,0,0,0,0,not_recommended,Campo no observado en la muestra Fase 5.
webs_propias_phase7_2026-06-14T20-43-50-127Z,ANDIAMO,andiamo.com.pe,embedded_json_html,phase5_embedded_json_html,delivery_year,2,0,0,0,100,0,0,0,0,0,not_recommended,Campo no observado en la muestra Fase 5.
webs_propias_phase7_2026-06-14T20-43-50-127Z,ANDIAMO,andiamo.com.pe,embedded_json_html,phase5_embedded_json_html,delivery_date,2,0,0,0,100,0,0,0,0,0,not_recommended,Campo no observado en la muestra Fase 5.
webs_propias_phase7_2026-06-14T20-43-50-127Z,ANDIAMO,andiamo.com.pe,embedded_json_html,phase5_embedded_json_html,description,2,2,100,66,0,0,0,0,0,100,enrichment_only,"Campo util para enriquecimiento, no necesariamente fuente primaria."
webs_propias_phase7_2026-06-14T20-43-50-127Z,ANDIAMO,andiamo.com.pe,embedded_json_html,phase5_embedded_json_html,amenities,2,2,100,33,0,0,0,0,0,100,enrichment_only,"Campo util para enriquecimiento, no necesariamente fuente primaria."
webs_propias_phase7_2026-06-14T20-43-50-127Z,ANDIAMO,andiamo.com.pe,embedded_json_html,phase5_embedded_json_html,contact_name,2,0,0,0,100,0,0,0,0,0,not_recommended,Campo no observado en la muestra Fase 5.
webs_propias_phase7_2026-06-14T20-43-50-127Z,ANDIAMO,andiamo.com.pe,embedded_json_html,phase5_embedded_json_html,contact_phone,2,0,0,0,100,0,0,0,0,0,not_recommended,Campo no observado en la muestra Fase 5.
webs_propias_phase7_2026-06-14T20-43-50-127Z,ANDIAMO,andiamo.com.pe,embedded_json_html,phase5_embedded_json_html,whatsapp,2,0,0,0,100,0,0,0,0,0,not_recommended,Campo no observado en la muestra Fase 5.
webs_propias_phase7_2026-06-14T20-43-50-127Z,ANDIAMO,andiamo.com.pe,embedded_json_html,phase5_embedded_json_html,email,2,0,0,0,100,0,0,0,0,0,not_recommended,Campo no observado en la muestra Fase 5.
webs_propias_phase7_2026-06-14T20-43-50-127Z,ANDIAMO,andiamo.com.pe,embedded_json_html,phase5_embedded_json_html,financing_banks,2,2,100,33,0,0,0,0,0,100,enrichment_only,"Campo util para enriquecimiento, no necesariamente fuente primaria."
webs_propias_phase7_2026-06-14T20-43-50-127Z,ANDIAMO,andiamo.com.pe,embedded_json_html,phase5_embedded_json_html,latitude,2,1,50,66,50,0,0,0,0,100,enrichment_only,"Campo util para enriquecimiento, no necesariamente fuente primaria."
webs_propias_phase7_2026-06-14T20-43-50-127Z,ANDIAMO,andiamo.com.pe,embedded_json_html,phase5_embedded_json_html,longitude,2,1,50,66,50,0,0,0,0,100,enrichment_only,"Campo util para enriquecimiento, no necesariamente fuente primaria."
webs_propias_phase7_2026-06-14T20-43-50-127Z,Mohëm Inmobiliaria,fcmconstrucciones.pe,wordpress_sitemap_rest_html,phase5_wordpress_html_jsonld,source_url,1,1,100,100,0,0,0,0,0,100,primary_candidate,Campo critico con cobertura y evidencia suficientes en la muestra.
webs_propias_phase7_2026-06-14T20-43-50-127Z,Mohëm Inmobiliaria,fcmconstrucciones.pe,wordpress_sitemap_rest_html,phase5_wordpress_html_jsonld,agency_name,1,1,100,100,0,0,0,0,0,100,primary_candidate,Campo critico con cobertura y evidencia suficientes en la muestra.
webs_propias_phase7_2026-06-14T20-43-50-127Z,Mohëm Inmobiliaria,fcmconstrucciones.pe,wordpress_sitemap_rest_html,phase5_wordpress_html_jsonld,project_name,1,1,100,66,0,0,0,0,0,100,primary_candidate,Campo critico con cobertura y evidencia suficientes en la muestra.
webs_propias_phase7_2026-06-14T20-43-50-127Z,Mohëm Inmobiliaria,fcmconstrucciones.pe,wordpress_sitemap_rest_html,phase5_wordpress_html_jsonld,district,1,1,100,66,0,0,0,0,0,100,primary_candidate,Campo critico con cobertura y evidencia suficientes en la muestra.
webs_propias_phase7_2026-06-14T20-43-50-127Z,Mohëm Inmobiliaria,fcmconstrucciones.pe,wordpress_sitemap_rest_html,phase5_wordpress_html_jsonld,address,1,0,0,0,100,0,0,0,0,0,not_recommended,Campo no observado en la muestra Fase 5.
webs_propias_phase7_2026-06-14T20-43-50-127Z,Mohëm Inmobiliaria,fcmconstrucciones.pe,wordpress_sitemap_rest_html,phase5_wordpress_html_jsonld,typology,1,1,100,66,0,0,0,0,0,100,primary_candidate,Campo critico con cobertura y evidencia suficientes en la muestra.
webs_propias_phase7_2026-06-14T20-43-50-127Z,Mohëm Inmobiliaria,fcmconstrucciones.pe,wordpress_sitemap_rest_html,phase5_wordpress_html_jsonld,bedrooms,1,0,0,0,100,0,0,0,0,0,not_recommended,Campo no observado en la muestra Fase 5.
webs_propias_phase7_2026-06-14T20-43-50-127Z,Mohëm Inmobiliaria,fcmconstrucciones.pe,wordpress_sitemap_rest_html,phase5_wordpress_html_jsonld,total_area,1,0,0,0,100,0,0,0,0,0,not_recommended,Campo no observado en la muestra Fase 5.
webs_propias_phase7_2026-06-14T20-43-50-127Z,Mohëm Inmobiliaria,fcmconstrucciones.pe,wordpress_sitemap_rest_html,phase5_wordpress_html_jsonld,unit_status,1,0,0,0,100,0,0,0,0,0,not_recommended,Campo no observado en la muestra Fase 5.
webs_propias_phase7_2026-06-14T20-43-50-127Z,Mohëm Inmobiliaria,fcmconstrucciones.pe,wordpress_sitemap_rest_html,phase5_wordpress_html_jsonld,unit_count,1,0,0,0,100,0,0,0,0,0,not_recommended,Campo no observado en la muestra Fase 5.
webs_propias_phase7_2026-06-14T20-43-50-127Z,Mohëm Inmobiliaria,fcmconstrucciones.pe,wordpress_sitemap_rest_html,phase5_wordpress_html_jsonld,list_price_avg,1,0,0,0,100,0,0,0,0,0,not_recommended,Campo no observado en la muestra Fase 5.
webs_propias_phase7_2026-06-14T20-43-50-127Z,Mohëm Inmobiliaria,fcmconstrucciones.pe,wordpress_sitemap_rest_html,phase5_wordpress_html_jsonld,currency,1,0,0,0,100,0,0,0,0,0,not_recommended,Campo no observado en la muestra Fase 5.
webs_propias_phase7_2026-06-14T20-43-50-127Z,Mohëm Inmobiliaria,fcmconstrucciones.pe,wordpress_sitemap_rest_html,phase5_wordpress_html_jsonld,delivery_year,1,0,0,0,100,0,0,0,0,0,not_recommended,Campo no observado en la muestra Fase 5.
webs_propias_phase7_2026-06-14T20-43-50-127Z,Mohëm Inmobiliaria,fcmconstrucciones.pe,wordpress_sitemap_rest_html,phase5_wordpress_html_jsonld,delivery_date,1,0,0,0,100,0,0,0,0,0,not_recommended,Campo no observado en la muestra Fase 5.
webs_propias_phase7_2026-06-14T20-43-50-127Z,Mohëm Inmobiliaria,fcmconstrucciones.pe,wordpress_sitemap_rest_html,phase5_wordpress_html_jsonld,description,1,1,100,66,0,0,0,0,0,100,enrichment_only,"Campo util para enriquecimiento, no necesariamente fuente primaria."
webs_propias_phase7_2026-06-14T20-43-50-127Z,Mohëm Inmobiliaria,fcmconstrucciones.pe,wordpress_sitemap_rest_html,phase5_wordpress_html_jsonld,amenities,1,1,100,33,0,0,0,0,0,100,enrichment_only,"Campo util para enriquecimiento, no necesariamente fuente primaria."
webs_propias_phase7_2026-06-14T20-43-50-127Z,Mohëm Inmobiliaria,fcmconstrucciones.pe,wordpress_sitemap_rest_html,phase5_wordpress_html_jsonld,contact_name,1,0,0,0,100,0,0,0,0,0,not_recommended,Campo no observado en la muestra Fase 5.
webs_propias_phase7_2026-06-14T20-43-50-127Z,Mohëm Inmobiliaria,fcmconstrucciones.pe,wordpress_sitemap_rest_html,phase5_wordpress_html_jsonld,contact_phone,1,1,100,66,0,0,0,0,0,100,enrichment_only,"Campo util para enriquecimiento, no necesariamente fuente primaria."
webs_propias_phase7_2026-06-14T20-43-50-127Z,Mohëm Inmobiliaria,fcmconstrucciones.pe,wordpress_sitemap_rest_html,phase5_wordpress_html_jsonld,whatsapp,1,0,0,0,100,0,0,0,0,0,not_recommended,Campo no observado en la muestra Fase 5.
webs_propias_phase7_2026-06-14T20-43-50-127Z,Mohëm Inmobiliaria,fcmconstrucciones.pe,wordpress_sitemap_rest_html,phase5_wordpress_html_jsonld,email,1,1,100,66,0,0,0,0,0,100,enrichment_only,"Campo util para enriquecimiento, no necesariamente fuente primaria."
webs_propias_phase7_2026-06-14T20-43-50-127Z,Mohëm Inmobiliaria,fcmconstrucciones.pe,wordpress_sitemap_rest_html,phase5_wordpress_html_jsonld,financing_banks,1,0,0,0,100,0,0,0,0,0,not_recommended,Campo no observado en la muestra Fase 5.
webs_propias_phase7_2026-06-14T20-43-50-127Z,Mohëm Inmobiliaria,fcmconstrucciones.pe,wordpress_sitemap_rest_html,phase5_wordpress_html_jsonld,latitude,1,0,0,0,100,0,0,0,0,0,not_recommended,Campo no observado en la muestra Fase 5.
webs_propias_phase7_2026-06-14T20-43-50-127Z,Mohëm Inmobiliaria,fcmconstrucciones.pe,wordpress_sitemap_rest_html,phase5_wordpress_html_jsonld,longitude,1,0,0,0,100,0,0,0,0,0,not_recommended,Campo no observado en la muestra Fase 5.
webs_propias_phase7_2026-06-14T20-43-50-127Z,DITRENZZO,ditrenzzo.com,wordpress_sitemap_rest_html,phase5_wordpress_html_jsonld,source_url,2,2,100,100,0,0,0,0,0,100,primary_candidate,Campo critico con cobertura y evidencia suficientes en la muestra.
webs_propias_phase7_2026-06-14T20-43-50-127Z,DITRENZZO,ditrenzzo.com,wordpress_sitemap_rest_html,phase5_wordpress_html_jsonld,agency_name,2,2,100,100,0,0,0,0,0,100,primary_candidate,Campo critico con cobertura y evidencia suficientes en la muestra.
webs_propias_phase7_2026-06-14T20-43-50-127Z,DITRENZZO,ditrenzzo.com,wordpress_sitemap_rest_html,phase5_wordpress_html_jsonld,project_name,2,2,100,66,0,0,0,0,0,100,primary_candidate,Campo critico con cobertura y evidencia suficientes en la muestra.
webs_propias_phase7_2026-06-14T20-43-50-127Z,DITRENZZO,ditrenzzo.com,wordpress_sitemap_rest_html,phase5_wordpress_html_jsonld,district,2,2,100,66,0,0,0,0,0,100,primary_candidate,Campo critico con cobertura y evidencia suficientes en la muestra.
webs_propias_phase7_2026-06-14T20-43-50-127Z,DITRENZZO,ditrenzzo.com,wordpress_sitemap_rest_html,phase5_wordpress_html_jsonld,address,2,2,100,66,0,0,0,100,0,100,manual_review,Mismatch alto contra Nexo en registros comparables.
webs_propias_phase7_2026-06-14T20-43-50-127Z,DITRENZZO,ditrenzzo.com,wordpress_sitemap_rest_html,phase5_wordpress_html_jsonld,typology,2,2,100,66,0,0,0,0,0,100,primary_candidate,Campo critico con cobertura y evidencia suficientes en la muestra.
webs_propias_phase7_2026-06-14T20-43-50-127Z,DITRENZZO,ditrenzzo.com,wordpress_sitemap_rest_html,phase5_wordpress_html_jsonld,bedrooms,2,2,100,66,0,0,0,0,0,100,primary_candidate,Campo critico con cobertura y evidencia suficientes en la muestra.
webs_propias_phase7_2026-06-14T20-43-50-127Z,DITRENZZO,ditrenzzo.com,wordpress_sitemap_rest_html,phase5_wordpress_html_jsonld,total_area,2,2,100,66,0,0,0,0,0,100,primary_candidate,Campo critico con cobertura y evidencia suficientes en la muestra.
webs_propias_phase7_2026-06-14T20-43-50-127Z,DITRENZZO,ditrenzzo.com,wordpress_sitemap_rest_html,phase5_wordpress_html_jsonld,unit_status,2,2,100,33,0,0,0,0,0,100,primary_candidate,Campo critico con cobertura y evidencia suficientes en la muestra.
webs_propias_phase7_2026-06-14T20-43-50-127Z,DITRENZZO,ditrenzzo.com,wordpress_sitemap_rest_html,phase5_wordpress_html_jsonld,unit_count,2,0,0,0,100,0,0,0,0,0,not_recommended,Campo no observado en la muestra Fase 5.
webs_propias_phase7_2026-06-14T20-43-50-127Z,DITRENZZO,ditrenzzo.com,wordpress_sitemap_rest_html,phase5_wordpress_html_jsonld,list_price_avg,2,0,0,0,100,0,0,0,0,0,not_recommended,Campo no observado en la muestra Fase 5.
webs_propias_phase7_2026-06-14T20-43-50-127Z,DITRENZZO,ditrenzzo.com,wordpress_sitemap_rest_html,phase5_wordpress_html_jsonld,currency,2,0,0,0,100,0,0,0,0,0,not_recommended,Campo no observado en la muestra Fase 5.
webs_propias_phase7_2026-06-14T20-43-50-127Z,DITRENZZO,ditrenzzo.com,wordpress_sitemap_rest_html,phase5_wordpress_html_jsonld,delivery_year,2,0,0,0,100,0,0,0,0,0,not_recommended,Campo no observado en la muestra Fase 5.
webs_propias_phase7_2026-06-14T20-43-50-127Z,DITRENZZO,ditrenzzo.com,wordpress_sitemap_rest_html,phase5_wordpress_html_jsonld,delivery_date,2,0,0,0,100,0,0,0,0,0,not_recommended,Campo no observado en la muestra Fase 5.
webs_propias_phase7_2026-06-14T20-43-50-127Z,DITRENZZO,ditrenzzo.com,wordpress_sitemap_rest_html,phase5_wordpress_html_jsonld,description,2,2,100,66,0,0,0,0,0,100,enrichment_only,"Campo util para enriquecimiento, no necesariamente fuente primaria."
webs_propias_phase7_2026-06-14T20-43-50-127Z,DITRENZZO,ditrenzzo.com,wordpress_sitemap_rest_html,phase5_wordpress_html_jsonld,amenities,2,0,0,0,100,0,0,0,0,0,not_recommended,Campo no observado en la muestra Fase 5.
webs_propias_phase7_2026-06-14T20-43-50-127Z,DITRENZZO,ditrenzzo.com,wordpress_sitemap_rest_html,phase5_wordpress_html_jsonld,contact_name,2,0,0,0,100,0,0,0,0,0,not_recommended,Campo no observado en la muestra Fase 5.
webs_propias_phase7_2026-06-14T20-43-50-127Z,DITRENZZO,ditrenzzo.com,wordpress_sitemap_rest_html,phase5_wordpress_html_jsonld,contact_phone,2,2,100,66,0,0,0,0,0,100,enrichment_only,"Campo util para enriquecimiento, no necesariamente fuente primaria."
webs_propias_phase7_2026-06-14T20-43-50-127Z,DITRENZZO,ditrenzzo.com,wordpress_sitemap_rest_html,phase5_wordpress_html_jsonld,whatsapp,2,0,0,0,100,0,0,0,0,0,not_recommended,Campo no observado en la muestra Fase 5.
webs_propias_phase7_2026-06-14T20-43-50-127Z,DITRENZZO,ditrenzzo.com,wordpress_sitemap_rest_html,phase5_wordpress_html_jsonld,email,2,2,100,66,0,0,0,0,0,100,enrichment_only,"Campo util para enriquecimiento, no necesariamente fuente primaria."
webs_propias_phase7_2026-06-14T20-43-50-127Z,DITRENZZO,ditrenzzo.com,wordpress_sitemap_rest_html,phase5_wordpress_html_jsonld,financing_banks,2,1,50,33,50,0,0,0,0,100,enrichment_only,"Campo util para enriquecimiento, no necesariamente fuente primaria."
webs_propias_phase7_2026-06-14T20-43-50-127Z,DITRENZZO,ditrenzzo.com,wordpress_sitemap_rest_html,phase5_wordpress_html_jsonld,latitude,2,0,0,0,100,0,0,100,0,0,not_recommended,Campo no observado en la muestra Fase 5.
webs_propias_phase7_2026-06-14T20-43-50-127Z,DITRENZZO,ditrenzzo.com,wordpress_sitemap_rest_html,phase5_wordpress_html_jsonld,longitude,2,0,0,0,100,0,0,100,0,0,not_recommended,Campo no observado en la muestra Fase 5.
webs_propias_phase7_2026-06-14T20-43-50-127Z,ASTER HOMES,aster-homes.com,embedded_json_html,phase5_embedded_json_html,source_url,2,2,100,100,0,0,0,0,0,100,primary_candidate,Campo critico con cobertura y evidencia suficientes en la muestra.
webs_propias_phase7_2026-06-14T20-43-50-127Z,ASTER HOMES,aster-homes.com,embedded_json_html,phase5_embedded_json_html,agency_name,2,2,100,100,0,0,0,0,0,100,primary_candidate,Campo critico con cobertura y evidencia suficientes en la muestra.
webs_propias_phase7_2026-06-14T20-43-50-127Z,ASTER HOMES,aster-homes.com,embedded_json_html,phase5_embedded_json_html,project_name,2,2,100,66,0,0,0,0,0,100,primary_candidate,Campo critico con cobertura y evidencia suficientes en la muestra.
webs_propias_phase7_2026-06-14T20-43-50-127Z,ASTER HOMES,aster-homes.com,embedded_json_html,phase5_embedded_json_html,district,2,2,100,66,0,0,0,0,0,100,primary_candidate,Campo critico con cobertura y evidencia suficientes en la muestra.
webs_propias_phase7_2026-06-14T20-43-50-127Z,ASTER HOMES,aster-homes.com,embedded_json_html,phase5_embedded_json_html,address,2,1,50,66,50,0,0,0,0,100,enrichment_only,"Campo util para enriquecimiento, no necesariamente fuente primaria."
webs_propias_phase7_2026-06-14T20-43-50-127Z,ASTER HOMES,aster-homes.com,embedded_json_html,phase5_embedded_json_html,typology,2,2,100,66,0,0,0,0,0,100,primary_candidate,Campo critico con cobertura y evidencia suficientes en la muestra.
webs_propias_phase7_2026-06-14T20-43-50-127Z,ASTER HOMES,aster-homes.com,embedded_json_html,phase5_embedded_json_html,bedrooms,2,2,100,66,0,0,0,0,0,100,primary_candidate,Campo critico con cobertura y evidencia suficientes en la muestra.
webs_propias_phase7_2026-06-14T20-43-50-127Z,ASTER HOMES,aster-homes.com,embedded_json_html,phase5_embedded_json_html,total_area,2,1,50,66,50,0,0,0,0,100,enrichment_only,"Campo util para enriquecimiento, no necesariamente fuente primaria."
webs_propias_phase7_2026-06-14T20-43-50-127Z,ASTER HOMES,aster-homes.com,embedded_json_html,phase5_embedded_json_html,unit_status,2,1,50,33,50,0,0,0,0,100,enrichment_only,"Campo util para enriquecimiento, no necesariamente fuente primaria."
webs_propias_phase7_2026-06-14T20-43-50-127Z,ASTER HOMES,aster-homes.com,embedded_json_html,phase5_embedded_json_html,unit_count,2,0,0,0,100,0,0,0,0,0,not_recommended,Campo no observado en la muestra Fase 5.
webs_propias_phase7_2026-06-14T20-43-50-127Z,ASTER HOMES,aster-homes.com,embedded_json_html,phase5_embedded_json_html,list_price_avg,2,0,0,0,100,0,0,0,0,0,not_recommended,Campo no observado en la muestra Fase 5.
webs_propias_phase7_2026-06-14T20-43-50-127Z,ASTER HOMES,aster-homes.com,embedded_json_html,phase5_embedded_json_html,currency,2,0,0,0,100,0,0,0,0,0,not_recommended,Campo no observado en la muestra Fase 5.
webs_propias_phase7_2026-06-14T20-43-50-127Z,ASTER HOMES,aster-homes.com,embedded_json_html,phase5_embedded_json_html,delivery_year,2,1,50,66,50,0,0,0,0,100,enrichment_only,"Campo util para enriquecimiento, no necesariamente fuente primaria."
webs_propias_phase7_2026-06-14T20-43-50-127Z,ASTER HOMES,aster-homes.com,embedded_json_html,phase5_embedded_json_html,delivery_date,2,1,50,66,50,0,0,0,0,100,enrichment_only,"Campo util para enriquecimiento, no necesariamente fuente primaria."
webs_propias_phase7_2026-06-14T20-43-50-127Z,ASTER HOMES,aster-homes.com,embedded_json_html,phase5_embedded_json_html,description,2,1,50,66,50,0,0,0,0,100,enrichment_only,"Campo util para enriquecimiento, no necesariamente fuente primaria."
webs_propias_phase7_2026-06-14T20-43-50-127Z,ASTER HOMES,aster-homes.com,embedded_json_html,phase5_embedded_json_html,amenities,2,2,100,33,0,0,0,0,0,100,enrichment_only,"Campo util para enriquecimiento, no necesariamente fuente primaria."
webs_propias_phase7_2026-06-14T20-43-50-127Z,ASTER HOMES,aster-homes.com,embedded_json_html,phase5_embedded_json_html,contact_name,2,0,0,0,100,0,0,0,0,0,not_recommended,Campo no observado en la muestra Fase 5.
webs_propias_phase7_2026-06-14T20-43-50-127Z,ASTER HOMES,aster-homes.com,embedded_json_html,phase5_embedded_json_html,contact_phone,2,2,100,66,0,0,0,0,0,100,enrichment_only,"Campo util para enriquecimiento, no necesariamente fuente primaria."
webs_propias_phase7_2026-06-14T20-43-50-127Z,ASTER HOMES,aster-homes.com,embedded_json_html,phase5_embedded_json_html,whatsapp,2,1,50,66,50,0,0,0,0,100,enrichment_only,"Campo util para enriquecimiento, no necesariamente fuente primaria."
webs_propias_phase7_2026-06-14T20-43-50-127Z,ASTER HOMES,aster-homes.com,embedded_json_html,phase5_embedded_json_html,email,2,2,100,66,0,0,0,0,0,100,enrichment_only,"Campo util para enriquecimiento, no necesariamente fuente primaria."
webs_propias_phase7_2026-06-14T20-43-50-127Z,ASTER HOMES,aster-homes.com,embedded_json_html,phase5_embedded_json_html,financing_banks,2,0,0,0,100,0,0,0,0,0,not_recommended,Campo no observado en la muestra Fase 5.
webs_propias_phase7_2026-06-14T20-43-50-127Z,ASTER HOMES,aster-homes.com,embedded_json_html,phase5_embedded_json_html,latitude,2,0,0,0,100,0,0,100,0,0,not_recommended,Campo no observado en la muestra Fase 5.
webs_propias_phase7_2026-06-14T20-43-50-127Z,ASTER HOMES,aster-homes.com,embedded_json_html,phase5_embedded_json_html,longitude,2,0,0,0,100,0,0,100,0,0,not_recommended,Campo no observado en la muestra Fase 5.
webs_propias_phase7_2026-06-14T20-43-50-127Z,IN URBAN,inurban.pe,wordpress_sitemap_rest_html,phase5_wordpress_html_jsonld,source_url,2,2,100,100,0,0,50,0,0,100,primary_candidate,Campo critico con cobertura y evidencia suficientes en la muestra.
webs_propias_phase7_2026-06-14T20-43-50-127Z,IN URBAN,inurban.pe,wordpress_sitemap_rest_html,phase5_wordpress_html_jsonld,agency_name,2,2,100,100,0,0,50,0,0,100,primary_candidate,Campo critico con cobertura y evidencia suficientes en la muestra.
webs_propias_phase7_2026-06-14T20-43-50-127Z,IN URBAN,inurban.pe,wordpress_sitemap_rest_html,phase5_wordpress_html_jsonld,project_name,2,2,100,66,0,0,50,0,0,100,primary_candidate,Campo critico con cobertura y evidencia suficientes en la muestra.
webs_propias_phase7_2026-06-14T20-43-50-127Z,IN URBAN,inurban.pe,wordpress_sitemap_rest_html,phase5_wordpress_html_jsonld,district,2,2,100,66,0,0,50,0,0,100,primary_candidate,Campo critico con cobertura y evidencia suficientes en la muestra.
webs_propias_phase7_2026-06-14T20-43-50-127Z,IN URBAN,inurban.pe,wordpress_sitemap_rest_html,phase5_wordpress_html_jsonld,address,2,0,0,0,100,0,50,0,0,0,not_recommended,Campo no observado en la muestra Fase 5.
webs_propias_phase7_2026-06-14T20-43-50-127Z,IN URBAN,inurban.pe,wordpress_sitemap_rest_html,phase5_wordpress_html_jsonld,typology,2,2,100,66,0,0,50,0,0,100,primary_candidate,Campo critico con cobertura y evidencia suficientes en la muestra.
webs_propias_phase7_2026-06-14T20-43-50-127Z,IN URBAN,inurban.pe,wordpress_sitemap_rest_html,phase5_wordpress_html_jsonld,bedrooms,2,0,0,0,100,0,50,0,0,0,not_recommended,Campo no observado en la muestra Fase 5.
webs_propias_phase7_2026-06-14T20-43-50-127Z,IN URBAN,inurban.pe,wordpress_sitemap_rest_html,phase5_wordpress_html_jsonld,total_area,2,0,0,0,100,0,50,0,0,0,not_recommended,Campo no observado en la muestra Fase 5.
webs_propias_phase7_2026-06-14T20-43-50-127Z,IN URBAN,inurban.pe,wordpress_sitemap_rest_html,phase5_wordpress_html_jsonld,unit_status,2,0,0,0,100,0,50,0,0,0,not_recommended,Campo no observado en la muestra Fase 5.
webs_propias_phase7_2026-06-14T20-43-50-127Z,IN URBAN,inurban.pe,wordpress_sitemap_rest_html,phase5_wordpress_html_jsonld,unit_count,2,0,0,0,100,0,50,0,0,0,not_recommended,Campo no observado en la muestra Fase 5.
webs_propias_phase7_2026-06-14T20-43-50-127Z,IN URBAN,inurban.pe,wordpress_sitemap_rest_html,phase5_wordpress_html_jsonld,list_price_avg,2,0,0,0,100,0,50,0,0,0,not_recommended,Campo no observado en la muestra Fase 5.
webs_propias_phase7_2026-06-14T20-43-50-127Z,IN URBAN,inurban.pe,wordpress_sitemap_rest_html,phase5_wordpress_html_jsonld,currency,2,0,0,0,100,0,50,0,0,0,not_recommended,Campo no observado en la muestra Fase 5.
webs_propias_phase7_2026-06-14T20-43-50-127Z,IN URBAN,inurban.pe,wordpress_sitemap_rest_html,phase5_wordpress_html_jsonld,delivery_year,2,0,0,0,100,0,50,0,0,0,not_recommended,Campo no observado en la muestra Fase 5.
webs_propias_phase7_2026-06-14T20-43-50-127Z,IN URBAN,inurban.pe,wordpress_sitemap_rest_html,phase5_wordpress_html_jsonld,delivery_date,2,0,0,0,100,0,50,0,0,0,not_recommended,Campo no observado en la muestra Fase 5.
webs_propias_phase7_2026-06-14T20-43-50-127Z,IN URBAN,inurban.pe,wordpress_sitemap_rest_html,phase5_wordpress_html_jsonld,description,2,2,100,66,0,0,50,0,0,100,enrichment_only,"Campo util para enriquecimiento, no necesariamente fuente primaria."
webs_propias_phase7_2026-06-14T20-43-50-127Z,IN URBAN,inurban.pe,wordpress_sitemap_rest_html,phase5_wordpress_html_jsonld,amenities,2,1,50,33,50,0,50,0,0,100,enrichment_only,"Campo util para enriquecimiento, no necesariamente fuente primaria."
webs_propias_phase7_2026-06-14T20-43-50-127Z,IN URBAN,inurban.pe,wordpress_sitemap_rest_html,phase5_wordpress_html_jsonld,contact_name,2,0,0,0,100,0,50,0,0,0,not_recommended,Campo no observado en la muestra Fase 5.
webs_propias_phase7_2026-06-14T20-43-50-127Z,IN URBAN,inurban.pe,wordpress_sitemap_rest_html,phase5_wordpress_html_jsonld,contact_phone,2,2,100,66,0,0,50,0,0,100,enrichment_only,"Campo util para enriquecimiento, no necesariamente fuente primaria."
webs_propias_phase7_2026-06-14T20-43-50-127Z,IN URBAN,inurban.pe,wordpress_sitemap_rest_html,phase5_wordpress_html_jsonld,whatsapp,2,0,0,0,100,0,50,0,0,0,not_recommended,Campo no observado en la muestra Fase 5.
webs_propias_phase7_2026-06-14T20-43-50-127Z,IN URBAN,inurban.pe,wordpress_sitemap_rest_html,phase5_wordpress_html_jsonld,email,2,2,100,66,0,0,50,0,0,100,enrichment_only,"Campo util para enriquecimiento, no necesariamente fuente primaria."
webs_propias_phase7_2026-06-14T20-43-50-127Z,IN URBAN,inurban.pe,wordpress_sitemap_rest_html,phase5_wordpress_html_jsonld,financing_banks,2,1,50,33,50,0,50,0,0,100,enrichment_only,"Campo util para enriquecimiento, no necesariamente fuente primaria."
webs_propias_phase7_2026-06-14T20-43-50-127Z,IN URBAN,inurban.pe,wordpress_sitemap_rest_html,phase5_wordpress_html_jsonld,latitude,2,0,0,0,100,0,50,0,0,0,not_recommended,Campo no observado en la muestra Fase 5.
webs_propias_phase7_2026-06-14T20-43-50-127Z,IN URBAN,inurban.pe,wordpress_sitemap_rest_html,phase5_wordpress_html_jsonld,longitude,2,0,0,0,100,0,50,0,0,0,not_recommended,Campo no observado en la muestra Fase 5.
webs_propias_phase7_2026-06-14T20-43-50-127Z,INFINITY GROUP,infinitygroup.pe,embedded_json_html,phase5_embedded_json_html,source_url,2,2,100,100,0,0,0,0,0,100,primary_candidate,Campo critico con cobertura y evidencia suficientes en la muestra.
webs_propias_phase7_2026-06-14T20-43-50-127Z,INFINITY GROUP,infinitygroup.pe,embedded_json_html,phase5_embedded_json_html,agency_name,2,2,100,100,0,0,0,0,0,100,primary_candidate,Campo critico con cobertura y evidencia suficientes en la muestra.
webs_propias_phase7_2026-06-14T20-43-50-127Z,INFINITY GROUP,infinitygroup.pe,embedded_json_html,phase5_embedded_json_html,project_name,2,2,100,66,0,0,0,0,0,100,primary_candidate,Campo critico con cobertura y evidencia suficientes en la muestra.
webs_propias_phase7_2026-06-14T20-43-50-127Z,INFINITY GROUP,infinitygroup.pe,embedded_json_html,phase5_embedded_json_html,district,2,2,100,66,0,0,0,0,0,100,primary_candidate,Campo critico con cobertura y evidencia suficientes en la muestra.
webs_propias_phase7_2026-06-14T20-43-50-127Z,INFINITY GROUP,infinitygroup.pe,embedded_json_html,phase5_embedded_json_html,address,2,2,100,66,0,0,0,0,0,100,primary_candidate,Campo critico con cobertura y evidencia suficientes en la muestra.
webs_propias_phase7_2026-06-14T20-43-50-127Z,INFINITY GROUP,infinitygroup.pe,embedded_json_html,phase5_embedded_json_html,typology,2,2,100,66,0,0,0,0,0,100,primary_candidate,Campo critico con cobertura y evidencia suficientes en la muestra.
webs_propias_phase7_2026-06-14T20-43-50-127Z,INFINITY GROUP,infinitygroup.pe,embedded_json_html,phase5_embedded_json_html,bedrooms,2,1,50,66,50,0,0,0,0,100,enrichment_only,"Campo util para enriquecimiento, no necesariamente fuente primaria."
webs_propias_phase7_2026-06-14T20-43-50-127Z,INFINITY GROUP,infinitygroup.pe,embedded_json_html,phase5_embedded_json_html,total_area,2,2,100,66,0,0,0,0,0,100,primary_candidate,Campo critico con cobertura y evidencia suficientes en la muestra.
webs_propias_phase7_2026-06-14T20-43-50-127Z,INFINITY GROUP,infinitygroup.pe,embedded_json_html,phase5_embedded_json_html,unit_status,2,1,50,33,50,0,0,0,0,100,enrichment_only,"Campo util para enriquecimiento, no necesariamente fuente primaria."
webs_propias_phase7_2026-06-14T20-43-50-127Z,INFINITY GROUP,infinitygroup.pe,embedded_json_html,phase5_embedded_json_html,unit_count,2,0,0,0,100,0,0,0,0,0,not_recommended,Campo no observado en la muestra Fase 5.
webs_propias_phase7_2026-06-14T20-43-50-127Z,INFINITY GROUP,infinitygroup.pe,embedded_json_html,phase5_embedded_json_html,list_price_avg,2,0,0,0,100,0,0,0,0,0,not_recommended,Campo no observado en la muestra Fase 5.
webs_propias_phase7_2026-06-14T20-43-50-127Z,INFINITY GROUP,infinitygroup.pe,embedded_json_html,phase5_embedded_json_html,currency,2,0,0,0,100,0,0,0,0,0,not_recommended,Campo no observado en la muestra Fase 5.
webs_propias_phase7_2026-06-14T20-43-50-127Z,INFINITY GROUP,infinitygroup.pe,embedded_json_html,phase5_embedded_json_html,delivery_year,2,0,0,0,100,0,0,0,0,0,not_recommended,Campo no observado en la muestra Fase 5.
webs_propias_phase7_2026-06-14T20-43-50-127Z,INFINITY GROUP,infinitygroup.pe,embedded_json_html,phase5_embedded_json_html,delivery_date,2,0,0,0,100,0,0,0,0,0,not_recommended,Campo no observado en la muestra Fase 5.
webs_propias_phase7_2026-06-14T20-43-50-127Z,INFINITY GROUP,infinitygroup.pe,embedded_json_html,phase5_embedded_json_html,description,2,0,0,0,100,0,0,0,0,0,not_recommended,Campo no observado en la muestra Fase 5.
webs_propias_phase7_2026-06-14T20-43-50-127Z,INFINITY GROUP,infinitygroup.pe,embedded_json_html,phase5_embedded_json_html,amenities,2,0,0,0,100,0,0,0,0,0,not_recommended,Campo no observado en la muestra Fase 5.
webs_propias_phase7_2026-06-14T20-43-50-127Z,INFINITY GROUP,infinitygroup.pe,embedded_json_html,phase5_embedded_json_html,contact_name,2,0,0,0,100,0,0,0,0,0,not_recommended,Campo no observado en la muestra Fase 5.
webs_propias_phase7_2026-06-14T20-43-50-127Z,INFINITY GROUP,infinitygroup.pe,embedded_json_html,phase5_embedded_json_html,contact_phone,2,2,100,66,0,0,0,0,0,100,enrichment_only,"Campo util para enriquecimiento, no necesariamente fuente primaria."
webs_propias_phase7_2026-06-14T20-43-50-127Z,INFINITY GROUP,infinitygroup.pe,embedded_json_html,phase5_embedded_json_html,whatsapp,2,2,100,66,0,0,0,0,0,100,enrichment_only,"Campo util para enriquecimiento, no necesariamente fuente primaria."
webs_propias_phase7_2026-06-14T20-43-50-127Z,INFINITY GROUP,infinitygroup.pe,embedded_json_html,phase5_embedded_json_html,email,2,2,100,66,0,0,0,0,0,100,enrichment_only,"Campo util para enriquecimiento, no necesariamente fuente primaria."
webs_propias_phase7_2026-06-14T20-43-50-127Z,INFINITY GROUP,infinitygroup.pe,embedded_json_html,phase5_embedded_json_html,financing_banks,2,0,0,0,100,0,0,0,0,0,not_recommended,Campo no observado en la muestra Fase 5.
webs_propias_phase7_2026-06-14T20-43-50-127Z,INFINITY GROUP,infinitygroup.pe,embedded_json_html,phase5_embedded_json_html,latitude,2,0,0,0,100,0,0,0,0,0,not_recommended,Campo no observado en la muestra Fase 5.
webs_propias_phase7_2026-06-14T20-43-50-127Z,INFINITY GROUP,infinitygroup.pe,embedded_json_html,phase5_embedded_json_html,longitude,2,0,0,0,100,0,0,0,0,0,not_recommended,Campo no observado en la muestra Fase 5.
webs_propias_phase7_2026-06-14T20-43-50-127Z,Val Grupo Inmobiliario,val.com.pe,embedded_json_html,phase5_embedded_json_html,source_url,2,2,100,100,0,0,50,0,0,100,primary_candidate,Campo critico con cobertura y evidencia suficientes en la muestra.
webs_propias_phase7_2026-06-14T20-43-50-127Z,Val Grupo Inmobiliario,val.com.pe,embedded_json_html,phase5_embedded_json_html,agency_name,2,2,100,100,0,0,50,0,0,100,primary_candidate,Campo critico con cobertura y evidencia suficientes en la muestra.
webs_propias_phase7_2026-06-14T20-43-50-127Z,Val Grupo Inmobiliario,val.com.pe,embedded_json_html,phase5_embedded_json_html,project_name,2,2,100,66,0,0,50,0,0,100,primary_candidate,Campo critico con cobertura y evidencia suficientes en la muestra.
webs_propias_phase7_2026-06-14T20-43-50-127Z,Val Grupo Inmobiliario,val.com.pe,embedded_json_html,phase5_embedded_json_html,district,2,2,100,66,0,0,50,0,0,100,primary_candidate,Campo critico con cobertura y evidencia suficientes en la muestra.
webs_propias_phase7_2026-06-14T20-43-50-127Z,Val Grupo Inmobiliario,val.com.pe,embedded_json_html,phase5_embedded_json_html,address,2,2,100,66,0,0,50,0,0,100,primary_candidate,Campo critico con cobertura y evidencia suficientes en la muestra.
webs_propias_phase7_2026-06-14T20-43-50-127Z,Val Grupo Inmobiliario,val.com.pe,embedded_json_html,phase5_embedded_json_html,typology,2,2,100,66,0,0,50,0,0,100,primary_candidate,Campo critico con cobertura y evidencia suficientes en la muestra.
webs_propias_phase7_2026-06-14T20-43-50-127Z,Val Grupo Inmobiliario,val.com.pe,embedded_json_html,phase5_embedded_json_html,bedrooms,2,2,100,66,0,0,50,0,0,100,primary_candidate,Campo critico con cobertura y evidencia suficientes en la muestra.
webs_propias_phase7_2026-06-14T20-43-50-127Z,Val Grupo Inmobiliario,val.com.pe,embedded_json_html,phase5_embedded_json_html,total_area,2,0,0,0,100,0,50,0,0,0,not_recommended,Campo no observado en la muestra Fase 5.
webs_propias_phase7_2026-06-14T20-43-50-127Z,Val Grupo Inmobiliario,val.com.pe,embedded_json_html,phase5_embedded_json_html,unit_status,2,0,0,0,100,0,50,0,0,0,not_recommended,Campo no observado en la muestra Fase 5.
webs_propias_phase7_2026-06-14T20-43-50-127Z,Val Grupo Inmobiliario,val.com.pe,embedded_json_html,phase5_embedded_json_html,unit_count,2,0,0,0,100,0,50,0,0,0,not_recommended,Campo no observado en la muestra Fase 5.
webs_propias_phase7_2026-06-14T20-43-50-127Z,Val Grupo Inmobiliario,val.com.pe,embedded_json_html,phase5_embedded_json_html,list_price_avg,2,0,0,0,100,0,50,0,0,0,not_recommended,Campo no observado en la muestra Fase 5.
webs_propias_phase7_2026-06-14T20-43-50-127Z,Val Grupo Inmobiliario,val.com.pe,embedded_json_html,phase5_embedded_json_html,currency,2,0,0,0,100,0,50,0,0,0,not_recommended,Campo no observado en la muestra Fase 5.
webs_propias_phase7_2026-06-14T20-43-50-127Z,Val Grupo Inmobiliario,val.com.pe,embedded_json_html,phase5_embedded_json_html,delivery_year,2,0,0,0,100,0,50,0,0,0,not_recommended,Campo no observado en la muestra Fase 5.
webs_propias_phase7_2026-06-14T20-43-50-127Z,Val Grupo Inmobiliario,val.com.pe,embedded_json_html,phase5_embedded_json_html,delivery_date,2,0,0,0,100,0,50,0,0,0,not_recommended,Campo no observado en la muestra Fase 5.
webs_propias_phase7_2026-06-14T20-43-50-127Z,Val Grupo Inmobiliario,val.com.pe,embedded_json_html,phase5_embedded_json_html,description,2,2,100,66,0,0,50,0,0,100,enrichment_only,"Campo util para enriquecimiento, no necesariamente fuente primaria."
webs_propias_phase7_2026-06-14T20-43-50-127Z,Val Grupo Inmobiliario,val.com.pe,embedded_json_html,phase5_embedded_json_html,amenities,2,2,100,33,0,0,50,0,0,100,enrichment_only,"Campo util para enriquecimiento, no necesariamente fuente primaria."
webs_propias_phase7_2026-06-14T20-43-50-127Z,Val Grupo Inmobiliario,val.com.pe,embedded_json_html,phase5_embedded_json_html,contact_name,2,0,0,0,100,0,50,0,0,0,not_recommended,Campo no observado en la muestra Fase 5.
webs_propias_phase7_2026-06-14T20-43-50-127Z,Val Grupo Inmobiliario,val.com.pe,embedded_json_html,phase5_embedded_json_html,contact_phone,2,2,100,66,0,0,50,0,0,100,enrichment_only,"Campo util para enriquecimiento, no necesariamente fuente primaria."
webs_propias_phase7_2026-06-14T20-43-50-127Z,Val Grupo Inmobiliario,val.com.pe,embedded_json_html,phase5_embedded_json_html,whatsapp,2,2,100,66,0,0,50,0,0,100,enrichment_only,"Campo util para enriquecimiento, no necesariamente fuente primaria."
webs_propias_phase7_2026-06-14T20-43-50-127Z,Val Grupo Inmobiliario,val.com.pe,embedded_json_html,phase5_embedded_json_html,email,2,2,100,66,0,0,50,0,0,100,enrichment_only,"Campo util para enriquecimiento, no necesariamente fuente primaria."
webs_propias_phase7_2026-06-14T20-43-50-127Z,Val Grupo Inmobiliario,val.com.pe,embedded_json_html,phase5_embedded_json_html,financing_banks,2,0,0,0,100,0,50,0,0,0,not_recommended,Campo no observado en la muestra Fase 5.
webs_propias_phase7_2026-06-14T20-43-50-127Z,Val Grupo Inmobiliario,val.com.pe,embedded_json_html,phase5_embedded_json_html,latitude,2,0,0,0,100,0,50,0,0,0,not_recommended,Campo no observado en la muestra Fase 5.
webs_propias_phase7_2026-06-14T20-43-50-127Z,Val Grupo Inmobiliario,val.com.pe,embedded_json_html,phase5_embedded_json_html,longitude,2,0,0,0,100,0,50,0,0,0,not_recommended,Campo no observado en la muestra Fase 5.
webs_propias_phase7_2026-06-14T20-43-50-127Z,INMOBILIARIA CESIA,icesia.com,wordpress_sitemap_rest_html,phase5_wordpress_html_jsonld,source_url,2,2,100,100,0,0,0,0,0,100,primary_candidate,Campo critico con cobertura y evidencia suficientes en la muestra.
webs_propias_phase7_2026-06-14T20-43-50-127Z,INMOBILIARIA CESIA,icesia.com,wordpress_sitemap_rest_html,phase5_wordpress_html_jsonld,agency_name,2,2,100,100,0,0,0,0,0,100,primary_candidate,Campo critico con cobertura y evidencia suficientes en la muestra.
webs_propias_phase7_2026-06-14T20-43-50-127Z,INMOBILIARIA CESIA,icesia.com,wordpress_sitemap_rest_html,phase5_wordpress_html_jsonld,project_name,2,2,100,66,0,0,0,100,0,100,manual_review,Mismatch alto contra Nexo en registros comparables.
webs_propias_phase7_2026-06-14T20-43-50-127Z,INMOBILIARIA CESIA,icesia.com,wordpress_sitemap_rest_html,phase5_wordpress_html_jsonld,district,2,2,100,66,0,0,0,0,0,100,primary_candidate,Campo critico con cobertura y evidencia suficientes en la muestra.
webs_propias_phase7_2026-06-14T20-43-50-127Z,INMOBILIARIA CESIA,icesia.com,wordpress_sitemap_rest_html,phase5_wordpress_html_jsonld,address,2,2,100,66,0,0,0,0,0,100,primary_candidate,Campo critico con cobertura y evidencia suficientes en la muestra.
webs_propias_phase7_2026-06-14T20-43-50-127Z,INMOBILIARIA CESIA,icesia.com,wordpress_sitemap_rest_html,phase5_wordpress_html_jsonld,typology,2,2,100,66,0,0,0,0,0,100,primary_candidate,Campo critico con cobertura y evidencia suficientes en la muestra.
webs_propias_phase7_2026-06-14T20-43-50-127Z,INMOBILIARIA CESIA,icesia.com,wordpress_sitemap_rest_html,phase5_wordpress_html_jsonld,bedrooms,2,0,0,0,100,0,0,0,0,0,not_recommended,Campo no observado en la muestra Fase 5.
webs_propias_phase7_2026-06-14T20-43-50-127Z,INMOBILIARIA CESIA,icesia.com,wordpress_sitemap_rest_html,phase5_wordpress_html_jsonld,total_area,2,0,0,0,100,0,0,0,0,0,not_recommended,Campo no observado en la muestra Fase 5.
webs_propias_phase7_2026-06-14T20-43-50-127Z,INMOBILIARIA CESIA,icesia.com,wordpress_sitemap_rest_html,phase5_wordpress_html_jsonld,unit_status,2,0,0,0,100,0,0,0,0,0,not_recommended,Campo no observado en la muestra Fase 5.
webs_propias_phase7_2026-06-14T20-43-50-127Z,INMOBILIARIA CESIA,icesia.com,wordpress_sitemap_rest_html,phase5_wordpress_html_jsonld,unit_count,2,0,0,0,100,0,0,0,0,0,not_recommended,Campo no observado en la muestra Fase 5.
webs_propias_phase7_2026-06-14T20-43-50-127Z,INMOBILIARIA CESIA,icesia.com,wordpress_sitemap_rest_html,phase5_wordpress_html_jsonld,list_price_avg,2,0,0,0,100,0,0,0,0,0,not_recommended,Campo no observado en la muestra Fase 5.
webs_propias_phase7_2026-06-14T20-43-50-127Z,INMOBILIARIA CESIA,icesia.com,wordpress_sitemap_rest_html,phase5_wordpress_html_jsonld,currency,2,0,0,0,100,0,0,0,0,0,not_recommended,Campo no observado en la muestra Fase 5.
webs_propias_phase7_2026-06-14T20-43-50-127Z,INMOBILIARIA CESIA,icesia.com,wordpress_sitemap_rest_html,phase5_wordpress_html_jsonld,delivery_year,2,0,0,0,100,0,0,0,0,0,not_recommended,Campo no observado en la muestra Fase 5.
webs_propias_phase7_2026-06-14T20-43-50-127Z,INMOBILIARIA CESIA,icesia.com,wordpress_sitemap_rest_html,phase5_wordpress_html_jsonld,delivery_date,2,0,0,0,100,0,0,0,0,0,not_recommended,Campo no observado en la muestra Fase 5.
webs_propias_phase7_2026-06-14T20-43-50-127Z,INMOBILIARIA CESIA,icesia.com,wordpress_sitemap_rest_html,phase5_wordpress_html_jsonld,description,2,0,0,0,100,0,0,0,0,0,not_recommended,Campo no observado en la muestra Fase 5.
webs_propias_phase7_2026-06-14T20-43-50-127Z,INMOBILIARIA CESIA,icesia.com,wordpress_sitemap_rest_html,phase5_wordpress_html_jsonld,amenities,2,0,0,0,100,0,0,0,0,0,not_recommended,Campo no observado en la muestra Fase 5.
webs_propias_phase7_2026-06-14T20-43-50-127Z,INMOBILIARIA CESIA,icesia.com,wordpress_sitemap_rest_html,phase5_wordpress_html_jsonld,contact_name,2,0,0,0,100,0,0,0,0,0,not_recommended,Campo no observado en la muestra Fase 5.
webs_propias_phase7_2026-06-14T20-43-50-127Z,INMOBILIARIA CESIA,icesia.com,wordpress_sitemap_rest_html,phase5_wordpress_html_jsonld,contact_phone,2,2,100,66,0,0,0,0,0,100,enrichment_only,"Campo util para enriquecimiento, no necesariamente fuente primaria."
webs_propias_phase7_2026-06-14T20-43-50-127Z,INMOBILIARIA CESIA,icesia.com,wordpress_sitemap_rest_html,phase5_wordpress_html_jsonld,whatsapp,2,0,0,0,100,0,0,0,0,0,not_recommended,Campo no observado en la muestra Fase 5.
webs_propias_phase7_2026-06-14T20-43-50-127Z,INMOBILIARIA CESIA,icesia.com,wordpress_sitemap_rest_html,phase5_wordpress_html_jsonld,email,2,2,100,66,0,0,0,0,0,100,enrichment_only,"Campo util para enriquecimiento, no necesariamente fuente primaria."
webs_propias_phase7_2026-06-14T20-43-50-127Z,INMOBILIARIA CESIA,icesia.com,wordpress_sitemap_rest_html,phase5_wordpress_html_jsonld,financing_banks,2,0,0,0,100,0,0,0,0,0,not_recommended,Campo no observado en la muestra Fase 5.
webs_propias_phase7_2026-06-14T20-43-50-127Z,INMOBILIARIA CESIA,icesia.com,wordpress_sitemap_rest_html,phase5_wordpress_html_jsonld,latitude,2,0,0,0,100,0,0,100,0,0,not_recommended,Campo no observado en la muestra Fase 5.
webs_propias_phase7_2026-06-14T20-43-50-127Z,INMOBILIARIA CESIA,icesia.com,wordpress_sitemap_rest_html,phase5_wordpress_html_jsonld,longitude,2,0,0,0,100,0,0,100,0,0,not_recommended,Campo no observado en la muestra Fase 5.
webs_propias_phase7_2026-06-14T20-43-50-127Z,ODIMA INMOBILIARIA,odima.pe,wordpress_sitemap_rest_html,phase5_wordpress_html_jsonld,source_url,2,2,100,100,0,0,0,0,0,100,primary_candidate,Campo critico con cobertura y evidencia suficientes en la muestra.
webs_propias_phase7_2026-06-14T20-43-50-127Z,ODIMA INMOBILIARIA,odima.pe,wordpress_sitemap_rest_html,phase5_wordpress_html_jsonld,agency_name,2,2,100,100,0,0,0,0,0,100,primary_candidate,Campo critico con cobertura y evidencia suficientes en la muestra.
webs_propias_phase7_2026-06-14T20-43-50-127Z,ODIMA INMOBILIARIA,odima.pe,wordpress_sitemap_rest_html,phase5_wordpress_html_jsonld,project_name,2,2,100,66,0,0,0,0,0,100,primary_candidate,Campo critico con cobertura y evidencia suficientes en la muestra.
webs_propias_phase7_2026-06-14T20-43-50-127Z,ODIMA INMOBILIARIA,odima.pe,wordpress_sitemap_rest_html,phase5_wordpress_html_jsonld,district,2,2,100,66,0,0,0,0,0,100,primary_candidate,Campo critico con cobertura y evidencia suficientes en la muestra.
webs_propias_phase7_2026-06-14T20-43-50-127Z,ODIMA INMOBILIARIA,odima.pe,wordpress_sitemap_rest_html,phase5_wordpress_html_jsonld,address,2,2,100,66,0,0,0,0,0,100,primary_candidate,Campo critico con cobertura y evidencia suficientes en la muestra.
webs_propias_phase7_2026-06-14T20-43-50-127Z,ODIMA INMOBILIARIA,odima.pe,wordpress_sitemap_rest_html,phase5_wordpress_html_jsonld,typology,2,2,100,66,0,0,0,0,0,100,primary_candidate,Campo critico con cobertura y evidencia suficientes en la muestra.
webs_propias_phase7_2026-06-14T20-43-50-127Z,ODIMA INMOBILIARIA,odima.pe,wordpress_sitemap_rest_html,phase5_wordpress_html_jsonld,bedrooms,2,2,100,66,0,0,0,0,0,100,primary_candidate,Campo critico con cobertura y evidencia suficientes en la muestra.
webs_propias_phase7_2026-06-14T20-43-50-127Z,ODIMA INMOBILIARIA,odima.pe,wordpress_sitemap_rest_html,phase5_wordpress_html_jsonld,total_area,2,2,100,66,0,0,0,0,0,100,primary_candidate,Campo critico con cobertura y evidencia suficientes en la muestra.
webs_propias_phase7_2026-06-14T20-43-50-127Z,ODIMA INMOBILIARIA,odima.pe,wordpress_sitemap_rest_html,phase5_wordpress_html_jsonld,unit_status,2,0,0,0,100,0,0,0,0,0,not_recommended,Campo no observado en la muestra Fase 5.
webs_propias_phase7_2026-06-14T20-43-50-127Z,ODIMA INMOBILIARIA,odima.pe,wordpress_sitemap_rest_html,phase5_wordpress_html_jsonld,unit_count,2,0,0,0,100,0,0,0,0,0,not_recommended,Campo no observado en la muestra Fase 5.
webs_propias_phase7_2026-06-14T20-43-50-127Z,ODIMA INMOBILIARIA,odima.pe,wordpress_sitemap_rest_html,phase5_wordpress_html_jsonld,list_price_avg,2,0,0,0,100,0,0,0,0,0,not_recommended,Campo no observado en la muestra Fase 5.
webs_propias_phase7_2026-06-14T20-43-50-127Z,ODIMA INMOBILIARIA,odima.pe,wordpress_sitemap_rest_html,phase5_wordpress_html_jsonld,currency,2,0,0,0,100,0,0,0,0,0,not_recommended,Campo no observado en la muestra Fase 5.
webs_propias_phase7_2026-06-14T20-43-50-127Z,ODIMA INMOBILIARIA,odima.pe,wordpress_sitemap_rest_html,phase5_wordpress_html_jsonld,delivery_year,2,0,0,0,100,0,0,0,0,0,not_recommended,Campo no observado en la muestra Fase 5.
webs_propias_phase7_2026-06-14T20-43-50-127Z,ODIMA INMOBILIARIA,odima.pe,wordpress_sitemap_rest_html,phase5_wordpress_html_jsonld,delivery_date,2,0,0,0,100,0,0,0,0,0,not_recommended,Campo no observado en la muestra Fase 5.
webs_propias_phase7_2026-06-14T20-43-50-127Z,ODIMA INMOBILIARIA,odima.pe,wordpress_sitemap_rest_html,phase5_wordpress_html_jsonld,description,2,2,100,66,0,0,0,0,0,100,enrichment_only,"Campo util para enriquecimiento, no necesariamente fuente primaria."
webs_propias_phase7_2026-06-14T20-43-50-127Z,ODIMA INMOBILIARIA,odima.pe,wordpress_sitemap_rest_html,phase5_wordpress_html_jsonld,amenities,2,2,100,33,0,0,0,0,0,100,enrichment_only,"Campo util para enriquecimiento, no necesariamente fuente primaria."
webs_propias_phase7_2026-06-14T20-43-50-127Z,ODIMA INMOBILIARIA,odima.pe,wordpress_sitemap_rest_html,phase5_wordpress_html_jsonld,contact_name,2,0,0,0,100,0,0,0,0,0,not_recommended,Campo no observado en la muestra Fase 5.
webs_propias_phase7_2026-06-14T20-43-50-127Z,ODIMA INMOBILIARIA,odima.pe,wordpress_sitemap_rest_html,phase5_wordpress_html_jsonld,contact_phone,2,2,100,66,0,0,0,0,0,100,enrichment_only,"Campo util para enriquecimiento, no necesariamente fuente primaria."
webs_propias_phase7_2026-06-14T20-43-50-127Z,ODIMA INMOBILIARIA,odima.pe,wordpress_sitemap_rest_html,phase5_wordpress_html_jsonld,whatsapp,2,2,100,66,0,0,0,0,0,100,enrichment_only,"Campo util para enriquecimiento, no necesariamente fuente primaria."
webs_propias_phase7_2026-06-14T20-43-50-127Z,ODIMA INMOBILIARIA,odima.pe,wordpress_sitemap_rest_html,phase5_wordpress_html_jsonld,email,2,2,100,66,0,0,0,0,0,100,enrichment_only,"Campo util para enriquecimiento, no necesariamente fuente primaria."
webs_propias_phase7_2026-06-14T20-43-50-127Z,ODIMA INMOBILIARIA,odima.pe,wordpress_sitemap_rest_html,phase5_wordpress_html_jsonld,financing_banks,2,0,0,0,100,0,0,0,0,0,not_recommended,Campo no observado en la muestra Fase 5.
webs_propias_phase7_2026-06-14T20-43-50-127Z,ODIMA INMOBILIARIA,odima.pe,wordpress_sitemap_rest_html,phase5_wordpress_html_jsonld,latitude,2,0,0,0,100,0,0,100,0,0,not_recommended,Campo no observado en la muestra Fase 5.
webs_propias_phase7_2026-06-14T20-43-50-127Z,ODIMA INMOBILIARIA,odima.pe,wordpress_sitemap_rest_html,phase5_wordpress_html_jsonld,longitude,2,0,0,0,100,0,0,100,0,0,not_recommended,Campo no observado en la muestra Fase 5.
webs_propias_phase7_2026-06-14T20-43-50-127Z,DALIA INMOBILIARIA,daliainmobiliaria.com,wordpress_sitemap_rest_html,phase5_wordpress_html_jsonld,source_url,2,2,100,100,0,0,0,0,0,100,primary_candidate,Campo critico con cobertura y evidencia suficientes en la muestra.
webs_propias_phase7_2026-06-14T20-43-50-127Z,DALIA INMOBILIARIA,daliainmobiliaria.com,wordpress_sitemap_rest_html,phase5_wordpress_html_jsonld,agency_name,2,2,100,100,0,0,0,0,0,100,primary_candidate,Campo critico con cobertura y evidencia suficientes en la muestra.
webs_propias_phase7_2026-06-14T20-43-50-127Z,DALIA INMOBILIARIA,daliainmobiliaria.com,wordpress_sitemap_rest_html,phase5_wordpress_html_jsonld,project_name,2,2,100,66,0,0,0,0,0,100,primary_candidate,Campo critico con cobertura y evidencia suficientes en la muestra.
webs_propias_phase7_2026-06-14T20-43-50-127Z,DALIA INMOBILIARIA,daliainmobiliaria.com,wordpress_sitemap_rest_html,phase5_wordpress_html_jsonld,district,2,2,100,66,0,0,0,0,0,100,primary_candidate,Campo critico con cobertura y evidencia suficientes en la muestra.
webs_propias_phase7_2026-06-14T20-43-50-127Z,DALIA INMOBILIARIA,daliainmobiliaria.com,wordpress_sitemap_rest_html,phase5_wordpress_html_jsonld,address,2,1,50,66,50,0,0,0,0,100,enrichment_only,"Campo util para enriquecimiento, no necesariamente fuente primaria."
webs_propias_phase7_2026-06-14T20-43-50-127Z,DALIA INMOBILIARIA,daliainmobiliaria.com,wordpress_sitemap_rest_html,phase5_wordpress_html_jsonld,typology,2,2,100,66,0,0,0,0,0,100,primary_candidate,Campo critico con cobertura y evidencia suficientes en la muestra.
webs_propias_phase7_2026-06-14T20-43-50-127Z,DALIA INMOBILIARIA,daliainmobiliaria.com,wordpress_sitemap_rest_html,phase5_wordpress_html_jsonld,bedrooms,2,0,0,0,100,0,0,0,0,0,not_recommended,Campo no observado en la muestra Fase 5.
webs_propias_phase7_2026-06-14T20-43-50-127Z,DALIA INMOBILIARIA,daliainmobiliaria.com,wordpress_sitemap_rest_html,phase5_wordpress_html_jsonld,total_area,2,0,0,0,100,0,0,0,0,0,not_recommended,Campo no observado en la muestra Fase 5.
webs_propias_phase7_2026-06-14T20-43-50-127Z,DALIA INMOBILIARIA,daliainmobiliaria.com,wordpress_sitemap_rest_html,phase5_wordpress_html_jsonld,unit_status,2,1,50,33,50,0,0,0,0,100,enrichment_only,"Campo util para enriquecimiento, no necesariamente fuente primaria."
webs_propias_phase7_2026-06-14T20-43-50-127Z,DALIA INMOBILIARIA,daliainmobiliaria.com,wordpress_sitemap_rest_html,phase5_wordpress_html_jsonld,unit_count,2,0,0,0,100,0,0,0,0,0,not_recommended,Campo no observado en la muestra Fase 5.
webs_propias_phase7_2026-06-14T20-43-50-127Z,DALIA INMOBILIARIA,daliainmobiliaria.com,wordpress_sitemap_rest_html,phase5_wordpress_html_jsonld,list_price_avg,2,0,0,0,100,0,0,0,0,0,not_recommended,Campo no observado en la muestra Fase 5.
webs_propias_phase7_2026-06-14T20-43-50-127Z,DALIA INMOBILIARIA,daliainmobiliaria.com,wordpress_sitemap_rest_html,phase5_wordpress_html_jsonld,currency,2,0,0,0,100,0,0,0,0,0,not_recommended,Campo no observado en la muestra Fase 5.
webs_propias_phase7_2026-06-14T20-43-50-127Z,DALIA INMOBILIARIA,daliainmobiliaria.com,wordpress_sitemap_rest_html,phase5_wordpress_html_jsonld,delivery_year,2,0,0,0,100,0,0,0,0,0,not_recommended,Campo no observado en la muestra Fase 5.
webs_propias_phase7_2026-06-14T20-43-50-127Z,DALIA INMOBILIARIA,daliainmobiliaria.com,wordpress_sitemap_rest_html,phase5_wordpress_html_jsonld,delivery_date,2,0,0,0,100,0,0,0,0,0,not_recommended,Campo no observado en la muestra Fase 5.
webs_propias_phase7_2026-06-14T20-43-50-127Z,DALIA INMOBILIARIA,daliainmobiliaria.com,wordpress_sitemap_rest_html,phase5_wordpress_html_jsonld,description,2,2,100,66,0,0,0,0,0,100,enrichment_only,"Campo util para enriquecimiento, no necesariamente fuente primaria."
webs_propias_phase7_2026-06-14T20-43-50-127Z,DALIA INMOBILIARIA,daliainmobiliaria.com,wordpress_sitemap_rest_html,phase5_wordpress_html_jsonld,amenities,2,1,50,33,50,0,0,0,0,100,enrichment_only,"Campo util para enriquecimiento, no necesariamente fuente primaria."
webs_propias_phase7_2026-06-14T20-43-50-127Z,DALIA INMOBILIARIA,daliainmobiliaria.com,wordpress_sitemap_rest_html,phase5_wordpress_html_jsonld,contact_name,2,0,0,0,100,0,0,0,0,0,not_recommended,Campo no observado en la muestra Fase 5.
webs_propias_phase7_2026-06-14T20-43-50-127Z,DALIA INMOBILIARIA,daliainmobiliaria.com,wordpress_sitemap_rest_html,phase5_wordpress_html_jsonld,contact_phone,2,2,100,66,0,0,0,0,0,100,enrichment_only,"Campo util para enriquecimiento, no necesariamente fuente primaria."
webs_propias_phase7_2026-06-14T20-43-50-127Z,DALIA INMOBILIARIA,daliainmobiliaria.com,wordpress_sitemap_rest_html,phase5_wordpress_html_jsonld,whatsapp,2,0,0,0,100,0,0,0,0,0,not_recommended,Campo no observado en la muestra Fase 5.
webs_propias_phase7_2026-06-14T20-43-50-127Z,DALIA INMOBILIARIA,daliainmobiliaria.com,wordpress_sitemap_rest_html,phase5_wordpress_html_jsonld,email,2,2,100,66,0,0,0,0,0,100,enrichment_only,"Campo util para enriquecimiento, no necesariamente fuente primaria."
webs_propias_phase7_2026-06-14T20-43-50-127Z,DALIA INMOBILIARIA,daliainmobiliaria.com,wordpress_sitemap_rest_html,phase5_wordpress_html_jsonld,financing_banks,2,0,0,0,100,0,0,0,0,0,not_recommended,Campo no observado en la muestra Fase 5.
webs_propias_phase7_2026-06-14T20-43-50-127Z,DALIA INMOBILIARIA,daliainmobiliaria.com,wordpress_sitemap_rest_html,phase5_wordpress_html_jsonld,latitude,2,0,0,0,100,0,0,0,0,0,not_recommended,Campo no observado en la muestra Fase 5.
webs_propias_phase7_2026-06-14T20-43-50-127Z,DALIA INMOBILIARIA,daliainmobiliaria.com,wordpress_sitemap_rest_html,phase5_wordpress_html_jsonld,longitude,2,0,0,0,100,0,0,0,0,0,not_recommended,Campo no observado en la muestra Fase 5.
webs_propias_phase7_2026-06-14T20-43-50-127Z,ROSIAM,rosiam.com,wordpress_sitemap_rest_html,phase5_wordpress_html_jsonld,source_url,2,2,100,100,0,0,0,0,0,100,primary_candidate,Campo critico con cobertura y evidencia suficientes en la muestra.
webs_propias_phase7_2026-06-14T20-43-50-127Z,ROSIAM,rosiam.com,wordpress_sitemap_rest_html,phase5_wordpress_html_jsonld,agency_name,2,2,100,100,0,0,0,0,0,100,primary_candidate,Campo critico con cobertura y evidencia suficientes en la muestra.
webs_propias_phase7_2026-06-14T20-43-50-127Z,ROSIAM,rosiam.com,wordpress_sitemap_rest_html,phase5_wordpress_html_jsonld,project_name,2,2,100,66,0,0,0,50,0,100,manual_review,Mismatch alto contra Nexo en registros comparables.
webs_propias_phase7_2026-06-14T20-43-50-127Z,ROSIAM,rosiam.com,wordpress_sitemap_rest_html,phase5_wordpress_html_jsonld,district,2,2,100,66,0,0,0,0,0,100,primary_candidate,Campo critico con cobertura y evidencia suficientes en la muestra.
webs_propias_phase7_2026-06-14T20-43-50-127Z,ROSIAM,rosiam.com,wordpress_sitemap_rest_html,phase5_wordpress_html_jsonld,address,2,2,100,66,0,0,0,50,0,100,manual_review,Mismatch alto contra Nexo en registros comparables.
webs_propias_phase7_2026-06-14T20-43-50-127Z,ROSIAM,rosiam.com,wordpress_sitemap_rest_html,phase5_wordpress_html_jsonld,typology,2,2,100,66,0,0,0,0,0,100,primary_candidate,Campo critico con cobertura y evidencia suficientes en la muestra.
webs_propias_phase7_2026-06-14T20-43-50-127Z,ROSIAM,rosiam.com,wordpress_sitemap_rest_html,phase5_wordpress_html_jsonld,bedrooms,2,0,0,0,100,0,0,0,0,0,not_recommended,Campo no observado en la muestra Fase 5.
webs_propias_phase7_2026-06-14T20-43-50-127Z,ROSIAM,rosiam.com,wordpress_sitemap_rest_html,phase5_wordpress_html_jsonld,total_area,2,2,100,66,0,0,0,0,0,100,primary_candidate,Campo critico con cobertura y evidencia suficientes en la muestra.
webs_propias_phase7_2026-06-14T20-43-50-127Z,ROSIAM,rosiam.com,wordpress_sitemap_rest_html,phase5_wordpress_html_jsonld,unit_status,2,2,100,33,0,0,0,0,0,100,primary_candidate,Campo critico con cobertura y evidencia suficientes en la muestra.
webs_propias_phase7_2026-06-14T20-43-50-127Z,ROSIAM,rosiam.com,wordpress_sitemap_rest_html,phase5_wordpress_html_jsonld,unit_count,2,0,0,0,100,0,0,0,0,0,not_recommended,Campo no observado en la muestra Fase 5.
webs_propias_phase7_2026-06-14T20-43-50-127Z,ROSIAM,rosiam.com,wordpress_sitemap_rest_html,phase5_wordpress_html_jsonld,list_price_avg,2,0,0,0,100,0,0,0,0,0,not_recommended,Campo no observado en la muestra Fase 5.
webs_propias_phase7_2026-06-14T20-43-50-127Z,ROSIAM,rosiam.com,wordpress_sitemap_rest_html,phase5_wordpress_html_jsonld,currency,2,0,0,0,100,0,0,0,0,0,not_recommended,Campo no observado en la muestra Fase 5.
webs_propias_phase7_2026-06-14T20-43-50-127Z,ROSIAM,rosiam.com,wordpress_sitemap_rest_html,phase5_wordpress_html_jsonld,delivery_year,2,0,0,0,100,0,0,0,0,0,not_recommended,Campo no observado en la muestra Fase 5.
webs_propias_phase7_2026-06-14T20-43-50-127Z,ROSIAM,rosiam.com,wordpress_sitemap_rest_html,phase5_wordpress_html_jsonld,delivery_date,2,0,0,0,100,0,0,0,0,0,not_recommended,Campo no observado en la muestra Fase 5.
webs_propias_phase7_2026-06-14T20-43-50-127Z,ROSIAM,rosiam.com,wordpress_sitemap_rest_html,phase5_wordpress_html_jsonld,description,2,0,0,0,100,0,0,0,0,0,not_recommended,Campo no observado en la muestra Fase 5.
webs_propias_phase7_2026-06-14T20-43-50-127Z,ROSIAM,rosiam.com,wordpress_sitemap_rest_html,phase5_wordpress_html_jsonld,amenities,2,2,100,33,0,0,0,0,0,100,enrichment_only,"Campo util para enriquecimiento, no necesariamente fuente primaria."
webs_propias_phase7_2026-06-14T20-43-50-127Z,ROSIAM,rosiam.com,wordpress_sitemap_rest_html,phase5_wordpress_html_jsonld,contact_name,2,0,0,0,100,0,0,0,0,0,not_recommended,Campo no observado en la muestra Fase 5.
webs_propias_phase7_2026-06-14T20-43-50-127Z,ROSIAM,rosiam.com,wordpress_sitemap_rest_html,phase5_wordpress_html_jsonld,contact_phone,2,2,100,66,0,0,0,0,0,100,enrichment_only,"Campo util para enriquecimiento, no necesariamente fuente primaria."
webs_propias_phase7_2026-06-14T20-43-50-127Z,ROSIAM,rosiam.com,wordpress_sitemap_rest_html,phase5_wordpress_html_jsonld,whatsapp,2,0,0,0,100,0,0,0,0,0,not_recommended,Campo no observado en la muestra Fase 5.
webs_propias_phase7_2026-06-14T20-43-50-127Z,ROSIAM,rosiam.com,wordpress_sitemap_rest_html,phase5_wordpress_html_jsonld,email,2,2,100,66,0,0,0,0,0,100,enrichment_only,"Campo util para enriquecimiento, no necesariamente fuente primaria."
webs_propias_phase7_2026-06-14T20-43-50-127Z,ROSIAM,rosiam.com,wordpress_sitemap_rest_html,phase5_wordpress_html_jsonld,financing_banks,2,0,0,0,100,0,0,0,0,0,not_recommended,Campo no observado en la muestra Fase 5.
webs_propias_phase7_2026-06-14T20-43-50-127Z,ROSIAM,rosiam.com,wordpress_sitemap_rest_html,phase5_wordpress_html_jsonld,latitude,2,0,0,0,100,0,0,100,0,0,not_recommended,Campo no observado en la muestra Fase 5.
webs_propias_phase7_2026-06-14T20-43-50-127Z,ROSIAM,rosiam.com,wordpress_sitemap_rest_html,phase5_wordpress_html_jsonld,longitude,2,0,0,0,100,0,0,100,0,0,not_recommended,Campo no observado en la muestra Fase 5.
webs_propias_phase7_2026-06-14T20-43-50-127Z,EFRON ARQUITECTOS,efronarq.com,embedded_json_html,phase5_embedded_json_html,source_url,2,2,100,100,0,0,0,0,0,100,primary_candidate,Campo critico con cobertura y evidencia suficientes en la muestra.
webs_propias_phase7_2026-06-14T20-43-50-127Z,EFRON ARQUITECTOS,efronarq.com,embedded_json_html,phase5_embedded_json_html,agency_name,2,2,100,100,0,0,0,0,0,100,primary_candidate,Campo critico con cobertura y evidencia suficientes en la muestra.
webs_propias_phase7_2026-06-14T20-43-50-127Z,EFRON ARQUITECTOS,efronarq.com,embedded_json_html,phase5_embedded_json_html,project_name,2,2,100,66,0,0,0,0,0,100,primary_candidate,Campo critico con cobertura y evidencia suficientes en la muestra.
webs_propias_phase7_2026-06-14T20-43-50-127Z,EFRON ARQUITECTOS,efronarq.com,embedded_json_html,phase5_embedded_json_html,district,2,2,100,66,0,0,0,100,0,100,manual_review,Mismatch alto contra Nexo en registros comparables.
webs_propias_phase7_2026-06-14T20-43-50-127Z,EFRON ARQUITECTOS,efronarq.com,embedded_json_html,phase5_embedded_json_html,address,2,2,100,66,0,0,0,0,0,100,primary_candidate,Campo critico con cobertura y evidencia suficientes en la muestra.
webs_propias_phase7_2026-06-14T20-43-50-127Z,EFRON ARQUITECTOS,efronarq.com,embedded_json_html,phase5_embedded_json_html,typology,2,2,100,66,0,0,0,0,0,100,primary_candidate,Campo critico con cobertura y evidencia suficientes en la muestra.
webs_propias_phase7_2026-06-14T20-43-50-127Z,EFRON ARQUITECTOS,efronarq.com,embedded_json_html,phase5_embedded_json_html,bedrooms,2,2,100,66,0,0,0,0,0,100,primary_candidate,Campo critico con cobertura y evidencia suficientes en la muestra.
webs_propias_phase7_2026-06-14T20-43-50-127Z,EFRON ARQUITECTOS,efronarq.com,embedded_json_html,phase5_embedded_json_html,total_area,2,1,50,66,50,0,0,0,0,100,enrichment_only,"Campo util para enriquecimiento, no necesariamente fuente primaria."
webs_propias_phase7_2026-06-14T20-43-50-127Z,EFRON ARQUITECTOS,efronarq.com,embedded_json_html,phase5_embedded_json_html,unit_status,2,0,0,0,100,0,0,0,0,0,not_recommended,Campo no observado en la muestra Fase 5.
webs_propias_phase7_2026-06-14T20-43-50-127Z,EFRON ARQUITECTOS,efronarq.com,embedded_json_html,phase5_embedded_json_html,unit_count,2,1,50,33,50,0,0,0,0,100,enrichment_only,"Campo util para enriquecimiento, no necesariamente fuente primaria."
webs_propias_phase7_2026-06-14T20-43-50-127Z,EFRON ARQUITECTOS,efronarq.com,embedded_json_html,phase5_embedded_json_html,list_price_avg,2,0,0,0,100,0,0,0,0,0,not_recommended,Campo no observado en la muestra Fase 5.
webs_propias_phase7_2026-06-14T20-43-50-127Z,EFRON ARQUITECTOS,efronarq.com,embedded_json_html,phase5_embedded_json_html,currency,2,0,0,0,100,0,0,0,0,0,not_recommended,Campo no observado en la muestra Fase 5.
webs_propias_phase7_2026-06-14T20-43-50-127Z,EFRON ARQUITECTOS,efronarq.com,embedded_json_html,phase5_embedded_json_html,delivery_year,2,0,0,0,100,0,0,0,0,0,not_recommended,Campo no observado en la muestra Fase 5.
webs_propias_phase7_2026-06-14T20-43-50-127Z,EFRON ARQUITECTOS,efronarq.com,embedded_json_html,phase5_embedded_json_html,delivery_date,2,0,0,0,100,0,0,0,0,0,not_recommended,Campo no observado en la muestra Fase 5.
webs_propias_phase7_2026-06-14T20-43-50-127Z,EFRON ARQUITECTOS,efronarq.com,embedded_json_html,phase5_embedded_json_html,description,2,2,100,66,0,0,0,0,0,100,enrichment_only,"Campo util para enriquecimiento, no necesariamente fuente primaria."
webs_propias_phase7_2026-06-14T20-43-50-127Z,EFRON ARQUITECTOS,efronarq.com,embedded_json_html,phase5_embedded_json_html,amenities,2,2,100,33,0,0,0,0,0,100,enrichment_only,"Campo util para enriquecimiento, no necesariamente fuente primaria."
webs_propias_phase7_2026-06-14T20-43-50-127Z,EFRON ARQUITECTOS,efronarq.com,embedded_json_html,phase5_embedded_json_html,contact_name,2,0,0,0,100,0,0,0,0,0,not_recommended,Campo no observado en la muestra Fase 5.
webs_propias_phase7_2026-06-14T20-43-50-127Z,EFRON ARQUITECTOS,efronarq.com,embedded_json_html,phase5_embedded_json_html,contact_phone,2,2,100,66,0,0,0,0,0,100,enrichment_only,"Campo util para enriquecimiento, no necesariamente fuente primaria."
webs_propias_phase7_2026-06-14T20-43-50-127Z,EFRON ARQUITECTOS,efronarq.com,embedded_json_html,phase5_embedded_json_html,whatsapp,2,2,100,66,0,0,0,0,0,100,enrichment_only,"Campo util para enriquecimiento, no necesariamente fuente primaria."
webs_propias_phase7_2026-06-14T20-43-50-127Z,EFRON ARQUITECTOS,efronarq.com,embedded_json_html,phase5_embedded_json_html,email,2,0,0,0,100,0,0,0,0,0,not_recommended,Campo no observado en la muestra Fase 5.
webs_propias_phase7_2026-06-14T20-43-50-127Z,EFRON ARQUITECTOS,efronarq.com,embedded_json_html,phase5_embedded_json_html,financing_banks,2,0,0,0,100,0,0,0,0,0,not_recommended,Campo no observado en la muestra Fase 5.
webs_propias_phase7_2026-06-14T20-43-50-127Z,EFRON ARQUITECTOS,efronarq.com,embedded_json_html,phase5_embedded_json_html,latitude,2,0,0,0,100,0,0,100,0,0,not_recommended,Campo no observado en la muestra Fase 5.
webs_propias_phase7_2026-06-14T20-43-50-127Z,EFRON ARQUITECTOS,efronarq.com,embedded_json_html,phase5_embedded_json_html,longitude,2,0,0,0,100,0,0,100,0,0,not_recommended,Campo no observado en la muestra Fase 5.
webs_propias_phase7_2026-06-14T20-43-50-127Z,VERDANT INMOBILIARIA,verdant.pe,wordpress_sitemap_rest_html,phase5_wordpress_html_jsonld,source_url,2,2,100,100,0,0,0,0,0,100,primary_candidate,Campo critico con cobertura y evidencia suficientes en la muestra.
webs_propias_phase7_2026-06-14T20-43-50-127Z,VERDANT INMOBILIARIA,verdant.pe,wordpress_sitemap_rest_html,phase5_wordpress_html_jsonld,agency_name,2,2,100,100,0,0,0,0,0,100,primary_candidate,Campo critico con cobertura y evidencia suficientes en la muestra.
webs_propias_phase7_2026-06-14T20-43-50-127Z,VERDANT INMOBILIARIA,verdant.pe,wordpress_sitemap_rest_html,phase5_wordpress_html_jsonld,project_name,2,2,100,66,0,0,0,0,0,100,primary_candidate,Campo critico con cobertura y evidencia suficientes en la muestra.
webs_propias_phase7_2026-06-14T20-43-50-127Z,VERDANT INMOBILIARIA,verdant.pe,wordpress_sitemap_rest_html,phase5_wordpress_html_jsonld,district,2,2,100,66,0,0,0,0,0,100,primary_candidate,Campo critico con cobertura y evidencia suficientes en la muestra.
webs_propias_phase7_2026-06-14T20-43-50-127Z,VERDANT INMOBILIARIA,verdant.pe,wordpress_sitemap_rest_html,phase5_wordpress_html_jsonld,address,2,2,100,66,0,0,0,0,0,100,primary_candidate,Campo critico con cobertura y evidencia suficientes en la muestra.
webs_propias_phase7_2026-06-14T20-43-50-127Z,VERDANT INMOBILIARIA,verdant.pe,wordpress_sitemap_rest_html,phase5_wordpress_html_jsonld,typology,2,2,100,66,0,0,0,0,0,100,primary_candidate,Campo critico con cobertura y evidencia suficientes en la muestra.
webs_propias_phase7_2026-06-14T20-43-50-127Z,VERDANT INMOBILIARIA,verdant.pe,wordpress_sitemap_rest_html,phase5_wordpress_html_jsonld,bedrooms,2,2,100,66,0,0,0,0,0,100,primary_candidate,Campo critico con cobertura y evidencia suficientes en la muestra.
webs_propias_phase7_2026-06-14T20-43-50-127Z,VERDANT INMOBILIARIA,verdant.pe,wordpress_sitemap_rest_html,phase5_wordpress_html_jsonld,total_area,2,1,50,66,50,0,0,0,0,100,enrichment_only,"Campo util para enriquecimiento, no necesariamente fuente primaria."
webs_propias_phase7_2026-06-14T20-43-50-127Z,VERDANT INMOBILIARIA,verdant.pe,wordpress_sitemap_rest_html,phase5_wordpress_html_jsonld,unit_status,2,2,100,33,0,0,0,0,0,100,primary_candidate,Campo critico con cobertura y evidencia suficientes en la muestra.
webs_propias_phase7_2026-06-14T20-43-50-127Z,VERDANT INMOBILIARIA,verdant.pe,wordpress_sitemap_rest_html,phase5_wordpress_html_jsonld,unit_count,2,0,0,0,100,0,0,0,0,0,not_recommended,Campo no observado en la muestra Fase 5.
webs_propias_phase7_2026-06-14T20-43-50-127Z,VERDANT INMOBILIARIA,verdant.pe,wordpress_sitemap_rest_html,phase5_wordpress_html_jsonld,list_price_avg,2,0,0,0,100,0,0,0,0,0,not_recommended,Campo no observado en la muestra Fase 5.
webs_propias_phase7_2026-06-14T20-43-50-127Z,VERDANT INMOBILIARIA,verdant.pe,wordpress_sitemap_rest_html,phase5_wordpress_html_jsonld,currency,2,0,0,0,100,0,0,0,0,0,not_recommended,Campo no observado en la muestra Fase 5.
webs_propias_phase7_2026-06-14T20-43-50-127Z,VERDANT INMOBILIARIA,verdant.pe,wordpress_sitemap_rest_html,phase5_wordpress_html_jsonld,delivery_year,2,2,100,66,0,0,0,0,0,100,primary_candidate,Campo critico con cobertura y evidencia suficientes en la muestra.
webs_propias_phase7_2026-06-14T20-43-50-127Z,VERDANT INMOBILIARIA,verdant.pe,wordpress_sitemap_rest_html,phase5_wordpress_html_jsonld,delivery_date,2,2,100,66,0,0,0,0,0,100,primary_candidate,Campo critico con cobertura y evidencia suficientes en la muestra.
webs_propias_phase7_2026-06-14T20-43-50-127Z,VERDANT INMOBILIARIA,verdant.pe,wordpress_sitemap_rest_html,phase5_wordpress_html_jsonld,description,2,2,100,66,0,0,0,0,0,100,enrichment_only,"Campo util para enriquecimiento, no necesariamente fuente primaria."
webs_propias_phase7_2026-06-14T20-43-50-127Z,VERDANT INMOBILIARIA,verdant.pe,wordpress_sitemap_rest_html,phase5_wordpress_html_jsonld,amenities,2,1,50,33,50,0,0,0,0,100,enrichment_only,"Campo util para enriquecimiento, no necesariamente fuente primaria."
webs_propias_phase7_2026-06-14T20-43-50-127Z,VERDANT INMOBILIARIA,verdant.pe,wordpress_sitemap_rest_html,phase5_wordpress_html_jsonld,contact_name,2,0,0,0,100,0,0,0,0,0,not_recommended,Campo no observado en la muestra Fase 5.
webs_propias_phase7_2026-06-14T20-43-50-127Z,VERDANT INMOBILIARIA,verdant.pe,wordpress_sitemap_rest_html,phase5_wordpress_html_jsonld,contact_phone,2,2,100,66,0,0,0,0,0,100,enrichment_only,"Campo util para enriquecimiento, no necesariamente fuente primaria."
webs_propias_phase7_2026-06-14T20-43-50-127Z,VERDANT INMOBILIARIA,verdant.pe,wordpress_sitemap_rest_html,phase5_wordpress_html_jsonld,whatsapp,2,0,0,0,100,0,0,0,0,0,not_recommended,Campo no observado en la muestra Fase 5.
webs_propias_phase7_2026-06-14T20-43-50-127Z,VERDANT INMOBILIARIA,verdant.pe,wordpress_sitemap_rest_html,phase5_wordpress_html_jsonld,email,2,0,0,0,100,0,0,0,0,0,not_recommended,Campo no observado en la muestra Fase 5.
webs_propias_phase7_2026-06-14T20-43-50-127Z,VERDANT INMOBILIARIA,verdant.pe,wordpress_sitemap_rest_html,phase5_wordpress_html_jsonld,financing_banks,2,0,0,0,100,0,0,0,0,0,not_recommended,Campo no observado en la muestra Fase 5.
webs_propias_phase7_2026-06-14T20-43-50-127Z,VERDANT INMOBILIARIA,verdant.pe,wordpress_sitemap_rest_html,phase5_wordpress_html_jsonld,latitude,2,0,0,0,100,0,0,0,0,0,not_recommended,Campo no observado en la muestra Fase 5.
webs_propias_phase7_2026-06-14T20-43-50-127Z,VERDANT INMOBILIARIA,verdant.pe,wordpress_sitemap_rest_html,phase5_wordpress_html_jsonld,longitude,2,0,0,0,100,0,0,0,0,0,not_recommended,Campo no observado en la muestra Fase 5.
webs_propias_phase7_2026-06-14T20-43-50-127Z,CASAIDEAL INMOBILIARIA,casaideal.com.pe,wordpress_sitemap_rest_html,phase5_wordpress_html_jsonld,source_url,1,1,100,100,0,0,0,0,0,100,primary_candidate,Campo critico con cobertura y evidencia suficientes en la muestra.
webs_propias_phase7_2026-06-14T20-43-50-127Z,CASAIDEAL INMOBILIARIA,casaideal.com.pe,wordpress_sitemap_rest_html,phase5_wordpress_html_jsonld,agency_name,1,1,100,100,0,0,0,0,0,100,primary_candidate,Campo critico con cobertura y evidencia suficientes en la muestra.
webs_propias_phase7_2026-06-14T20-43-50-127Z,CASAIDEAL INMOBILIARIA,casaideal.com.pe,wordpress_sitemap_rest_html,phase5_wordpress_html_jsonld,project_name,1,1,100,66,0,0,0,0,0,100,primary_candidate,Campo critico con cobertura y evidencia suficientes en la muestra.
webs_propias_phase7_2026-06-14T20-43-50-127Z,CASAIDEAL INMOBILIARIA,casaideal.com.pe,wordpress_sitemap_rest_html,phase5_wordpress_html_jsonld,district,1,1,100,66,0,0,0,100,0,100,manual_review,Mismatch alto contra Nexo en registros comparables.
webs_propias_phase7_2026-06-14T20-43-50-127Z,CASAIDEAL INMOBILIARIA,casaideal.com.pe,wordpress_sitemap_rest_html,phase5_wordpress_html_jsonld,address,1,1,100,66,0,0,0,0,0,100,primary_candidate,Campo critico con cobertura y evidencia suficientes en la muestra.
webs_propias_phase7_2026-06-14T20-43-50-127Z,CASAIDEAL INMOBILIARIA,casaideal.com.pe,wordpress_sitemap_rest_html,phase5_wordpress_html_jsonld,typology,1,1,100,66,0,0,0,0,0,100,primary_candidate,Campo critico con cobertura y evidencia suficientes en la muestra.
webs_propias_phase7_2026-06-14T20-43-50-127Z,CASAIDEAL INMOBILIARIA,casaideal.com.pe,wordpress_sitemap_rest_html,phase5_wordpress_html_jsonld,bedrooms,1,1,100,66,0,0,0,0,0,100,primary_candidate,Campo critico con cobertura y evidencia suficientes en la muestra.
webs_propias_phase7_2026-06-14T20-43-50-127Z,CASAIDEAL INMOBILIARIA,casaideal.com.pe,wordpress_sitemap_rest_html,phase5_wordpress_html_jsonld,total_area,1,1,100,66,0,0,0,0,0,100,primary_candidate,Campo critico con cobertura y evidencia suficientes en la muestra.
webs_propias_phase7_2026-06-14T20-43-50-127Z,CASAIDEAL INMOBILIARIA,casaideal.com.pe,wordpress_sitemap_rest_html,phase5_wordpress_html_jsonld,unit_status,1,1,100,33,0,0,0,0,0,100,primary_candidate,Campo critico con cobertura y evidencia suficientes en la muestra.
webs_propias_phase7_2026-06-14T20-43-50-127Z,CASAIDEAL INMOBILIARIA,casaideal.com.pe,wordpress_sitemap_rest_html,phase5_wordpress_html_jsonld,unit_count,1,0,0,0,100,0,0,0,0,0,not_recommended,Campo no observado en la muestra Fase 5.
webs_propias_phase7_2026-06-14T20-43-50-127Z,CASAIDEAL INMOBILIARIA,casaideal.com.pe,wordpress_sitemap_rest_html,phase5_wordpress_html_jsonld,list_price_avg,1,0,0,0,100,0,0,0,0,0,not_recommended,Campo no observado en la muestra Fase 5.
webs_propias_phase7_2026-06-14T20-43-50-127Z,CASAIDEAL INMOBILIARIA,casaideal.com.pe,wordpress_sitemap_rest_html,phase5_wordpress_html_jsonld,currency,1,0,0,0,100,0,0,0,0,0,not_recommended,Campo no observado en la muestra Fase 5.
webs_propias_phase7_2026-06-14T20-43-50-127Z,CASAIDEAL INMOBILIARIA,casaideal.com.pe,wordpress_sitemap_rest_html,phase5_wordpress_html_jsonld,delivery_year,1,0,0,0,100,0,0,0,0,0,not_recommended,Campo no observado en la muestra Fase 5.
webs_propias_phase7_2026-06-14T20-43-50-127Z,CASAIDEAL INMOBILIARIA,casaideal.com.pe,wordpress_sitemap_rest_html,phase5_wordpress_html_jsonld,delivery_date,1,0,0,0,100,0,0,0,0,0,not_recommended,Campo no observado en la muestra Fase 5.
webs_propias_phase7_2026-06-14T20-43-50-127Z,CASAIDEAL INMOBILIARIA,casaideal.com.pe,wordpress_sitemap_rest_html,phase5_wordpress_html_jsonld,description,1,1,100,66,0,0,0,0,0,100,enrichment_only,"Campo util para enriquecimiento, no necesariamente fuente primaria."
webs_propias_phase7_2026-06-14T20-43-50-127Z,CASAIDEAL INMOBILIARIA,casaideal.com.pe,wordpress_sitemap_rest_html,phase5_wordpress_html_jsonld,amenities,1,1,100,33,0,0,0,0,0,100,enrichment_only,"Campo util para enriquecimiento, no necesariamente fuente primaria."
webs_propias_phase7_2026-06-14T20-43-50-127Z,CASAIDEAL INMOBILIARIA,casaideal.com.pe,wordpress_sitemap_rest_html,phase5_wordpress_html_jsonld,contact_name,1,0,0,0,100,0,0,0,0,0,not_recommended,Campo no observado en la muestra Fase 5.
webs_propias_phase7_2026-06-14T20-43-50-127Z,CASAIDEAL INMOBILIARIA,casaideal.com.pe,wordpress_sitemap_rest_html,phase5_wordpress_html_jsonld,contact_phone,1,1,100,66,0,0,0,0,0,100,enrichment_only,"Campo util para enriquecimiento, no necesariamente fuente primaria."
webs_propias_phase7_2026-06-14T20-43-50-127Z,CASAIDEAL INMOBILIARIA,casaideal.com.pe,wordpress_sitemap_rest_html,phase5_wordpress_html_jsonld,whatsapp,1,1,100,66,0,0,0,0,0,100,enrichment_only,"Campo util para enriquecimiento, no necesariamente fuente primaria."
webs_propias_phase7_2026-06-14T20-43-50-127Z,CASAIDEAL INMOBILIARIA,casaideal.com.pe,wordpress_sitemap_rest_html,phase5_wordpress_html_jsonld,email,1,1,100,66,0,0,0,0,0,100,enrichment_only,"Campo util para enriquecimiento, no necesariamente fuente primaria."
webs_propias_phase7_2026-06-14T20-43-50-127Z,CASAIDEAL INMOBILIARIA,casaideal.com.pe,wordpress_sitemap_rest_html,phase5_wordpress_html_jsonld,financing_banks,1,0,0,0,100,0,0,0,0,0,not_recommended,Campo no observado en la muestra Fase 5.
webs_propias_phase7_2026-06-14T20-43-50-127Z,CASAIDEAL INMOBILIARIA,casaideal.com.pe,wordpress_sitemap_rest_html,phase5_wordpress_html_jsonld,latitude,1,0,0,0,100,0,0,100,0,0,not_recommended,Campo no observado en la muestra Fase 5.
webs_propias_phase7_2026-06-14T20-43-50-127Z,CASAIDEAL INMOBILIARIA,casaideal.com.pe,wordpress_sitemap_rest_html,phase5_wordpress_html_jsonld,longitude,1,0,0,0,100,0,0,100,0,0,not_recommended,Campo no observado en la muestra Fase 5.
webs_propias_phase7_2026-06-14T20-43-50-127Z,ELSVAN CONSTRUCCIONES INMOBILIARIAS,elsvan.pe,embedded_json_html,phase5_embedded_json_html,source_url,2,2,100,100,0,0,50,0,0,100,primary_candidate,Campo critico con cobertura y evidencia suficientes en la muestra.
webs_propias_phase7_2026-06-14T20-43-50-127Z,ELSVAN CONSTRUCCIONES INMOBILIARIAS,elsvan.pe,embedded_json_html,phase5_embedded_json_html,agency_name,2,2,100,100,0,0,50,0,0,100,primary_candidate,Campo critico con cobertura y evidencia suficientes en la muestra.
webs_propias_phase7_2026-06-14T20-43-50-127Z,ELSVAN CONSTRUCCIONES INMOBILIARIAS,elsvan.pe,embedded_json_html,phase5_embedded_json_html,project_name,2,2,100,66,0,0,50,0,0,100,primary_candidate,Campo critico con cobertura y evidencia suficientes en la muestra.
webs_propias_phase7_2026-06-14T20-43-50-127Z,ELSVAN CONSTRUCCIONES INMOBILIARIAS,elsvan.pe,embedded_json_html,phase5_embedded_json_html,district,2,2,100,66,0,0,50,0,0,100,primary_candidate,Campo critico con cobertura y evidencia suficientes en la muestra.
webs_propias_phase7_2026-06-14T20-43-50-127Z,ELSVAN CONSTRUCCIONES INMOBILIARIAS,elsvan.pe,embedded_json_html,phase5_embedded_json_html,address,2,2,100,66,0,0,50,0,0,100,primary_candidate,Campo critico con cobertura y evidencia suficientes en la muestra.
webs_propias_phase7_2026-06-14T20-43-50-127Z,ELSVAN CONSTRUCCIONES INMOBILIARIAS,elsvan.pe,embedded_json_html,phase5_embedded_json_html,typology,2,0,0,0,100,0,50,0,0,0,not_recommended,Campo no observado en la muestra Fase 5.
webs_propias_phase7_2026-06-14T20-43-50-127Z,ELSVAN CONSTRUCCIONES INMOBILIARIAS,elsvan.pe,embedded_json_html,phase5_embedded_json_html,bedrooms,2,0,0,0,100,0,50,0,0,0,not_recommended,Campo no observado en la muestra Fase 5.
webs_propias_phase7_2026-06-14T20-43-50-127Z,ELSVAN CONSTRUCCIONES INMOBILIARIAS,elsvan.pe,embedded_json_html,phase5_embedded_json_html,total_area,2,0,0,0,100,0,50,0,0,0,not_recommended,Campo no observado en la muestra Fase 5.
webs_propias_phase7_2026-06-14T20-43-50-127Z,ELSVAN CONSTRUCCIONES INMOBILIARIAS,elsvan.pe,embedded_json_html,phase5_embedded_json_html,unit_status,2,2,100,33,0,0,50,0,0,100,primary_candidate,Campo critico con cobertura y evidencia suficientes en la muestra.
webs_propias_phase7_2026-06-14T20-43-50-127Z,ELSVAN CONSTRUCCIONES INMOBILIARIAS,elsvan.pe,embedded_json_html,phase5_embedded_json_html,unit_count,2,0,0,0,100,0,50,0,0,0,not_recommended,Campo no observado en la muestra Fase 5.
webs_propias_phase7_2026-06-14T20-43-50-127Z,ELSVAN CONSTRUCCIONES INMOBILIARIAS,elsvan.pe,embedded_json_html,phase5_embedded_json_html,list_price_avg,2,0,0,0,100,0,50,0,0,0,not_recommended,Campo no observado en la muestra Fase 5.
webs_propias_phase7_2026-06-14T20-43-50-127Z,ELSVAN CONSTRUCCIONES INMOBILIARIAS,elsvan.pe,embedded_json_html,phase5_embedded_json_html,currency,2,0,0,0,100,0,50,0,0,0,not_recommended,Campo no observado en la muestra Fase 5.
webs_propias_phase7_2026-06-14T20-43-50-127Z,ELSVAN CONSTRUCCIONES INMOBILIARIAS,elsvan.pe,embedded_json_html,phase5_embedded_json_html,delivery_year,2,0,0,0,100,0,50,0,0,0,not_recommended,Campo no observado en la muestra Fase 5.
webs_propias_phase7_2026-06-14T20-43-50-127Z,ELSVAN CONSTRUCCIONES INMOBILIARIAS,elsvan.pe,embedded_json_html,phase5_embedded_json_html,delivery_date,2,0,0,0,100,0,50,0,0,0,not_recommended,Campo no observado en la muestra Fase 5.
webs_propias_phase7_2026-06-14T20-43-50-127Z,ELSVAN CONSTRUCCIONES INMOBILIARIAS,elsvan.pe,embedded_json_html,phase5_embedded_json_html,description,2,2,100,66,0,0,50,0,0,100,enrichment_only,"Campo util para enriquecimiento, no necesariamente fuente primaria."
webs_propias_phase7_2026-06-14T20-43-50-127Z,ELSVAN CONSTRUCCIONES INMOBILIARIAS,elsvan.pe,embedded_json_html,phase5_embedded_json_html,amenities,2,2,100,33,0,0,50,0,0,100,enrichment_only,"Campo util para enriquecimiento, no necesariamente fuente primaria."
webs_propias_phase7_2026-06-14T20-43-50-127Z,ELSVAN CONSTRUCCIONES INMOBILIARIAS,elsvan.pe,embedded_json_html,phase5_embedded_json_html,contact_name,2,0,0,0,100,0,50,0,0,0,not_recommended,Campo no observado en la muestra Fase 5.
webs_propias_phase7_2026-06-14T20-43-50-127Z,ELSVAN CONSTRUCCIONES INMOBILIARIAS,elsvan.pe,embedded_json_html,phase5_embedded_json_html,contact_phone,2,2,100,66,0,0,50,0,0,100,enrichment_only,"Campo util para enriquecimiento, no necesariamente fuente primaria."
webs_propias_phase7_2026-06-14T20-43-50-127Z,ELSVAN CONSTRUCCIONES INMOBILIARIAS,elsvan.pe,embedded_json_html,phase5_embedded_json_html,whatsapp,2,2,100,66,0,0,50,0,0,100,enrichment_only,"Campo util para enriquecimiento, no necesariamente fuente primaria."
webs_propias_phase7_2026-06-14T20-43-50-127Z,ELSVAN CONSTRUCCIONES INMOBILIARIAS,elsvan.pe,embedded_json_html,phase5_embedded_json_html,email,2,2,100,66,0,0,50,0,0,100,enrichment_only,"Campo util para enriquecimiento, no necesariamente fuente primaria."
webs_propias_phase7_2026-06-14T20-43-50-127Z,ELSVAN CONSTRUCCIONES INMOBILIARIAS,elsvan.pe,embedded_json_html,phase5_embedded_json_html,financing_banks,2,0,0,0,100,0,50,0,0,0,not_recommended,Campo no observado en la muestra Fase 5.
webs_propias_phase7_2026-06-14T20-43-50-127Z,ELSVAN CONSTRUCCIONES INMOBILIARIAS,elsvan.pe,embedded_json_html,phase5_embedded_json_html,latitude,2,0,0,0,100,0,50,0,0,0,not_recommended,Campo no observado en la muestra Fase 5.
webs_propias_phase7_2026-06-14T20-43-50-127Z,ELSVAN CONSTRUCCIONES INMOBILIARIAS,elsvan.pe,embedded_json_html,phase5_embedded_json_html,longitude,2,0,0,0,100,0,50,0,0,0,not_recommended,Campo no observado en la muestra Fase 5.
webs_propias_phase7_2026-06-14T20-43-50-127Z,Alegra Inmobiliaria,marverde.pe,wordpress_sitemap_rest_html,phase5_wordpress_html_jsonld,source_url,2,2,100,100,0,0,0,0,0,100,primary_candidate,Campo critico con cobertura y evidencia suficientes en la muestra.
webs_propias_phase7_2026-06-14T20-43-50-127Z,Alegra Inmobiliaria,marverde.pe,wordpress_sitemap_rest_html,phase5_wordpress_html_jsonld,agency_name,2,2,100,100,0,0,0,0,0,100,primary_candidate,Campo critico con cobertura y evidencia suficientes en la muestra.
webs_propias_phase7_2026-06-14T20-43-50-127Z,Alegra Inmobiliaria,marverde.pe,wordpress_sitemap_rest_html,phase5_wordpress_html_jsonld,project_name,2,2,100,66,0,0,0,0,0,100,primary_candidate,Campo critico con cobertura y evidencia suficientes en la muestra.
webs_propias_phase7_2026-06-14T20-43-50-127Z,Alegra Inmobiliaria,marverde.pe,wordpress_sitemap_rest_html,phase5_wordpress_html_jsonld,district,2,2,100,66,0,0,0,0,0,100,primary_candidate,Campo critico con cobertura y evidencia suficientes en la muestra.
webs_propias_phase7_2026-06-14T20-43-50-127Z,Alegra Inmobiliaria,marverde.pe,wordpress_sitemap_rest_html,phase5_wordpress_html_jsonld,address,2,2,100,66,0,0,0,0,0,100,primary_candidate,Campo critico con cobertura y evidencia suficientes en la muestra.
webs_propias_phase7_2026-06-14T20-43-50-127Z,Alegra Inmobiliaria,marverde.pe,wordpress_sitemap_rest_html,phase5_wordpress_html_jsonld,typology,2,2,100,66,0,0,0,0,0,100,primary_candidate,Campo critico con cobertura y evidencia suficientes en la muestra.
webs_propias_phase7_2026-06-14T20-43-50-127Z,Alegra Inmobiliaria,marverde.pe,wordpress_sitemap_rest_html,phase5_wordpress_html_jsonld,bedrooms,2,0,0,0,100,0,0,0,0,0,not_recommended,Campo no observado en la muestra Fase 5.
webs_propias_phase7_2026-06-14T20-43-50-127Z,Alegra Inmobiliaria,marverde.pe,wordpress_sitemap_rest_html,phase5_wordpress_html_jsonld,total_area,2,2,100,66,0,0,0,0,1,100,primary_candidate,Campo critico con cobertura y evidencia suficientes en la muestra.
webs_propias_phase7_2026-06-14T20-43-50-127Z,Alegra Inmobiliaria,marverde.pe,wordpress_sitemap_rest_html,phase5_wordpress_html_jsonld,unit_status,2,1,50,33,50,0,0,0,0,100,enrichment_only,"Campo util para enriquecimiento, no necesariamente fuente primaria."
webs_propias_phase7_2026-06-14T20-43-50-127Z,Alegra Inmobiliaria,marverde.pe,wordpress_sitemap_rest_html,phase5_wordpress_html_jsonld,unit_count,2,0,0,0,100,0,0,0,0,0,not_recommended,Campo no observado en la muestra Fase 5.
webs_propias_phase7_2026-06-14T20-43-50-127Z,Alegra Inmobiliaria,marverde.pe,wordpress_sitemap_rest_html,phase5_wordpress_html_jsonld,list_price_avg,2,0,0,0,100,0,0,0,0,0,not_recommended,Campo no observado en la muestra Fase 5.
webs_propias_phase7_2026-06-14T20-43-50-127Z,Alegra Inmobiliaria,marverde.pe,wordpress_sitemap_rest_html,phase5_wordpress_html_jsonld,currency,2,0,0,0,100,0,0,0,0,0,not_recommended,Campo no observado en la muestra Fase 5.
webs_propias_phase7_2026-06-14T20-43-50-127Z,Alegra Inmobiliaria,marverde.pe,wordpress_sitemap_rest_html,phase5_wordpress_html_jsonld,delivery_year,2,1,50,66,50,0,0,0,0,100,enrichment_only,"Campo util para enriquecimiento, no necesariamente fuente primaria."
webs_propias_phase7_2026-06-14T20-43-50-127Z,Alegra Inmobiliaria,marverde.pe,wordpress_sitemap_rest_html,phase5_wordpress_html_jsonld,delivery_date,2,1,50,66,50,0,0,0,0,100,enrichment_only,"Campo util para enriquecimiento, no necesariamente fuente primaria."
webs_propias_phase7_2026-06-14T20-43-50-127Z,Alegra Inmobiliaria,marverde.pe,wordpress_sitemap_rest_html,phase5_wordpress_html_jsonld,description,2,2,100,66,0,0,0,0,0,100,enrichment_only,"Campo util para enriquecimiento, no necesariamente fuente primaria."
webs_propias_phase7_2026-06-14T20-43-50-127Z,Alegra Inmobiliaria,marverde.pe,wordpress_sitemap_rest_html,phase5_wordpress_html_jsonld,amenities,2,0,0,0,100,0,0,0,0,0,not_recommended,Campo no observado en la muestra Fase 5.
webs_propias_phase7_2026-06-14T20-43-50-127Z,Alegra Inmobiliaria,marverde.pe,wordpress_sitemap_rest_html,phase5_wordpress_html_jsonld,contact_name,2,0,0,0,100,0,0,0,0,0,not_recommended,Campo no observado en la muestra Fase 5.
webs_propias_phase7_2026-06-14T20-43-50-127Z,Alegra Inmobiliaria,marverde.pe,wordpress_sitemap_rest_html,phase5_wordpress_html_jsonld,contact_phone,2,2,100,66,0,0,0,0,0,100,enrichment_only,"Campo util para enriquecimiento, no necesariamente fuente primaria."
webs_propias_phase7_2026-06-14T20-43-50-127Z,Alegra Inmobiliaria,marverde.pe,wordpress_sitemap_rest_html,phase5_wordpress_html_jsonld,whatsapp,2,0,0,0,100,0,0,0,0,0,not_recommended,Campo no observado en la muestra Fase 5.
webs_propias_phase7_2026-06-14T20-43-50-127Z,Alegra Inmobiliaria,marverde.pe,wordpress_sitemap_rest_html,phase5_wordpress_html_jsonld,email,2,2,100,66,0,0,0,0,0,100,enrichment_only,"Campo util para enriquecimiento, no necesariamente fuente primaria."
webs_propias_phase7_2026-06-14T20-43-50-127Z,Alegra Inmobiliaria,marverde.pe,wordpress_sitemap_rest_html,phase5_wordpress_html_jsonld,financing_banks,2,0,0,0,100,0,0,0,0,0,not_recommended,Campo no observado en la muestra Fase 5.
webs_propias_phase7_2026-06-14T20-43-50-127Z,Alegra Inmobiliaria,marverde.pe,wordpress_sitemap_rest_html,phase5_wordpress_html_jsonld,latitude,2,0,0,0,100,0,0,0,0,0,not_recommended,Campo no observado en la muestra Fase 5.
webs_propias_phase7_2026-06-14T20-43-50-127Z,Alegra Inmobiliaria,marverde.pe,wordpress_sitemap_rest_html,phase5_wordpress_html_jsonld,longitude,2,0,0,0,100,0,0,0,0,0,not_recommended,Campo no observado en la muestra Fase 5.
webs_propias_phase7_2026-06-14T20-43-50-127Z,ILUMINA INMOBILIARIA,ilumina.com.pe,wordpress_sitemap_rest_html,phase5_fetch_failed,source_url,2,2,100,100,0,100,0,0,0,100,not_recommended,Alta tasa de error de extraccion en la muestra.
webs_propias_phase7_2026-06-14T20-43-50-127Z,ILUMINA INMOBILIARIA,ilumina.com.pe,wordpress_sitemap_rest_html,phase5_fetch_failed,agency_name,2,2,100,100,0,100,0,0,0,100,not_recommended,Alta tasa de error de extraccion en la muestra.
webs_propias_phase7_2026-06-14T20-43-50-127Z,ILUMINA INMOBILIARIA,ilumina.com.pe,wordpress_sitemap_rest_html,phase5_fetch_failed,project_name,2,2,100,33,0,100,0,0,0,100,not_recommended,Alta tasa de error de extraccion en la muestra.
webs_propias_phase7_2026-06-14T20-43-50-127Z,ILUMINA INMOBILIARIA,ilumina.com.pe,wordpress_sitemap_rest_html,phase5_fetch_failed,district,2,0,0,0,100,100,0,0,0,0,not_recommended,Alta tasa de error de extraccion en la muestra.
webs_propias_phase7_2026-06-14T20-43-50-127Z,ILUMINA INMOBILIARIA,ilumina.com.pe,wordpress_sitemap_rest_html,phase5_fetch_failed,address,2,0,0,0,100,100,0,0,0,0,not_recommended,Alta tasa de error de extraccion en la muestra.
webs_propias_phase7_2026-06-14T20-43-50-127Z,ILUMINA INMOBILIARIA,ilumina.com.pe,wordpress_sitemap_rest_html,phase5_fetch_failed,typology,2,0,0,0,100,100,0,0,0,0,not_recommended,Alta tasa de error de extraccion en la muestra.
webs_propias_phase7_2026-06-14T20-43-50-127Z,ILUMINA INMOBILIARIA,ilumina.com.pe,wordpress_sitemap_rest_html,phase5_fetch_failed,bedrooms,2,0,0,0,100,100,0,0,0,0,not_recommended,Alta tasa de error de extraccion en la muestra.
webs_propias_phase7_2026-06-14T20-43-50-127Z,ILUMINA INMOBILIARIA,ilumina.com.pe,wordpress_sitemap_rest_html,phase5_fetch_failed,total_area,2,0,0,0,100,100,0,0,0,0,not_recommended,Alta tasa de error de extraccion en la muestra.
webs_propias_phase7_2026-06-14T20-43-50-127Z,ILUMINA INMOBILIARIA,ilumina.com.pe,wordpress_sitemap_rest_html,phase5_fetch_failed,unit_status,2,0,0,0,100,100,0,0,0,0,not_recommended,Alta tasa de error de extraccion en la muestra.
webs_propias_phase7_2026-06-14T20-43-50-127Z,ILUMINA INMOBILIARIA,ilumina.com.pe,wordpress_sitemap_rest_html,phase5_fetch_failed,unit_count,2,0,0,0,100,100,0,0,0,0,not_recommended,Alta tasa de error de extraccion en la muestra.
webs_propias_phase7_2026-06-14T20-43-50-127Z,ILUMINA INMOBILIARIA,ilumina.com.pe,wordpress_sitemap_rest_html,phase5_fetch_failed,list_price_avg,2,0,0,0,100,100,0,0,0,0,not_recommended,Alta tasa de error de extraccion en la muestra.
webs_propias_phase7_2026-06-14T20-43-50-127Z,ILUMINA INMOBILIARIA,ilumina.com.pe,wordpress_sitemap_rest_html,phase5_fetch_failed,currency,2,0,0,0,100,100,0,0,0,0,not_recommended,Alta tasa de error de extraccion en la muestra.
webs_propias_phase7_2026-06-14T20-43-50-127Z,ILUMINA INMOBILIARIA,ilumina.com.pe,wordpress_sitemap_rest_html,phase5_fetch_failed,delivery_year,2,0,0,0,100,100,0,0,0,0,not_recommended,Alta tasa de error de extraccion en la muestra.
webs_propias_phase7_2026-06-14T20-43-50-127Z,ILUMINA INMOBILIARIA,ilumina.com.pe,wordpress_sitemap_rest_html,phase5_fetch_failed,delivery_date,2,0,0,0,100,100,0,0,0,0,not_recommended,Alta tasa de error de extraccion en la muestra.
webs_propias_phase7_2026-06-14T20-43-50-127Z,ILUMINA INMOBILIARIA,ilumina.com.pe,wordpress_sitemap_rest_html,phase5_fetch_failed,description,2,0,0,0,100,100,0,0,0,0,not_recommended,Alta tasa de error de extraccion en la muestra.
webs_propias_phase7_2026-06-14T20-43-50-127Z,ILUMINA INMOBILIARIA,ilumina.com.pe,wordpress_sitemap_rest_html,phase5_fetch_failed,amenities,2,0,0,0,100,100,0,0,0,0,not_recommended,Alta tasa de error de extraccion en la muestra.
webs_propias_phase7_2026-06-14T20-43-50-127Z,ILUMINA INMOBILIARIA,ilumina.com.pe,wordpress_sitemap_rest_html,phase5_fetch_failed,contact_name,2,0,0,0,100,100,0,0,0,0,not_recommended,Alta tasa de error de extraccion en la muestra.
webs_propias_phase7_2026-06-14T20-43-50-127Z,ILUMINA INMOBILIARIA,ilumina.com.pe,wordpress_sitemap_rest_html,phase5_fetch_failed,contact_phone,2,0,0,0,100,100,0,0,0,0,not_recommended,Alta tasa de error de extraccion en la muestra.
webs_propias_phase7_2026-06-14T20-43-50-127Z,ILUMINA INMOBILIARIA,ilumina.com.pe,wordpress_sitemap_rest_html,phase5_fetch_failed,whatsapp,2,0,0,0,100,100,0,0,0,0,not_recommended,Alta tasa de error de extraccion en la muestra.
webs_propias_phase7_2026-06-14T20-43-50-127Z,ILUMINA INMOBILIARIA,ilumina.com.pe,wordpress_sitemap_rest_html,phase5_fetch_failed,email,2,0,0,0,100,100,0,0,0,0,not_recommended,Alta tasa de error de extraccion en la muestra.
webs_propias_phase7_2026-06-14T20-43-50-127Z,ILUMINA INMOBILIARIA,ilumina.com.pe,wordpress_sitemap_rest_html,phase5_fetch_failed,financing_banks,2,0,0,0,100,100,0,0,0,0,not_recommended,Alta tasa de error de extraccion en la muestra.
webs_propias_phase7_2026-06-14T20-43-50-127Z,ILUMINA INMOBILIARIA,ilumina.com.pe,wordpress_sitemap_rest_html,phase5_fetch_failed,latitude,2,0,0,0,100,100,0,0,0,0,not_recommended,Alta tasa de error de extraccion en la muestra.
webs_propias_phase7_2026-06-14T20-43-50-127Z,ILUMINA INMOBILIARIA,ilumina.com.pe,wordpress_sitemap_rest_html,phase5_fetch_failed,longitude,2,0,0,0,100,100,0,0,0,0,not_recommended,Alta tasa de error de extraccion en la muestra.
webs_propias_phase7_2026-06-14T20-43-50-127Z,VITTORIA INMOBILIARIA,vittoriainmobiliaria.com,wordpress_sitemap_rest_html,phase5_wordpress_html_jsonld,source_url,2,2,100,100,0,0,0,0,0,100,primary_candidate,Campo critico con cobertura y evidencia suficientes en la muestra.
webs_propias_phase7_2026-06-14T20-43-50-127Z,VITTORIA INMOBILIARIA,vittoriainmobiliaria.com,wordpress_sitemap_rest_html,phase5_wordpress_html_jsonld,agency_name,2,2,100,100,0,0,0,0,0,100,primary_candidate,Campo critico con cobertura y evidencia suficientes en la muestra.
webs_propias_phase7_2026-06-14T20-43-50-127Z,VITTORIA INMOBILIARIA,vittoriainmobiliaria.com,wordpress_sitemap_rest_html,phase5_wordpress_html_jsonld,project_name,2,2,100,66,0,0,0,100,0,100,manual_review,Mismatch alto contra Nexo en registros comparables.
webs_propias_phase7_2026-06-14T20-43-50-127Z,VITTORIA INMOBILIARIA,vittoriainmobiliaria.com,wordpress_sitemap_rest_html,phase5_wordpress_html_jsonld,district,2,2,100,66,0,0,0,0,0,100,primary_candidate,Campo critico con cobertura y evidencia suficientes en la muestra.
webs_propias_phase7_2026-06-14T20-43-50-127Z,VITTORIA INMOBILIARIA,vittoriainmobiliaria.com,wordpress_sitemap_rest_html,phase5_wordpress_html_jsonld,address,2,2,100,66,0,0,0,0,0,100,primary_candidate,Campo critico con cobertura y evidencia suficientes en la muestra.
webs_propias_phase7_2026-06-14T20-43-50-127Z,VITTORIA INMOBILIARIA,vittoriainmobiliaria.com,wordpress_sitemap_rest_html,phase5_wordpress_html_jsonld,typology,2,2,100,66,0,0,0,0,0,100,primary_candidate,Campo critico con cobertura y evidencia suficientes en la muestra.
webs_propias_phase7_2026-06-14T20-43-50-127Z,VITTORIA INMOBILIARIA,vittoriainmobiliaria.com,wordpress_sitemap_rest_html,phase5_wordpress_html_jsonld,bedrooms,2,2,100,66,0,0,0,0,0,100,primary_candidate,Campo critico con cobertura y evidencia suficientes en la muestra.
webs_propias_phase7_2026-06-14T20-43-50-127Z,VITTORIA INMOBILIARIA,vittoriainmobiliaria.com,wordpress_sitemap_rest_html,phase5_wordpress_html_jsonld,total_area,2,2,100,66,0,0,0,0,0,100,primary_candidate,Campo critico con cobertura y evidencia suficientes en la muestra.
webs_propias_phase7_2026-06-14T20-43-50-127Z,VITTORIA INMOBILIARIA,vittoriainmobiliaria.com,wordpress_sitemap_rest_html,phase5_wordpress_html_jsonld,unit_status,2,2,100,33,0,0,0,0,0,100,primary_candidate,Campo critico con cobertura y evidencia suficientes en la muestra.
webs_propias_phase7_2026-06-14T20-43-50-127Z,VITTORIA INMOBILIARIA,vittoriainmobiliaria.com,wordpress_sitemap_rest_html,phase5_wordpress_html_jsonld,unit_count,2,0,0,0,100,0,0,0,0,0,not_recommended,Campo no observado en la muestra Fase 5.
webs_propias_phase7_2026-06-14T20-43-50-127Z,VITTORIA INMOBILIARIA,vittoriainmobiliaria.com,wordpress_sitemap_rest_html,phase5_wordpress_html_jsonld,list_price_avg,2,0,0,0,100,0,0,0,0,0,not_recommended,Campo no observado en la muestra Fase 5.
webs_propias_phase7_2026-06-14T20-43-50-127Z,VITTORIA INMOBILIARIA,vittoriainmobiliaria.com,wordpress_sitemap_rest_html,phase5_wordpress_html_jsonld,currency,2,0,0,0,100,0,0,0,0,0,not_recommended,Campo no observado en la muestra Fase 5.
webs_propias_phase7_2026-06-14T20-43-50-127Z,VITTORIA INMOBILIARIA,vittoriainmobiliaria.com,wordpress_sitemap_rest_html,phase5_wordpress_html_jsonld,delivery_year,2,0,0,0,100,0,0,0,0,0,not_recommended,Campo no observado en la muestra Fase 5.
webs_propias_phase7_2026-06-14T20-43-50-127Z,VITTORIA INMOBILIARIA,vittoriainmobiliaria.com,wordpress_sitemap_rest_html,phase5_wordpress_html_jsonld,delivery_date,2,0,0,0,100,0,0,0,0,0,not_recommended,Campo no observado en la muestra Fase 5.
webs_propias_phase7_2026-06-14T20-43-50-127Z,VITTORIA INMOBILIARIA,vittoriainmobiliaria.com,wordpress_sitemap_rest_html,phase5_wordpress_html_jsonld,description,2,0,0,0,100,0,0,0,0,0,not_recommended,Campo no observado en la muestra Fase 5.
webs_propias_phase7_2026-06-14T20-43-50-127Z,VITTORIA INMOBILIARIA,vittoriainmobiliaria.com,wordpress_sitemap_rest_html,phase5_wordpress_html_jsonld,amenities,2,2,100,33,0,0,0,0,0,100,enrichment_only,"Campo util para enriquecimiento, no necesariamente fuente primaria."
webs_propias_phase7_2026-06-14T20-43-50-127Z,VITTORIA INMOBILIARIA,vittoriainmobiliaria.com,wordpress_sitemap_rest_html,phase5_wordpress_html_jsonld,contact_name,2,0,0,0,100,0,0,0,0,0,not_recommended,Campo no observado en la muestra Fase 5.
webs_propias_phase7_2026-06-14T20-43-50-127Z,VITTORIA INMOBILIARIA,vittoriainmobiliaria.com,wordpress_sitemap_rest_html,phase5_wordpress_html_jsonld,contact_phone,2,0,0,0,100,0,0,0,0,0,not_recommended,Campo no observado en la muestra Fase 5.
webs_propias_phase7_2026-06-14T20-43-50-127Z,VITTORIA INMOBILIARIA,vittoriainmobiliaria.com,wordpress_sitemap_rest_html,phase5_wordpress_html_jsonld,whatsapp,2,0,0,0,100,0,0,0,0,0,not_recommended,Campo no observado en la muestra Fase 5.
webs_propias_phase7_2026-06-14T20-43-50-127Z,VITTORIA INMOBILIARIA,vittoriainmobiliaria.com,wordpress_sitemap_rest_html,phase5_wordpress_html_jsonld,email,2,0,0,0,100,0,0,0,0,0,not_recommended,Campo no observado en la muestra Fase 5.
webs_propias_phase7_2026-06-14T20-43-50-127Z,VITTORIA INMOBILIARIA,vittoriainmobiliaria.com,wordpress_sitemap_rest_html,phase5_wordpress_html_jsonld,financing_banks,2,0,0,0,100,0,0,0,0,0,not_recommended,Campo no observado en la muestra Fase 5.
webs_propias_phase7_2026-06-14T20-43-50-127Z,VITTORIA INMOBILIARIA,vittoriainmobiliaria.com,wordpress_sitemap_rest_html,phase5_wordpress_html_jsonld,latitude,2,0,0,0,100,0,0,100,0,0,not_recommended,Campo no observado en la muestra Fase 5.
webs_propias_phase7_2026-06-14T20-43-50-127Z,VITTORIA INMOBILIARIA,vittoriainmobiliaria.com,wordpress_sitemap_rest_html,phase5_wordpress_html_jsonld,longitude,2,0,0,0,100,0,0,100,0,0,not_recommended,Campo no observado en la muestra Fase 5.
webs_propias_phase7_2026-06-14T20-43-50-127Z,ORIZZONTE GRUPO INMOBILIARIO,orizzonte.pe,static_html_sitemap,phase5_static_html_jsonld,source_url,2,2,100,100,0,0,50,0,0,100,primary_candidate,Campo critico con cobertura y evidencia suficientes en la muestra.
webs_propias_phase7_2026-06-14T20-43-50-127Z,ORIZZONTE GRUPO INMOBILIARIO,orizzonte.pe,static_html_sitemap,phase5_static_html_jsonld,agency_name,2,2,100,100,0,0,50,0,0,100,primary_candidate,Campo critico con cobertura y evidencia suficientes en la muestra.
webs_propias_phase7_2026-06-14T20-43-50-127Z,ORIZZONTE GRUPO INMOBILIARIO,orizzonte.pe,static_html_sitemap,phase5_static_html_jsonld,project_name,2,2,100,66,0,0,50,0,0,100,primary_candidate,Campo critico con cobertura y evidencia suficientes en la muestra.
webs_propias_phase7_2026-06-14T20-43-50-127Z,ORIZZONTE GRUPO INMOBILIARIO,orizzonte.pe,static_html_sitemap,phase5_static_html_jsonld,district,2,2,100,66,0,0,50,0,0,100,primary_candidate,Campo critico con cobertura y evidencia suficientes en la muestra.
webs_propias_phase7_2026-06-14T20-43-50-127Z,ORIZZONTE GRUPO INMOBILIARIO,orizzonte.pe,static_html_sitemap,phase5_static_html_jsonld,address,2,2,100,66,0,0,50,0,0,100,primary_candidate,Campo critico con cobertura y evidencia suficientes en la muestra.
webs_propias_phase7_2026-06-14T20-43-50-127Z,ORIZZONTE GRUPO INMOBILIARIO,orizzonte.pe,static_html_sitemap,phase5_static_html_jsonld,typology,2,2,100,66,0,0,50,0,0,100,primary_candidate,Campo critico con cobertura y evidencia suficientes en la muestra.
webs_propias_phase7_2026-06-14T20-43-50-127Z,ORIZZONTE GRUPO INMOBILIARIO,orizzonte.pe,static_html_sitemap,phase5_static_html_jsonld,bedrooms,2,0,0,0,100,0,50,0,0,0,not_recommended,Campo no observado en la muestra Fase 5.
webs_propias_phase7_2026-06-14T20-43-50-127Z,ORIZZONTE GRUPO INMOBILIARIO,orizzonte.pe,static_html_sitemap,phase5_static_html_jsonld,total_area,2,2,100,66,0,0,50,0,0,100,primary_candidate,Campo critico con cobertura y evidencia suficientes en la muestra.
webs_propias_phase7_2026-06-14T20-43-50-127Z,ORIZZONTE GRUPO INMOBILIARIO,orizzonte.pe,static_html_sitemap,phase5_static_html_jsonld,unit_status,2,2,100,33,0,0,50,0,0,100,primary_candidate,Campo critico con cobertura y evidencia suficientes en la muestra.
webs_propias_phase7_2026-06-14T20-43-50-127Z,ORIZZONTE GRUPO INMOBILIARIO,orizzonte.pe,static_html_sitemap,phase5_static_html_jsonld,unit_count,2,0,0,0,100,0,50,0,0,0,not_recommended,Campo no observado en la muestra Fase 5.
webs_propias_phase7_2026-06-14T20-43-50-127Z,ORIZZONTE GRUPO INMOBILIARIO,orizzonte.pe,static_html_sitemap,phase5_static_html_jsonld,list_price_avg,2,0,0,0,100,0,50,0,0,0,not_recommended,Campo no observado en la muestra Fase 5.
webs_propias_phase7_2026-06-14T20-43-50-127Z,ORIZZONTE GRUPO INMOBILIARIO,orizzonte.pe,static_html_sitemap,phase5_static_html_jsonld,currency,2,0,0,0,100,0,50,0,0,0,not_recommended,Campo no observado en la muestra Fase 5.
webs_propias_phase7_2026-06-14T20-43-50-127Z,ORIZZONTE GRUPO INMOBILIARIO,orizzonte.pe,static_html_sitemap,phase5_static_html_jsonld,delivery_year,2,0,0,0,100,0,50,0,0,0,not_recommended,Campo no observado en la muestra Fase 5.
webs_propias_phase7_2026-06-14T20-43-50-127Z,ORIZZONTE GRUPO INMOBILIARIO,orizzonte.pe,static_html_sitemap,phase5_static_html_jsonld,delivery_date,2,0,0,0,100,0,50,0,0,0,not_recommended,Campo no observado en la muestra Fase 5.
webs_propias_phase7_2026-06-14T20-43-50-127Z,ORIZZONTE GRUPO INMOBILIARIO,orizzonte.pe,static_html_sitemap,phase5_static_html_jsonld,description,2,0,0,0,100,0,50,0,0,0,not_recommended,Campo no observado en la muestra Fase 5.
webs_propias_phase7_2026-06-14T20-43-50-127Z,ORIZZONTE GRUPO INMOBILIARIO,orizzonte.pe,static_html_sitemap,phase5_static_html_jsonld,amenities,2,2,100,33,0,0,50,0,0,100,enrichment_only,"Campo util para enriquecimiento, no necesariamente fuente primaria."
webs_propias_phase7_2026-06-14T20-43-50-127Z,ORIZZONTE GRUPO INMOBILIARIO,orizzonte.pe,static_html_sitemap,phase5_static_html_jsonld,contact_name,2,0,0,0,100,0,50,0,0,0,not_recommended,Campo no observado en la muestra Fase 5.
webs_propias_phase7_2026-06-14T20-43-50-127Z,ORIZZONTE GRUPO INMOBILIARIO,orizzonte.pe,static_html_sitemap,phase5_static_html_jsonld,contact_phone,2,0,0,0,100,0,50,0,0,0,not_recommended,Campo no observado en la muestra Fase 5.
webs_propias_phase7_2026-06-14T20-43-50-127Z,ORIZZONTE GRUPO INMOBILIARIO,orizzonte.pe,static_html_sitemap,phase5_static_html_jsonld,whatsapp,2,2,100,66,0,0,50,0,0,100,enrichment_only,"Campo util para enriquecimiento, no necesariamente fuente primaria."
webs_propias_phase7_2026-06-14T20-43-50-127Z,ORIZZONTE GRUPO INMOBILIARIO,orizzonte.pe,static_html_sitemap,phase5_static_html_jsonld,email,2,0,0,0,100,0,50,0,0,0,not_recommended,Campo no observado en la muestra Fase 5.
webs_propias_phase7_2026-06-14T20-43-50-127Z,ORIZZONTE GRUPO INMOBILIARIO,orizzonte.pe,static_html_sitemap,phase5_static_html_jsonld,financing_banks,2,0,0,0,100,0,50,0,0,0,not_recommended,Campo no observado en la muestra Fase 5.
webs_propias_phase7_2026-06-14T20-43-50-127Z,ORIZZONTE GRUPO INMOBILIARIO,orizzonte.pe,static_html_sitemap,phase5_static_html_jsonld,latitude,2,0,0,0,100,0,50,0,0,0,not_recommended,Campo no observado en la muestra Fase 5.
webs_propias_phase7_2026-06-14T20-43-50-127Z,ORIZZONTE GRUPO INMOBILIARIO,orizzonte.pe,static_html_sitemap,phase5_static_html_jsonld,longitude,2,0,0,0,100,0,50,0,0,0,not_recommended,Campo no observado en la muestra Fase 5.
webs_propias_phase7_2026-06-14T20-43-50-127Z,CC17,cc17.pe,embedded_json_html,phase5_embedded_json_html,source_url,2,2,100,100,0,0,50,0,0,100,primary_candidate,Campo critico con cobertura y evidencia suficientes en la muestra.
webs_propias_phase7_2026-06-14T20-43-50-127Z,CC17,cc17.pe,embedded_json_html,phase5_embedded_json_html,agency_name,2,2,100,100,0,0,50,0,0,100,primary_candidate,Campo critico con cobertura y evidencia suficientes en la muestra.
webs_propias_phase7_2026-06-14T20-43-50-127Z,CC17,cc17.pe,embedded_json_html,phase5_embedded_json_html,project_name,2,2,100,66,0,0,50,0,0,100,primary_candidate,Campo critico con cobertura y evidencia suficientes en la muestra.
webs_propias_phase7_2026-06-14T20-43-50-127Z,CC17,cc17.pe,embedded_json_html,phase5_embedded_json_html,district,2,2,100,66,0,0,50,0,0,100,primary_candidate,Campo critico con cobertura y evidencia suficientes en la muestra.
webs_propias_phase7_2026-06-14T20-43-50-127Z,CC17,cc17.pe,embedded_json_html,phase5_embedded_json_html,address,2,2,100,66,0,0,50,0,0,100,primary_candidate,Campo critico con cobertura y evidencia suficientes en la muestra.
webs_propias_phase7_2026-06-14T20-43-50-127Z,CC17,cc17.pe,embedded_json_html,phase5_embedded_json_html,typology,2,2,100,66,0,0,50,0,0,100,primary_candidate,Campo critico con cobertura y evidencia suficientes en la muestra.
webs_propias_phase7_2026-06-14T20-43-50-127Z,CC17,cc17.pe,embedded_json_html,phase5_embedded_json_html,bedrooms,2,0,0,0,100,0,50,0,0,0,not_recommended,Campo no observado en la muestra Fase 5.
webs_propias_phase7_2026-06-14T20-43-50-127Z,CC17,cc17.pe,embedded_json_html,phase5_embedded_json_html,total_area,2,1,50,66,50,0,50,0,0,100,enrichment_only,"Campo util para enriquecimiento, no necesariamente fuente primaria."
webs_propias_phase7_2026-06-14T20-43-50-127Z,CC17,cc17.pe,embedded_json_html,phase5_embedded_json_html,unit_status,2,0,0,0,100,0,50,0,0,0,not_recommended,Campo no observado en la muestra Fase 5.
webs_propias_phase7_2026-06-14T20-43-50-127Z,CC17,cc17.pe,embedded_json_html,phase5_embedded_json_html,unit_count,2,0,0,0,100,0,50,0,0,0,not_recommended,Campo no observado en la muestra Fase 5.
webs_propias_phase7_2026-06-14T20-43-50-127Z,CC17,cc17.pe,embedded_json_html,phase5_embedded_json_html,list_price_avg,2,0,0,0,100,0,50,0,0,0,not_recommended,Campo no observado en la muestra Fase 5.
webs_propias_phase7_2026-06-14T20-43-50-127Z,CC17,cc17.pe,embedded_json_html,phase5_embedded_json_html,currency,2,0,0,0,100,0,50,0,0,0,not_recommended,Campo no observado en la muestra Fase 5.
webs_propias_phase7_2026-06-14T20-43-50-127Z,CC17,cc17.pe,embedded_json_html,phase5_embedded_json_html,delivery_year,2,0,0,0,100,0,50,0,0,0,not_recommended,Campo no observado en la muestra Fase 5.
webs_propias_phase7_2026-06-14T20-43-50-127Z,CC17,cc17.pe,embedded_json_html,phase5_embedded_json_html,delivery_date,2,0,0,0,100,0,50,0,0,0,not_recommended,Campo no observado en la muestra Fase 5.
webs_propias_phase7_2026-06-14T20-43-50-127Z,CC17,cc17.pe,embedded_json_html,phase5_embedded_json_html,description,2,2,100,66,0,0,50,0,0,100,enrichment_only,"Campo util para enriquecimiento, no necesariamente fuente primaria."
webs_propias_phase7_2026-06-14T20-43-50-127Z,CC17,cc17.pe,embedded_json_html,phase5_embedded_json_html,amenities,2,1,50,33,50,0,50,0,0,100,enrichment_only,"Campo util para enriquecimiento, no necesariamente fuente primaria."
webs_propias_phase7_2026-06-14T20-43-50-127Z,CC17,cc17.pe,embedded_json_html,phase5_embedded_json_html,contact_name,2,0,0,0,100,0,50,0,0,0,not_recommended,Campo no observado en la muestra Fase 5.
webs_propias_phase7_2026-06-14T20-43-50-127Z,CC17,cc17.pe,embedded_json_html,phase5_embedded_json_html,contact_phone,2,2,100,66,0,0,50,0,0,100,enrichment_only,"Campo util para enriquecimiento, no necesariamente fuente primaria."
webs_propias_phase7_2026-06-14T20-43-50-127Z,CC17,cc17.pe,embedded_json_html,phase5_embedded_json_html,whatsapp,2,2,100,66,0,0,50,0,0,100,enrichment_only,"Campo util para enriquecimiento, no necesariamente fuente primaria."
webs_propias_phase7_2026-06-14T20-43-50-127Z,CC17,cc17.pe,embedded_json_html,phase5_embedded_json_html,email,2,2,100,66,0,0,50,0,0,100,enrichment_only,"Campo util para enriquecimiento, no necesariamente fuente primaria."
webs_propias_phase7_2026-06-14T20-43-50-127Z,CC17,cc17.pe,embedded_json_html,phase5_embedded_json_html,financing_banks,2,0,0,0,100,0,50,0,0,0,not_recommended,Campo no observado en la muestra Fase 5.
webs_propias_phase7_2026-06-14T20-43-50-127Z,CC17,cc17.pe,embedded_json_html,phase5_embedded_json_html,latitude,2,0,0,0,100,0,50,0,0,0,not_recommended,Campo no observado en la muestra Fase 5.
webs_propias_phase7_2026-06-14T20-43-50-127Z,CC17,cc17.pe,embedded_json_html,phase5_embedded_json_html,longitude,2,0,0,0,100,0,50,0,0,0,not_recommended,Campo no observado en la muestra Fase 5.
webs_propias_phase7_2026-06-14T20-43-50-127Z,EUREKA,inmobiliariaeureka.com,wordpress_sitemap_rest_html,phase5_wordpress_html_jsonld,source_url,2,2,100,100,0,0,50,0,0,100,primary_candidate,Campo critico con cobertura y evidencia suficientes en la muestra.
webs_propias_phase7_2026-06-14T20-43-50-127Z,EUREKA,inmobiliariaeureka.com,wordpress_sitemap_rest_html,phase5_wordpress_html_jsonld,agency_name,2,2,100,100,0,0,50,0,0,100,primary_candidate,Campo critico con cobertura y evidencia suficientes en la muestra.
webs_propias_phase7_2026-06-14T20-43-50-127Z,EUREKA,inmobiliariaeureka.com,wordpress_sitemap_rest_html,phase5_wordpress_html_jsonld,project_name,2,2,100,66,0,0,50,100,0,100,manual_review,Mismatch alto contra Nexo en registros comparables.
webs_propias_phase7_2026-06-14T20-43-50-127Z,EUREKA,inmobiliariaeureka.com,wordpress_sitemap_rest_html,phase5_wordpress_html_jsonld,district,2,2,100,66,0,0,50,0,0,100,primary_candidate,Campo critico con cobertura y evidencia suficientes en la muestra.
webs_propias_phase7_2026-06-14T20-43-50-127Z,EUREKA,inmobiliariaeureka.com,wordpress_sitemap_rest_html,phase5_wordpress_html_jsonld,address,2,2,100,66,0,0,50,0,0,100,primary_candidate,Campo critico con cobertura y evidencia suficientes en la muestra.
webs_propias_phase7_2026-06-14T20-43-50-127Z,EUREKA,inmobiliariaeureka.com,wordpress_sitemap_rest_html,phase5_wordpress_html_jsonld,typology,2,2,100,66,0,0,50,0,0,100,primary_candidate,Campo critico con cobertura y evidencia suficientes en la muestra.
webs_propias_phase7_2026-06-14T20-43-50-127Z,EUREKA,inmobiliariaeureka.com,wordpress_sitemap_rest_html,phase5_wordpress_html_jsonld,bedrooms,2,0,0,0,100,0,50,0,0,0,not_recommended,Campo no observado en la muestra Fase 5.
webs_propias_phase7_2026-06-14T20-43-50-127Z,EUREKA,inmobiliariaeureka.com,wordpress_sitemap_rest_html,phase5_wordpress_html_jsonld,total_area,2,2,100,66,0,0,50,0,0,100,primary_candidate,Campo critico con cobertura y evidencia suficientes en la muestra.
webs_propias_phase7_2026-06-14T20-43-50-127Z,EUREKA,inmobiliariaeureka.com,wordpress_sitemap_rest_html,phase5_wordpress_html_jsonld,unit_status,2,2,100,33,0,0,50,0,0,100,primary_candidate,Campo critico con cobertura y evidencia suficientes en la muestra.
webs_propias_phase7_2026-06-14T20-43-50-127Z,EUREKA,inmobiliariaeureka.com,wordpress_sitemap_rest_html,phase5_wordpress_html_jsonld,unit_count,2,0,0,0,100,0,50,0,0,0,not_recommended,Campo no observado en la muestra Fase 5.
webs_propias_phase7_2026-06-14T20-43-50-127Z,EUREKA,inmobiliariaeureka.com,wordpress_sitemap_rest_html,phase5_wordpress_html_jsonld,list_price_avg,2,0,0,0,100,0,50,0,0,0,not_recommended,Campo no observado en la muestra Fase 5.
webs_propias_phase7_2026-06-14T20-43-50-127Z,EUREKA,inmobiliariaeureka.com,wordpress_sitemap_rest_html,phase5_wordpress_html_jsonld,currency,2,0,0,0,100,0,50,0,0,0,not_recommended,Campo no observado en la muestra Fase 5.
webs_propias_phase7_2026-06-14T20-43-50-127Z,EUREKA,inmobiliariaeureka.com,wordpress_sitemap_rest_html,phase5_wordpress_html_jsonld,delivery_year,2,0,0,0,100,0,50,0,0,0,not_recommended,Campo no observado en la muestra Fase 5.
webs_propias_phase7_2026-06-14T20-43-50-127Z,EUREKA,inmobiliariaeureka.com,wordpress_sitemap_rest_html,phase5_wordpress_html_jsonld,delivery_date,2,0,0,0,100,0,50,0,0,0,not_recommended,Campo no observado en la muestra Fase 5.
webs_propias_phase7_2026-06-14T20-43-50-127Z,EUREKA,inmobiliariaeureka.com,wordpress_sitemap_rest_html,phase5_wordpress_html_jsonld,description,2,2,100,66,0,0,50,0,0,100,enrichment_only,"Campo util para enriquecimiento, no necesariamente fuente primaria."
webs_propias_phase7_2026-06-14T20-43-50-127Z,EUREKA,inmobiliariaeureka.com,wordpress_sitemap_rest_html,phase5_wordpress_html_jsonld,amenities,2,2,100,33,0,0,50,0,0,100,enrichment_only,"Campo util para enriquecimiento, no necesariamente fuente primaria."
webs_propias_phase7_2026-06-14T20-43-50-127Z,EUREKA,inmobiliariaeureka.com,wordpress_sitemap_rest_html,phase5_wordpress_html_jsonld,contact_name,2,0,0,0,100,0,50,0,0,0,not_recommended,Campo no observado en la muestra Fase 5.
webs_propias_phase7_2026-06-14T20-43-50-127Z,EUREKA,inmobiliariaeureka.com,wordpress_sitemap_rest_html,phase5_wordpress_html_jsonld,contact_phone,2,2,100,66,0,0,50,0,0,100,enrichment_only,"Campo util para enriquecimiento, no necesariamente fuente primaria."
webs_propias_phase7_2026-06-14T20-43-50-127Z,EUREKA,inmobiliariaeureka.com,wordpress_sitemap_rest_html,phase5_wordpress_html_jsonld,whatsapp,2,2,100,66,0,0,50,0,0,100,enrichment_only,"Campo util para enriquecimiento, no necesariamente fuente primaria."
webs_propias_phase7_2026-06-14T20-43-50-127Z,EUREKA,inmobiliariaeureka.com,wordpress_sitemap_rest_html,phase5_wordpress_html_jsonld,email,2,2,100,66,0,0,50,0,0,100,enrichment_only,"Campo util para enriquecimiento, no necesariamente fuente primaria."
webs_propias_phase7_2026-06-14T20-43-50-127Z,EUREKA,inmobiliariaeureka.com,wordpress_sitemap_rest_html,phase5_wordpress_html_jsonld,financing_banks,2,2,100,33,0,0,50,0,0,100,enrichment_only,"Campo util para enriquecimiento, no necesariamente fuente primaria."
webs_propias_phase7_2026-06-14T20-43-50-127Z,EUREKA,inmobiliariaeureka.com,wordpress_sitemap_rest_html,phase5_wordpress_html_jsonld,latitude,2,0,0,0,100,0,50,100,0,0,not_recommended,Campo no observado en la muestra Fase 5.
webs_propias_phase7_2026-06-14T20-43-50-127Z,EUREKA,inmobiliariaeureka.com,wordpress_sitemap_rest_html,phase5_wordpress_html_jsonld,longitude,2,0,0,0,100,0,50,100,0,0,not_recommended,Campo no observado en la muestra Fase 5.
webs_propias_phase7_2026-06-14T20-43-50-127Z,PRAGA DESARROLLO INMOBILIARIO,pragadi.com.pe,embedded_json_html,phase5_embedded_json_html,source_url,2,2,100,100,0,0,0,0,0,100,primary_candidate,Campo critico con cobertura y evidencia suficientes en la muestra.
webs_propias_phase7_2026-06-14T20-43-50-127Z,PRAGA DESARROLLO INMOBILIARIO,pragadi.com.pe,embedded_json_html,phase5_embedded_json_html,agency_name,2,2,100,100,0,0,0,0,0,100,primary_candidate,Campo critico con cobertura y evidencia suficientes en la muestra.
webs_propias_phase7_2026-06-14T20-43-50-127Z,PRAGA DESARROLLO INMOBILIARIO,pragadi.com.pe,embedded_json_html,phase5_embedded_json_html,project_name,2,2,100,66,0,0,0,0,0,100,primary_candidate,Campo critico con cobertura y evidencia suficientes en la muestra.
webs_propias_phase7_2026-06-14T20-43-50-127Z,PRAGA DESARROLLO INMOBILIARIO,pragadi.com.pe,embedded_json_html,phase5_embedded_json_html,district,2,2,100,66,0,0,0,0,0,100,primary_candidate,Campo critico con cobertura y evidencia suficientes en la muestra.
webs_propias_phase7_2026-06-14T20-43-50-127Z,PRAGA DESARROLLO INMOBILIARIO,pragadi.com.pe,embedded_json_html,phase5_embedded_json_html,address,2,2,100,66,0,0,0,0,0,100,primary_candidate,Campo critico con cobertura y evidencia suficientes en la muestra.
webs_propias_phase7_2026-06-14T20-43-50-127Z,PRAGA DESARROLLO INMOBILIARIO,pragadi.com.pe,embedded_json_html,phase5_embedded_json_html,typology,2,2,100,66,0,0,0,0,0,100,primary_candidate,Campo critico con cobertura y evidencia suficientes en la muestra.
webs_propias_phase7_2026-06-14T20-43-50-127Z,PRAGA DESARROLLO INMOBILIARIO,pragadi.com.pe,embedded_json_html,phase5_embedded_json_html,bedrooms,2,2,100,66,0,0,0,0,0,100,primary_candidate,Campo critico con cobertura y evidencia suficientes en la muestra.
webs_propias_phase7_2026-06-14T20-43-50-127Z,PRAGA DESARROLLO INMOBILIARIO,pragadi.com.pe,embedded_json_html,phase5_embedded_json_html,total_area,2,2,100,66,0,0,0,0,0,100,primary_candidate,Campo critico con cobertura y evidencia suficientes en la muestra.
webs_propias_phase7_2026-06-14T20-43-50-127Z,PRAGA DESARROLLO INMOBILIARIO,pragadi.com.pe,embedded_json_html,phase5_embedded_json_html,unit_status,2,1,50,33,50,0,0,0,0,100,enrichment_only,"Campo util para enriquecimiento, no necesariamente fuente primaria."
webs_propias_phase7_2026-06-14T20-43-50-127Z,PRAGA DESARROLLO INMOBILIARIO,pragadi.com.pe,embedded_json_html,phase5_embedded_json_html,unit_count,2,0,0,0,100,0,0,0,0,0,not_recommended,Campo no observado en la muestra Fase 5.
webs_propias_phase7_2026-06-14T20-43-50-127Z,PRAGA DESARROLLO INMOBILIARIO,pragadi.com.pe,embedded_json_html,phase5_embedded_json_html,list_price_avg,2,0,0,0,100,0,0,0,0,0,not_recommended,Campo no observado en la muestra Fase 5.
webs_propias_phase7_2026-06-14T20-43-50-127Z,PRAGA DESARROLLO INMOBILIARIO,pragadi.com.pe,embedded_json_html,phase5_embedded_json_html,currency,2,0,0,0,100,0,0,0,0,0,not_recommended,Campo no observado en la muestra Fase 5.
webs_propias_phase7_2026-06-14T20-43-50-127Z,PRAGA DESARROLLO INMOBILIARIO,pragadi.com.pe,embedded_json_html,phase5_embedded_json_html,delivery_year,2,0,0,0,100,0,0,0,0,0,not_recommended,Campo no observado en la muestra Fase 5.
webs_propias_phase7_2026-06-14T20-43-50-127Z,PRAGA DESARROLLO INMOBILIARIO,pragadi.com.pe,embedded_json_html,phase5_embedded_json_html,delivery_date,2,0,0,0,100,0,0,0,0,0,not_recommended,Campo no observado en la muestra Fase 5.
webs_propias_phase7_2026-06-14T20-43-50-127Z,PRAGA DESARROLLO INMOBILIARIO,pragadi.com.pe,embedded_json_html,phase5_embedded_json_html,description,2,0,0,0,100,0,0,0,0,0,not_recommended,Campo no observado en la muestra Fase 5.
webs_propias_phase7_2026-06-14T20-43-50-127Z,PRAGA DESARROLLO INMOBILIARIO,pragadi.com.pe,embedded_json_html,phase5_embedded_json_html,amenities,2,2,100,33,0,0,0,0,0,100,enrichment_only,"Campo util para enriquecimiento, no necesariamente fuente primaria."
webs_propias_phase7_2026-06-14T20-43-50-127Z,PRAGA DESARROLLO INMOBILIARIO,pragadi.com.pe,embedded_json_html,phase5_embedded_json_html,contact_name,2,0,0,0,100,0,0,0,0,0,not_recommended,Campo no observado en la muestra Fase 5.
webs_propias_phase7_2026-06-14T20-43-50-127Z,PRAGA DESARROLLO INMOBILIARIO,pragadi.com.pe,embedded_json_html,phase5_embedded_json_html,contact_phone,2,2,100,66,0,0,0,0,0,100,enrichment_only,"Campo util para enriquecimiento, no necesariamente fuente primaria."
webs_propias_phase7_2026-06-14T20-43-50-127Z,PRAGA DESARROLLO INMOBILIARIO,pragadi.com.pe,embedded_json_html,phase5_embedded_json_html,whatsapp,2,0,0,0,100,0,0,0,0,0,not_recommended,Campo no observado en la muestra Fase 5.
webs_propias_phase7_2026-06-14T20-43-50-127Z,PRAGA DESARROLLO INMOBILIARIO,pragadi.com.pe,embedded_json_html,phase5_embedded_json_html,email,2,2,100,66,0,0,0,0,0,100,enrichment_only,"Campo util para enriquecimiento, no necesariamente fuente primaria."
webs_propias_phase7_2026-06-14T20-43-50-127Z,PRAGA DESARROLLO INMOBILIARIO,pragadi.com.pe,embedded_json_html,phase5_embedded_json_html,financing_banks,2,0,0,0,100,0,0,0,0,0,not_recommended,Campo no observado en la muestra Fase 5.
webs_propias_phase7_2026-06-14T20-43-50-127Z,PRAGA DESARROLLO INMOBILIARIO,pragadi.com.pe,embedded_json_html,phase5_embedded_json_html,latitude,2,0,0,0,100,0,0,100,0,0,not_recommended,Campo no observado en la muestra Fase 5.
webs_propias_phase7_2026-06-14T20-43-50-127Z,PRAGA DESARROLLO INMOBILIARIO,pragadi.com.pe,embedded_json_html,phase5_embedded_json_html,longitude,2,0,0,0,100,0,0,100,0,0,not_recommended,Campo no observado en la muestra Fase 5.
webs_propias_phase7_2026-06-14T20-43-50-127Z,CASA BONITA,casabonita.com.pe,wordpress_sitemap_rest_html,phase5_wordpress_html_jsonld,source_url,2,2,100,100,0,0,0,0,0,100,primary_candidate,Campo critico con cobertura y evidencia suficientes en la muestra.
webs_propias_phase7_2026-06-14T20-43-50-127Z,CASA BONITA,casabonita.com.pe,wordpress_sitemap_rest_html,phase5_wordpress_html_jsonld,agency_name,2,2,100,100,0,0,0,0,0,100,primary_candidate,Campo critico con cobertura y evidencia suficientes en la muestra.
webs_propias_phase7_2026-06-14T20-43-50-127Z,CASA BONITA,casabonita.com.pe,wordpress_sitemap_rest_html,phase5_wordpress_html_jsonld,project_name,2,2,100,66,0,0,0,0,0,100,primary_candidate,Campo critico con cobertura y evidencia suficientes en la muestra.
webs_propias_phase7_2026-06-14T20-43-50-127Z,CASA BONITA,casabonita.com.pe,wordpress_sitemap_rest_html,phase5_wordpress_html_jsonld,district,2,2,100,66,0,0,0,0,0,100,primary_candidate,Campo critico con cobertura y evidencia suficientes en la muestra.
webs_propias_phase7_2026-06-14T20-43-50-127Z,CASA BONITA,casabonita.com.pe,wordpress_sitemap_rest_html,phase5_wordpress_html_jsonld,address,2,2,100,66,0,0,0,0,0,100,primary_candidate,Campo critico con cobertura y evidencia suficientes en la muestra.
webs_propias_phase7_2026-06-14T20-43-50-127Z,CASA BONITA,casabonita.com.pe,wordpress_sitemap_rest_html,phase5_wordpress_html_jsonld,typology,2,2,100,66,0,0,0,0,0,100,primary_candidate,Campo critico con cobertura y evidencia suficientes en la muestra.
webs_propias_phase7_2026-06-14T20-43-50-127Z,CASA BONITA,casabonita.com.pe,wordpress_sitemap_rest_html,phase5_wordpress_html_jsonld,bedrooms,2,0,0,0,100,0,0,0,0,0,not_recommended,Campo no observado en la muestra Fase 5.
webs_propias_phase7_2026-06-14T20-43-50-127Z,CASA BONITA,casabonita.com.pe,wordpress_sitemap_rest_html,phase5_wordpress_html_jsonld,total_area,2,0,0,0,100,0,0,0,0,0,not_recommended,Campo no observado en la muestra Fase 5.
webs_propias_phase7_2026-06-14T20-43-50-127Z,CASA BONITA,casabonita.com.pe,wordpress_sitemap_rest_html,phase5_wordpress_html_jsonld,unit_status,2,0,0,0,100,0,0,0,0,0,not_recommended,Campo no observado en la muestra Fase 5.
webs_propias_phase7_2026-06-14T20-43-50-127Z,CASA BONITA,casabonita.com.pe,wordpress_sitemap_rest_html,phase5_wordpress_html_jsonld,unit_count,2,0,0,0,100,0,0,0,0,0,not_recommended,Campo no observado en la muestra Fase 5.
webs_propias_phase7_2026-06-14T20-43-50-127Z,CASA BONITA,casabonita.com.pe,wordpress_sitemap_rest_html,phase5_wordpress_html_jsonld,list_price_avg,2,0,0,0,100,0,0,0,0,0,not_recommended,Campo no observado en la muestra Fase 5.
webs_propias_phase7_2026-06-14T20-43-50-127Z,CASA BONITA,casabonita.com.pe,wordpress_sitemap_rest_html,phase5_wordpress_html_jsonld,currency,2,0,0,0,100,0,0,0,0,0,not_recommended,Campo no observado en la muestra Fase 5.
webs_propias_phase7_2026-06-14T20-43-50-127Z,CASA BONITA,casabonita.com.pe,wordpress_sitemap_rest_html,phase5_wordpress_html_jsonld,delivery_year,2,0,0,0,100,0,0,0,0,0,not_recommended,Campo no observado en la muestra Fase 5.
webs_propias_phase7_2026-06-14T20-43-50-127Z,CASA BONITA,casabonita.com.pe,wordpress_sitemap_rest_html,phase5_wordpress_html_jsonld,delivery_date,2,0,0,0,100,0,0,0,0,0,not_recommended,Campo no observado en la muestra Fase 5.
webs_propias_phase7_2026-06-14T20-43-50-127Z,CASA BONITA,casabonita.com.pe,wordpress_sitemap_rest_html,phase5_wordpress_html_jsonld,description,2,1,50,66,50,0,0,0,0,100,enrichment_only,"Campo util para enriquecimiento, no necesariamente fuente primaria."
webs_propias_phase7_2026-06-14T20-43-50-127Z,CASA BONITA,casabonita.com.pe,wordpress_sitemap_rest_html,phase5_wordpress_html_jsonld,amenities,2,2,100,33,0,0,0,0,0,100,enrichment_only,"Campo util para enriquecimiento, no necesariamente fuente primaria."
webs_propias_phase7_2026-06-14T20-43-50-127Z,CASA BONITA,casabonita.com.pe,wordpress_sitemap_rest_html,phase5_wordpress_html_jsonld,contact_name,2,0,0,0,100,0,0,0,0,0,not_recommended,Campo no observado en la muestra Fase 5.
webs_propias_phase7_2026-06-14T20-43-50-127Z,CASA BONITA,casabonita.com.pe,wordpress_sitemap_rest_html,phase5_wordpress_html_jsonld,contact_phone,2,2,100,66,0,0,0,0,0,100,enrichment_only,"Campo util para enriquecimiento, no necesariamente fuente primaria."
webs_propias_phase7_2026-06-14T20-43-50-127Z,CASA BONITA,casabonita.com.pe,wordpress_sitemap_rest_html,phase5_wordpress_html_jsonld,whatsapp,2,0,0,0,100,0,0,0,0,0,not_recommended,Campo no observado en la muestra Fase 5.
webs_propias_phase7_2026-06-14T20-43-50-127Z,CASA BONITA,casabonita.com.pe,wordpress_sitemap_rest_html,phase5_wordpress_html_jsonld,email,2,2,100,66,0,0,0,0,0,100,enrichment_only,"Campo util para enriquecimiento, no necesariamente fuente primaria."
webs_propias_phase7_2026-06-14T20-43-50-127Z,CASA BONITA,casabonita.com.pe,wordpress_sitemap_rest_html,phase5_wordpress_html_jsonld,financing_banks,2,0,0,0,100,0,0,0,0,0,not_recommended,Campo no observado en la muestra Fase 5.
webs_propias_phase7_2026-06-14T20-43-50-127Z,CASA BONITA,casabonita.com.pe,wordpress_sitemap_rest_html,phase5_wordpress_html_jsonld,latitude,2,0,0,0,100,0,0,0,0,0,not_recommended,Campo no observado en la muestra Fase 5.
webs_propias_phase7_2026-06-14T20-43-50-127Z,CASA BONITA,casabonita.com.pe,wordpress_sitemap_rest_html,phase5_wordpress_html_jsonld,longitude,2,0,0,0,100,0,0,0,0,0,not_recommended,Campo no observado en la muestra Fase 5.
webs_propias_phase7_2026-06-14T20-43-50-127Z,MYE GRUPO INMOBILIARIO,myegrupoinmobiliario.com,wordpress_sitemap_rest_html,phase5_wordpress_html_jsonld,source_url,2,2,100,100,0,0,0,0,0,100,primary_candidate,Campo critico con cobertura y evidencia suficientes en la muestra.
webs_propias_phase7_2026-06-14T20-43-50-127Z,MYE GRUPO INMOBILIARIO,myegrupoinmobiliario.com,wordpress_sitemap_rest_html,phase5_wordpress_html_jsonld,agency_name,2,2,100,100,0,0,0,0,0,100,primary_candidate,Campo critico con cobertura y evidencia suficientes en la muestra.
webs_propias_phase7_2026-06-14T20-43-50-127Z,MYE GRUPO INMOBILIARIO,myegrupoinmobiliario.com,wordpress_sitemap_rest_html,phase5_wordpress_html_jsonld,project_name,2,2,100,66,0,0,0,50,0,100,manual_review,Mismatch alto contra Nexo en registros comparables.
webs_propias_phase7_2026-06-14T20-43-50-127Z,MYE GRUPO INMOBILIARIO,myegrupoinmobiliario.com,wordpress_sitemap_rest_html,phase5_wordpress_html_jsonld,district,2,2,100,66,0,0,0,0,0,100,primary_candidate,Campo critico con cobertura y evidencia suficientes en la muestra.
webs_propias_phase7_2026-06-14T20-43-50-127Z,MYE GRUPO INMOBILIARIO,myegrupoinmobiliario.com,wordpress_sitemap_rest_html,phase5_wordpress_html_jsonld,address,2,2,100,66,0,0,0,50,0,100,manual_review,Mismatch alto contra Nexo en registros comparables.
webs_propias_phase7_2026-06-14T20-43-50-127Z,MYE GRUPO INMOBILIARIO,myegrupoinmobiliario.com,wordpress_sitemap_rest_html,phase5_wordpress_html_jsonld,typology,2,2,100,66,0,0,0,0,0,100,primary_candidate,Campo critico con cobertura y evidencia suficientes en la muestra.
webs_propias_phase7_2026-06-14T20-43-50-127Z,MYE GRUPO INMOBILIARIO,myegrupoinmobiliario.com,wordpress_sitemap_rest_html,phase5_wordpress_html_jsonld,bedrooms,2,2,100,66,0,0,0,0,0,100,primary_candidate,Campo critico con cobertura y evidencia suficientes en la muestra.
webs_propias_phase7_2026-06-14T20-43-50-127Z,MYE GRUPO INMOBILIARIO,myegrupoinmobiliario.com,wordpress_sitemap_rest_html,phase5_wordpress_html_jsonld,total_area,2,1,50,66,50,0,0,0,0,100,enrichment_only,"Campo util para enriquecimiento, no necesariamente fuente primaria."
webs_propias_phase7_2026-06-14T20-43-50-127Z,MYE GRUPO INMOBILIARIO,myegrupoinmobiliario.com,wordpress_sitemap_rest_html,phase5_wordpress_html_jsonld,unit_status,2,1,50,33,50,0,0,0,0,100,enrichment_only,"Campo util para enriquecimiento, no necesariamente fuente primaria."
webs_propias_phase7_2026-06-14T20-43-50-127Z,MYE GRUPO INMOBILIARIO,myegrupoinmobiliario.com,wordpress_sitemap_rest_html,phase5_wordpress_html_jsonld,unit_count,2,0,0,0,100,0,0,0,0,0,not_recommended,Campo no observado en la muestra Fase 5.
webs_propias_phase7_2026-06-14T20-43-50-127Z,MYE GRUPO INMOBILIARIO,myegrupoinmobiliario.com,wordpress_sitemap_rest_html,phase5_wordpress_html_jsonld,list_price_avg,2,0,0,0,100,0,0,0,0,0,not_recommended,Campo no observado en la muestra Fase 5.
webs_propias_phase7_2026-06-14T20-43-50-127Z,MYE GRUPO INMOBILIARIO,myegrupoinmobiliario.com,wordpress_sitemap_rest_html,phase5_wordpress_html_jsonld,currency,2,0,0,0,100,0,0,0,0,0,not_recommended,Campo no observado en la muestra Fase 5.
webs_propias_phase7_2026-06-14T20-43-50-127Z,MYE GRUPO INMOBILIARIO,myegrupoinmobiliario.com,wordpress_sitemap_rest_html,phase5_wordpress_html_jsonld,delivery_year,2,0,0,0,100,0,0,0,0,0,not_recommended,Campo no observado en la muestra Fase 5.
webs_propias_phase7_2026-06-14T20-43-50-127Z,MYE GRUPO INMOBILIARIO,myegrupoinmobiliario.com,wordpress_sitemap_rest_html,phase5_wordpress_html_jsonld,delivery_date,2,0,0,0,100,0,0,0,0,0,not_recommended,Campo no observado en la muestra Fase 5.
webs_propias_phase7_2026-06-14T20-43-50-127Z,MYE GRUPO INMOBILIARIO,myegrupoinmobiliario.com,wordpress_sitemap_rest_html,phase5_wordpress_html_jsonld,description,2,0,0,0,100,0,0,0,0,0,not_recommended,Campo no observado en la muestra Fase 5.
webs_propias_phase7_2026-06-14T20-43-50-127Z,MYE GRUPO INMOBILIARIO,myegrupoinmobiliario.com,wordpress_sitemap_rest_html,phase5_wordpress_html_jsonld,amenities,2,2,100,33,0,0,0,0,0,100,enrichment_only,"Campo util para enriquecimiento, no necesariamente fuente primaria."
webs_propias_phase7_2026-06-14T20-43-50-127Z,MYE GRUPO INMOBILIARIO,myegrupoinmobiliario.com,wordpress_sitemap_rest_html,phase5_wordpress_html_jsonld,contact_name,2,0,0,0,100,0,0,0,0,0,not_recommended,Campo no observado en la muestra Fase 5.
webs_propias_phase7_2026-06-14T20-43-50-127Z,MYE GRUPO INMOBILIARIO,myegrupoinmobiliario.com,wordpress_sitemap_rest_html,phase5_wordpress_html_jsonld,contact_phone,2,2,100,66,0,0,0,0,0,100,enrichment_only,"Campo util para enriquecimiento, no necesariamente fuente primaria."
webs_propias_phase7_2026-06-14T20-43-50-127Z,MYE GRUPO INMOBILIARIO,myegrupoinmobiliario.com,wordpress_sitemap_rest_html,phase5_wordpress_html_jsonld,whatsapp,2,2,100,66,0,0,0,0,0,100,enrichment_only,"Campo util para enriquecimiento, no necesariamente fuente primaria."
webs_propias_phase7_2026-06-14T20-43-50-127Z,MYE GRUPO INMOBILIARIO,myegrupoinmobiliario.com,wordpress_sitemap_rest_html,phase5_wordpress_html_jsonld,email,2,2,100,66,0,0,0,0,0,100,enrichment_only,"Campo util para enriquecimiento, no necesariamente fuente primaria."
webs_propias_phase7_2026-06-14T20-43-50-127Z,MYE GRUPO INMOBILIARIO,myegrupoinmobiliario.com,wordpress_sitemap_rest_html,phase5_wordpress_html_jsonld,financing_banks,2,0,0,0,100,0,0,0,0,0,not_recommended,Campo no observado en la muestra Fase 5.
webs_propias_phase7_2026-06-14T20-43-50-127Z,MYE GRUPO INMOBILIARIO,myegrupoinmobiliario.com,wordpress_sitemap_rest_html,phase5_wordpress_html_jsonld,latitude,2,0,0,0,100,0,0,100,0,0,not_recommended,Campo no observado en la muestra Fase 5.
webs_propias_phase7_2026-06-14T20-43-50-127Z,MYE GRUPO INMOBILIARIO,myegrupoinmobiliario.com,wordpress_sitemap_rest_html,phase5_wordpress_html_jsonld,longitude,2,0,0,0,100,0,0,100,0,0,not_recommended,Campo no observado en la muestra Fase 5.
webs_propias_phase7_2026-06-14T20-43-50-127Z,VERONES GRUPO INMOBILIARIO,grupo-verones.com,embedded_json_html,phase5_embedded_json_html,source_url,2,2,100,100,0,0,50,0,0,100,primary_candidate,Campo critico con cobertura y evidencia suficientes en la muestra.
webs_propias_phase7_2026-06-14T20-43-50-127Z,VERONES GRUPO INMOBILIARIO,grupo-verones.com,embedded_json_html,phase5_embedded_json_html,agency_name,2,2,100,100,0,0,50,0,0,100,primary_candidate,Campo critico con cobertura y evidencia suficientes en la muestra.
webs_propias_phase7_2026-06-14T20-43-50-127Z,VERONES GRUPO INMOBILIARIO,grupo-verones.com,embedded_json_html,phase5_embedded_json_html,project_name,2,2,100,66,0,0,50,100,0,100,manual_review,Mismatch alto contra Nexo en registros comparables.
webs_propias_phase7_2026-06-14T20-43-50-127Z,VERONES GRUPO INMOBILIARIO,grupo-verones.com,embedded_json_html,phase5_embedded_json_html,district,2,2,100,66,0,0,50,0,0,100,primary_candidate,Campo critico con cobertura y evidencia suficientes en la muestra.
webs_propias_phase7_2026-06-14T20-43-50-127Z,VERONES GRUPO INMOBILIARIO,grupo-verones.com,embedded_json_html,phase5_embedded_json_html,address,2,2,100,66,0,0,50,0,0,100,primary_candidate,Campo critico con cobertura y evidencia suficientes en la muestra.
webs_propias_phase7_2026-06-14T20-43-50-127Z,VERONES GRUPO INMOBILIARIO,grupo-verones.com,embedded_json_html,phase5_embedded_json_html,typology,2,1,50,66,50,0,50,0,0,100,enrichment_only,"Campo util para enriquecimiento, no necesariamente fuente primaria."
webs_propias_phase7_2026-06-14T20-43-50-127Z,VERONES GRUPO INMOBILIARIO,grupo-verones.com,embedded_json_html,phase5_embedded_json_html,bedrooms,2,2,100,66,0,0,50,0,0,100,primary_candidate,Campo critico con cobertura y evidencia suficientes en la muestra.
webs_propias_phase7_2026-06-14T20-43-50-127Z,VERONES GRUPO INMOBILIARIO,grupo-verones.com,embedded_json_html,phase5_embedded_json_html,total_area,2,2,100,66,0,0,50,0,0,100,primary_candidate,Campo critico con cobertura y evidencia suficientes en la muestra.
webs_propias_phase7_2026-06-14T20-43-50-127Z,VERONES GRUPO INMOBILIARIO,grupo-verones.com,embedded_json_html,phase5_embedded_json_html,unit_status,2,0,0,0,100,0,50,0,0,0,not_recommended,Campo no observado en la muestra Fase 5.
webs_propias_phase7_2026-06-14T20-43-50-127Z,VERONES GRUPO INMOBILIARIO,grupo-verones.com,embedded_json_html,phase5_embedded_json_html,unit_count,2,0,0,0,100,0,50,0,0,0,not_recommended,Campo no observado en la muestra Fase 5.
webs_propias_phase7_2026-06-14T20-43-50-127Z,VERONES GRUPO INMOBILIARIO,grupo-verones.com,embedded_json_html,phase5_embedded_json_html,list_price_avg,2,0,0,0,100,0,50,0,0,0,not_recommended,Campo no observado en la muestra Fase 5.
webs_propias_phase7_2026-06-14T20-43-50-127Z,VERONES GRUPO INMOBILIARIO,grupo-verones.com,embedded_json_html,phase5_embedded_json_html,currency,2,0,0,0,100,0,50,0,0,0,not_recommended,Campo no observado en la muestra Fase 5.
webs_propias_phase7_2026-06-14T20-43-50-127Z,VERONES GRUPO INMOBILIARIO,grupo-verones.com,embedded_json_html,phase5_embedded_json_html,delivery_year,2,0,0,0,100,0,50,0,0,0,not_recommended,Campo no observado en la muestra Fase 5.
webs_propias_phase7_2026-06-14T20-43-50-127Z,VERONES GRUPO INMOBILIARIO,grupo-verones.com,embedded_json_html,phase5_embedded_json_html,delivery_date,2,0,0,0,100,0,50,0,0,0,not_recommended,Campo no observado en la muestra Fase 5.
webs_propias_phase7_2026-06-14T20-43-50-127Z,VERONES GRUPO INMOBILIARIO,grupo-verones.com,embedded_json_html,phase5_embedded_json_html,description,2,2,100,66,0,0,50,0,0,100,enrichment_only,"Campo util para enriquecimiento, no necesariamente fuente primaria."
webs_propias_phase7_2026-06-14T20-43-50-127Z,VERONES GRUPO INMOBILIARIO,grupo-verones.com,embedded_json_html,phase5_embedded_json_html,amenities,2,0,0,0,100,0,50,0,0,0,not_recommended,Campo no observado en la muestra Fase 5.
webs_propias_phase7_2026-06-14T20-43-50-127Z,VERONES GRUPO INMOBILIARIO,grupo-verones.com,embedded_json_html,phase5_embedded_json_html,contact_name,2,0,0,0,100,0,50,0,0,0,not_recommended,Campo no observado en la muestra Fase 5.
webs_propias_phase7_2026-06-14T20-43-50-127Z,VERONES GRUPO INMOBILIARIO,grupo-verones.com,embedded_json_html,phase5_embedded_json_html,contact_phone,2,2,100,66,0,0,50,0,0,100,enrichment_only,"Campo util para enriquecimiento, no necesariamente fuente primaria."
webs_propias_phase7_2026-06-14T20-43-50-127Z,VERONES GRUPO INMOBILIARIO,grupo-verones.com,embedded_json_html,phase5_embedded_json_html,whatsapp,2,2,100,66,0,0,50,0,0,100,enrichment_only,"Campo util para enriquecimiento, no necesariamente fuente primaria."
webs_propias_phase7_2026-06-14T20-43-50-127Z,VERONES GRUPO INMOBILIARIO,grupo-verones.com,embedded_json_html,phase5_embedded_json_html,email,2,0,0,0,100,0,50,0,0,0,not_recommended,Campo no observado en la muestra Fase 5.
webs_propias_phase7_2026-06-14T20-43-50-127Z,VERONES GRUPO INMOBILIARIO,grupo-verones.com,embedded_json_html,phase5_embedded_json_html,financing_banks,2,0,0,0,100,0,50,0,0,0,not_recommended,Campo no observado en la muestra Fase 5.
webs_propias_phase7_2026-06-14T20-43-50-127Z,VERONES GRUPO INMOBILIARIO,grupo-verones.com,embedded_json_html,phase5_embedded_json_html,latitude,2,0,0,0,100,0,50,100,0,0,not_recommended,Campo no observado en la muestra Fase 5.
webs_propias_phase7_2026-06-14T20-43-50-127Z,VERONES GRUPO INMOBILIARIO,grupo-verones.com,embedded_json_html,phase5_embedded_json_html,longitude,2,0,0,0,100,0,50,100,0,0,not_recommended,Campo no observado en la muestra Fase 5.
webs_propias_phase7_2026-06-14T20-43-50-127Z,NADLAN,nadlan.com.pe,wordpress_sitemap_rest_html,phase5_wordpress_html_jsonld,source_url,2,2,100,100,0,0,0,0,0,100,primary_candidate,Campo critico con cobertura y evidencia suficientes en la muestra.
webs_propias_phase7_2026-06-14T20-43-50-127Z,NADLAN,nadlan.com.pe,wordpress_sitemap_rest_html,phase5_wordpress_html_jsonld,agency_name,2,2,100,100,0,0,0,0,0,100,primary_candidate,Campo critico con cobertura y evidencia suficientes en la muestra.
webs_propias_phase7_2026-06-14T20-43-50-127Z,NADLAN,nadlan.com.pe,wordpress_sitemap_rest_html,phase5_wordpress_html_jsonld,project_name,2,2,100,66,0,0,0,0,0,100,primary_candidate,Campo critico con cobertura y evidencia suficientes en la muestra.
webs_propias_phase7_2026-06-14T20-43-50-127Z,NADLAN,nadlan.com.pe,wordpress_sitemap_rest_html,phase5_wordpress_html_jsonld,district,2,2,100,66,0,0,0,0,0,100,primary_candidate,Campo critico con cobertura y evidencia suficientes en la muestra.
webs_propias_phase7_2026-06-14T20-43-50-127Z,NADLAN,nadlan.com.pe,wordpress_sitemap_rest_html,phase5_wordpress_html_jsonld,address,2,2,100,66,0,0,0,0,0,100,primary_candidate,Campo critico con cobertura y evidencia suficientes en la muestra.
webs_propias_phase7_2026-06-14T20-43-50-127Z,NADLAN,nadlan.com.pe,wordpress_sitemap_rest_html,phase5_wordpress_html_jsonld,typology,2,2,100,66,0,0,0,0,0,100,primary_candidate,Campo critico con cobertura y evidencia suficientes en la muestra.
webs_propias_phase7_2026-06-14T20-43-50-127Z,NADLAN,nadlan.com.pe,wordpress_sitemap_rest_html,phase5_wordpress_html_jsonld,bedrooms,2,0,0,0,100,0,0,0,0,0,not_recommended,Campo no observado en la muestra Fase 5.
webs_propias_phase7_2026-06-14T20-43-50-127Z,NADLAN,nadlan.com.pe,wordpress_sitemap_rest_html,phase5_wordpress_html_jsonld,total_area,2,2,100,66,0,0,0,0,2,100,primary_candidate,Campo critico con cobertura y evidencia suficientes en la muestra.
webs_propias_phase7_2026-06-14T20-43-50-127Z,NADLAN,nadlan.com.pe,wordpress_sitemap_rest_html,phase5_wordpress_html_jsonld,unit_status,2,2,100,33,0,0,0,0,0,100,primary_candidate,Campo critico con cobertura y evidencia suficientes en la muestra.
webs_propias_phase7_2026-06-14T20-43-50-127Z,NADLAN,nadlan.com.pe,wordpress_sitemap_rest_html,phase5_wordpress_html_jsonld,unit_count,2,0,0,0,100,0,0,0,0,0,not_recommended,Campo no observado en la muestra Fase 5.
webs_propias_phase7_2026-06-14T20-43-50-127Z,NADLAN,nadlan.com.pe,wordpress_sitemap_rest_html,phase5_wordpress_html_jsonld,list_price_avg,2,0,0,0,100,0,0,0,0,0,not_recommended,Campo no observado en la muestra Fase 5.
webs_propias_phase7_2026-06-14T20-43-50-127Z,NADLAN,nadlan.com.pe,wordpress_sitemap_rest_html,phase5_wordpress_html_jsonld,currency,2,0,0,0,100,0,0,0,0,0,not_recommended,Campo no observado en la muestra Fase 5.
webs_propias_phase7_2026-06-14T20-43-50-127Z,NADLAN,nadlan.com.pe,wordpress_sitemap_rest_html,phase5_wordpress_html_jsonld,delivery_year,2,0,0,0,100,0,0,0,0,0,not_recommended,Campo no observado en la muestra Fase 5.
webs_propias_phase7_2026-06-14T20-43-50-127Z,NADLAN,nadlan.com.pe,wordpress_sitemap_rest_html,phase5_wordpress_html_jsonld,delivery_date,2,0,0,0,100,0,0,0,0,0,not_recommended,Campo no observado en la muestra Fase 5.
webs_propias_phase7_2026-06-14T20-43-50-127Z,NADLAN,nadlan.com.pe,wordpress_sitemap_rest_html,phase5_wordpress_html_jsonld,description,2,2,100,66,0,0,0,0,0,100,enrichment_only,"Campo util para enriquecimiento, no necesariamente fuente primaria."
webs_propias_phase7_2026-06-14T20-43-50-127Z,NADLAN,nadlan.com.pe,wordpress_sitemap_rest_html,phase5_wordpress_html_jsonld,amenities,2,2,100,33,0,0,0,0,0,100,enrichment_only,"Campo util para enriquecimiento, no necesariamente fuente primaria."
webs_propias_phase7_2026-06-14T20-43-50-127Z,NADLAN,nadlan.com.pe,wordpress_sitemap_rest_html,phase5_wordpress_html_jsonld,contact_name,2,0,0,0,100,0,0,0,0,0,not_recommended,Campo no observado en la muestra Fase 5.
webs_propias_phase7_2026-06-14T20-43-50-127Z,NADLAN,nadlan.com.pe,wordpress_sitemap_rest_html,phase5_wordpress_html_jsonld,contact_phone,2,2,100,66,0,0,0,0,0,100,enrichment_only,"Campo util para enriquecimiento, no necesariamente fuente primaria."
webs_propias_phase7_2026-06-14T20-43-50-127Z,NADLAN,nadlan.com.pe,wordpress_sitemap_rest_html,phase5_wordpress_html_jsonld,whatsapp,2,2,100,66,0,0,0,0,0,100,enrichment_only,"Campo util para enriquecimiento, no necesariamente fuente primaria."
webs_propias_phase7_2026-06-14T20-43-50-127Z,NADLAN,nadlan.com.pe,wordpress_sitemap_rest_html,phase5_wordpress_html_jsonld,email,2,2,100,66,0,0,0,0,0,100,enrichment_only,"Campo util para enriquecimiento, no necesariamente fuente primaria."
webs_propias_phase7_2026-06-14T20-43-50-127Z,NADLAN,nadlan.com.pe,wordpress_sitemap_rest_html,phase5_wordpress_html_jsonld,financing_banks,2,0,0,0,100,0,0,0,0,0,not_recommended,Campo no observado en la muestra Fase 5.
webs_propias_phase7_2026-06-14T20-43-50-127Z,NADLAN,nadlan.com.pe,wordpress_sitemap_rest_html,phase5_wordpress_html_jsonld,latitude,2,0,0,0,100,0,0,0,0,0,not_recommended,Campo no observado en la muestra Fase 5.
webs_propias_phase7_2026-06-14T20-43-50-127Z,NADLAN,nadlan.com.pe,wordpress_sitemap_rest_html,phase5_wordpress_html_jsonld,longitude,2,0,0,0,100,0,0,0,0,0,not_recommended,Campo no observado en la muestra Fase 5.
webs_propias_phase7_2026-06-14T20-43-50-127Z,CONFORTA INMOBILIARIA,confortainmobiliaria.com,wordpress_sitemap_rest_html,phase5_wordpress_html_jsonld,source_url,1,1,100,100,0,0,0,0,0,100,primary_candidate,Campo critico con cobertura y evidencia suficientes en la muestra.
webs_propias_phase7_2026-06-14T20-43-50-127Z,CONFORTA INMOBILIARIA,confortainmobiliaria.com,wordpress_sitemap_rest_html,phase5_wordpress_html_jsonld,agency_name,1,1,100,100,0,0,0,0,0,100,primary_candidate,Campo critico con cobertura y evidencia suficientes en la muestra.
webs_propias_phase7_2026-06-14T20-43-50-127Z,CONFORTA INMOBILIARIA,confortainmobiliaria.com,wordpress_sitemap_rest_html,phase5_wordpress_html_jsonld,project_name,1,1,100,66,0,0,0,0,0,100,primary_candidate,Campo critico con cobertura y evidencia suficientes en la muestra.
webs_propias_phase7_2026-06-14T20-43-50-127Z,CONFORTA INMOBILIARIA,confortainmobiliaria.com,wordpress_sitemap_rest_html,phase5_wordpress_html_jsonld,district,1,1,100,66,0,0,0,0,0,100,primary_candidate,Campo critico con cobertura y evidencia suficientes en la muestra.
webs_propias_phase7_2026-06-14T20-43-50-127Z,CONFORTA INMOBILIARIA,confortainmobiliaria.com,wordpress_sitemap_rest_html,phase5_wordpress_html_jsonld,address,1,0,0,0,100,0,0,0,0,0,not_recommended,Campo no observado en la muestra Fase 5.
webs_propias_phase7_2026-06-14T20-43-50-127Z,CONFORTA INMOBILIARIA,confortainmobiliaria.com,wordpress_sitemap_rest_html,phase5_wordpress_html_jsonld,typology,1,0,0,0,100,0,0,0,0,0,not_recommended,Campo no observado en la muestra Fase 5.
webs_propias_phase7_2026-06-14T20-43-50-127Z,CONFORTA INMOBILIARIA,confortainmobiliaria.com,wordpress_sitemap_rest_html,phase5_wordpress_html_jsonld,bedrooms,1,1,100,66,0,0,0,0,0,100,primary_candidate,Campo critico con cobertura y evidencia suficientes en la muestra.
webs_propias_phase7_2026-06-14T20-43-50-127Z,CONFORTA INMOBILIARIA,confortainmobiliaria.com,wordpress_sitemap_rest_html,phase5_wordpress_html_jsonld,total_area,1,1,100,66,0,0,0,0,0,100,primary_candidate,Campo critico con cobertura y evidencia suficientes en la muestra.
webs_propias_phase7_2026-06-14T20-43-50-127Z,CONFORTA INMOBILIARIA,confortainmobiliaria.com,wordpress_sitemap_rest_html,phase5_wordpress_html_jsonld,unit_status,1,1,100,33,0,0,0,0,0,100,primary_candidate,Campo critico con cobertura y evidencia suficientes en la muestra.
webs_propias_phase7_2026-06-14T20-43-50-127Z,CONFORTA INMOBILIARIA,confortainmobiliaria.com,wordpress_sitemap_rest_html,phase5_wordpress_html_jsonld,unit_count,1,0,0,0,100,0,0,0,0,0,not_recommended,Campo no observado en la muestra Fase 5.
webs_propias_phase7_2026-06-14T20-43-50-127Z,CONFORTA INMOBILIARIA,confortainmobiliaria.com,wordpress_sitemap_rest_html,phase5_wordpress_html_jsonld,list_price_avg,1,0,0,0,100,0,0,0,0,0,not_recommended,Campo no observado en la muestra Fase 5.
webs_propias_phase7_2026-06-14T20-43-50-127Z,CONFORTA INMOBILIARIA,confortainmobiliaria.com,wordpress_sitemap_rest_html,phase5_wordpress_html_jsonld,currency,1,0,0,0,100,0,0,0,0,0,not_recommended,Campo no observado en la muestra Fase 5.
webs_propias_phase7_2026-06-14T20-43-50-127Z,CONFORTA INMOBILIARIA,confortainmobiliaria.com,wordpress_sitemap_rest_html,phase5_wordpress_html_jsonld,delivery_year,1,0,0,0,100,0,0,0,0,0,not_recommended,Campo no observado en la muestra Fase 5.
webs_propias_phase7_2026-06-14T20-43-50-127Z,CONFORTA INMOBILIARIA,confortainmobiliaria.com,wordpress_sitemap_rest_html,phase5_wordpress_html_jsonld,delivery_date,1,0,0,0,100,0,0,0,0,0,not_recommended,Campo no observado en la muestra Fase 5.
webs_propias_phase7_2026-06-14T20-43-50-127Z,CONFORTA INMOBILIARIA,confortainmobiliaria.com,wordpress_sitemap_rest_html,phase5_wordpress_html_jsonld,description,1,1,100,66,0,0,0,0,0,100,enrichment_only,"Campo util para enriquecimiento, no necesariamente fuente primaria."
webs_propias_phase7_2026-06-14T20-43-50-127Z,CONFORTA INMOBILIARIA,confortainmobiliaria.com,wordpress_sitemap_rest_html,phase5_wordpress_html_jsonld,amenities,1,0,0,0,100,0,0,0,0,0,not_recommended,Campo no observado en la muestra Fase 5.
webs_propias_phase7_2026-06-14T20-43-50-127Z,CONFORTA INMOBILIARIA,confortainmobiliaria.com,wordpress_sitemap_rest_html,phase5_wordpress_html_jsonld,contact_name,1,0,0,0,100,0,0,0,0,0,not_recommended,Campo no observado en la muestra Fase 5.
webs_propias_phase7_2026-06-14T20-43-50-127Z,CONFORTA INMOBILIARIA,confortainmobiliaria.com,wordpress_sitemap_rest_html,phase5_wordpress_html_jsonld,contact_phone,1,1,100,66,0,0,0,0,0,100,enrichment_only,"Campo util para enriquecimiento, no necesariamente fuente primaria."
webs_propias_phase7_2026-06-14T20-43-50-127Z,CONFORTA INMOBILIARIA,confortainmobiliaria.com,wordpress_sitemap_rest_html,phase5_wordpress_html_jsonld,whatsapp,1,0,0,0,100,0,0,0,0,0,not_recommended,Campo no observado en la muestra Fase 5.
webs_propias_phase7_2026-06-14T20-43-50-127Z,CONFORTA INMOBILIARIA,confortainmobiliaria.com,wordpress_sitemap_rest_html,phase5_wordpress_html_jsonld,email,1,1,100,66,0,0,0,0,0,100,enrichment_only,"Campo util para enriquecimiento, no necesariamente fuente primaria."
webs_propias_phase7_2026-06-14T20-43-50-127Z,CONFORTA INMOBILIARIA,confortainmobiliaria.com,wordpress_sitemap_rest_html,phase5_wordpress_html_jsonld,financing_banks,1,0,0,0,100,0,0,0,0,0,not_recommended,Campo no observado en la muestra Fase 5.
webs_propias_phase7_2026-06-14T20-43-50-127Z,CONFORTA INMOBILIARIA,confortainmobiliaria.com,wordpress_sitemap_rest_html,phase5_wordpress_html_jsonld,latitude,1,0,0,0,100,0,0,0,0,0,not_recommended,Campo no observado en la muestra Fase 5.
webs_propias_phase7_2026-06-14T20-43-50-127Z,CONFORTA INMOBILIARIA,confortainmobiliaria.com,wordpress_sitemap_rest_html,phase5_wordpress_html_jsonld,longitude,1,0,0,0,100,0,0,0,0,0,not_recommended,Campo no observado en la muestra Fase 5.
webs_propias_phase7_2026-06-14T20-43-50-127Z,PROMSAL,promsal.com,embedded_json_html,phase5_embedded_json_html,source_url,1,1,100,100,0,0,0,0,0,100,primary_candidate,Campo critico con cobertura y evidencia suficientes en la muestra.
webs_propias_phase7_2026-06-14T20-43-50-127Z,PROMSAL,promsal.com,embedded_json_html,phase5_embedded_json_html,agency_name,1,1,100,100,0,0,0,0,0,100,primary_candidate,Campo critico con cobertura y evidencia suficientes en la muestra.
webs_propias_phase7_2026-06-14T20-43-50-127Z,PROMSAL,promsal.com,embedded_json_html,phase5_embedded_json_html,project_name,1,1,100,66,0,0,0,0,0,100,primary_candidate,Campo critico con cobertura y evidencia suficientes en la muestra.
webs_propias_phase7_2026-06-14T20-43-50-127Z,PROMSAL,promsal.com,embedded_json_html,phase5_embedded_json_html,district,1,0,0,0,100,0,0,0,0,0,not_recommended,Campo no observado en la muestra Fase 5.
webs_propias_phase7_2026-06-14T20-43-50-127Z,PROMSAL,promsal.com,embedded_json_html,phase5_embedded_json_html,address,1,0,0,0,100,0,0,0,0,0,not_recommended,Campo no observado en la muestra Fase 5.
webs_propias_phase7_2026-06-14T20-43-50-127Z,PROMSAL,promsal.com,embedded_json_html,phase5_embedded_json_html,typology,1,1,100,66,0,0,0,0,0,100,primary_candidate,Campo critico con cobertura y evidencia suficientes en la muestra.
webs_propias_phase7_2026-06-14T20-43-50-127Z,PROMSAL,promsal.com,embedded_json_html,phase5_embedded_json_html,bedrooms,1,0,0,0,100,0,0,0,0,0,not_recommended,Campo no observado en la muestra Fase 5.
webs_propias_phase7_2026-06-14T20-43-50-127Z,PROMSAL,promsal.com,embedded_json_html,phase5_embedded_json_html,total_area,1,0,0,0,100,0,0,0,0,0,not_recommended,Campo no observado en la muestra Fase 5.
webs_propias_phase7_2026-06-14T20-43-50-127Z,PROMSAL,promsal.com,embedded_json_html,phase5_embedded_json_html,unit_status,1,0,0,0,100,0,0,0,0,0,not_recommended,Campo no observado en la muestra Fase 5.
webs_propias_phase7_2026-06-14T20-43-50-127Z,PROMSAL,promsal.com,embedded_json_html,phase5_embedded_json_html,unit_count,1,0,0,0,100,0,0,0,0,0,not_recommended,Campo no observado en la muestra Fase 5.
webs_propias_phase7_2026-06-14T20-43-50-127Z,PROMSAL,promsal.com,embedded_json_html,phase5_embedded_json_html,list_price_avg,1,0,0,0,100,0,0,0,0,0,not_recommended,Campo no observado en la muestra Fase 5.
webs_propias_phase7_2026-06-14T20-43-50-127Z,PROMSAL,promsal.com,embedded_json_html,phase5_embedded_json_html,currency,1,0,0,0,100,0,0,0,0,0,not_recommended,Campo no observado en la muestra Fase 5.
webs_propias_phase7_2026-06-14T20-43-50-127Z,PROMSAL,promsal.com,embedded_json_html,phase5_embedded_json_html,delivery_year,1,0,0,0,100,0,0,0,0,0,not_recommended,Campo no observado en la muestra Fase 5.
webs_propias_phase7_2026-06-14T20-43-50-127Z,PROMSAL,promsal.com,embedded_json_html,phase5_embedded_json_html,delivery_date,1,0,0,0,100,0,0,0,0,0,not_recommended,Campo no observado en la muestra Fase 5.
webs_propias_phase7_2026-06-14T20-43-50-127Z,PROMSAL,promsal.com,embedded_json_html,phase5_embedded_json_html,description,1,0,0,0,100,0,0,0,0,0,not_recommended,Campo no observado en la muestra Fase 5.
webs_propias_phase7_2026-06-14T20-43-50-127Z,PROMSAL,promsal.com,embedded_json_html,phase5_embedded_json_html,amenities,1,0,0,0,100,0,0,0,0,0,not_recommended,Campo no observado en la muestra Fase 5.
webs_propias_phase7_2026-06-14T20-43-50-127Z,PROMSAL,promsal.com,embedded_json_html,phase5_embedded_json_html,contact_name,1,0,0,0,100,0,0,0,0,0,not_recommended,Campo no observado en la muestra Fase 5.
webs_propias_phase7_2026-06-14T20-43-50-127Z,PROMSAL,promsal.com,embedded_json_html,phase5_embedded_json_html,contact_phone,1,0,0,0,100,0,0,0,0,0,not_recommended,Campo no observado en la muestra Fase 5.
webs_propias_phase7_2026-06-14T20-43-50-127Z,PROMSAL,promsal.com,embedded_json_html,phase5_embedded_json_html,whatsapp,1,0,0,0,100,0,0,0,0,0,not_recommended,Campo no observado en la muestra Fase 5.
webs_propias_phase7_2026-06-14T20-43-50-127Z,PROMSAL,promsal.com,embedded_json_html,phase5_embedded_json_html,email,1,0,0,0,100,0,0,0,0,0,not_recommended,Campo no observado en la muestra Fase 5.
webs_propias_phase7_2026-06-14T20-43-50-127Z,PROMSAL,promsal.com,embedded_json_html,phase5_embedded_json_html,financing_banks,1,0,0,0,100,0,0,0,0,0,not_recommended,Campo no observado en la muestra Fase 5.
webs_propias_phase7_2026-06-14T20-43-50-127Z,PROMSAL,promsal.com,embedded_json_html,phase5_embedded_json_html,latitude,1,0,0,0,100,0,0,0,0,0,not_recommended,Campo no observado en la muestra Fase 5.
webs_propias_phase7_2026-06-14T20-43-50-127Z,PROMSAL,promsal.com,embedded_json_html,phase5_embedded_json_html,longitude,1,0,0,0,100,0,0,0,0,0,not_recommended,Campo no observado en la muestra Fase 5.
webs_propias_phase7_2026-06-14T20-43-50-127Z,2K INMOBILIARIA,2kinmobiliaria.com,wordpress_sitemap_rest_html,phase5_wordpress_html_jsonld,source_url,2,2,100,100,0,0,0,0,0,100,primary_candidate,Campo critico con cobertura y evidencia suficientes en la muestra.
webs_propias_phase7_2026-06-14T20-43-50-127Z,2K INMOBILIARIA,2kinmobiliaria.com,wordpress_sitemap_rest_html,phase5_wordpress_html_jsonld,agency_name,2,2,100,100,0,0,0,0,0,100,primary_candidate,Campo critico con cobertura y evidencia suficientes en la muestra.
webs_propias_phase7_2026-06-14T20-43-50-127Z,2K INMOBILIARIA,2kinmobiliaria.com,wordpress_sitemap_rest_html,phase5_wordpress_html_jsonld,project_name,2,2,100,66,0,0,0,0,0,100,primary_candidate,Campo critico con cobertura y evidencia suficientes en la muestra.
webs_propias_phase7_2026-06-14T20-43-50-127Z,2K INMOBILIARIA,2kinmobiliaria.com,wordpress_sitemap_rest_html,phase5_wordpress_html_jsonld,district,2,2,100,66,0,0,0,100,0,100,manual_review,Mismatch alto contra Nexo en registros comparables.
webs_propias_phase7_2026-06-14T20-43-50-127Z,2K INMOBILIARIA,2kinmobiliaria.com,wordpress_sitemap_rest_html,phase5_wordpress_html_jsonld,address,2,2,100,66,0,0,0,100,0,100,manual_review,Mismatch alto contra Nexo en registros comparables.
webs_propias_phase7_2026-06-14T20-43-50-127Z,2K INMOBILIARIA,2kinmobiliaria.com,wordpress_sitemap_rest_html,phase5_wordpress_html_jsonld,typology,2,2,100,66,0,0,0,0,0,100,primary_candidate,Campo critico con cobertura y evidencia suficientes en la muestra.
webs_propias_phase7_2026-06-14T20-43-50-127Z,2K INMOBILIARIA,2kinmobiliaria.com,wordpress_sitemap_rest_html,phase5_wordpress_html_jsonld,bedrooms,2,2,100,66,0,0,0,0,0,100,primary_candidate,Campo critico con cobertura y evidencia suficientes en la muestra.
webs_propias_phase7_2026-06-14T20-43-50-127Z,2K INMOBILIARIA,2kinmobiliaria.com,wordpress_sitemap_rest_html,phase5_wordpress_html_jsonld,total_area,2,2,100,66,0,0,0,0,0,100,primary_candidate,Campo critico con cobertura y evidencia suficientes en la muestra.
webs_propias_phase7_2026-06-14T20-43-50-127Z,2K INMOBILIARIA,2kinmobiliaria.com,wordpress_sitemap_rest_html,phase5_wordpress_html_jsonld,unit_status,2,2,100,33,0,0,0,0,0,100,primary_candidate,Campo critico con cobertura y evidencia suficientes en la muestra.
webs_propias_phase7_2026-06-14T20-43-50-127Z,2K INMOBILIARIA,2kinmobiliaria.com,wordpress_sitemap_rest_html,phase5_wordpress_html_jsonld,unit_count,2,0,0,0,100,0,0,0,0,0,not_recommended,Campo no observado en la muestra Fase 5.
webs_propias_phase7_2026-06-14T20-43-50-127Z,2K INMOBILIARIA,2kinmobiliaria.com,wordpress_sitemap_rest_html,phase5_wordpress_html_jsonld,list_price_avg,2,0,0,0,100,0,0,0,0,0,not_recommended,Campo no observado en la muestra Fase 5.
webs_propias_phase7_2026-06-14T20-43-50-127Z,2K INMOBILIARIA,2kinmobiliaria.com,wordpress_sitemap_rest_html,phase5_wordpress_html_jsonld,currency,2,0,0,0,100,0,0,0,0,0,not_recommended,Campo no observado en la muestra Fase 5.
webs_propias_phase7_2026-06-14T20-43-50-127Z,2K INMOBILIARIA,2kinmobiliaria.com,wordpress_sitemap_rest_html,phase5_wordpress_html_jsonld,delivery_year,2,0,0,0,100,0,0,0,0,0,not_recommended,Campo no observado en la muestra Fase 5.
webs_propias_phase7_2026-06-14T20-43-50-127Z,2K INMOBILIARIA,2kinmobiliaria.com,wordpress_sitemap_rest_html,phase5_wordpress_html_jsonld,delivery_date,2,0,0,0,100,0,0,0,0,0,not_recommended,Campo no observado en la muestra Fase 5.
webs_propias_phase7_2026-06-14T20-43-50-127Z,2K INMOBILIARIA,2kinmobiliaria.com,wordpress_sitemap_rest_html,phase5_wordpress_html_jsonld,description,2,2,100,66,0,0,0,0,0,100,enrichment_only,"Campo util para enriquecimiento, no necesariamente fuente primaria."
webs_propias_phase7_2026-06-14T20-43-50-127Z,2K INMOBILIARIA,2kinmobiliaria.com,wordpress_sitemap_rest_html,phase5_wordpress_html_jsonld,amenities,2,1,50,33,50,0,0,0,0,100,enrichment_only,"Campo util para enriquecimiento, no necesariamente fuente primaria."
webs_propias_phase7_2026-06-14T20-43-50-127Z,2K INMOBILIARIA,2kinmobiliaria.com,wordpress_sitemap_rest_html,phase5_wordpress_html_jsonld,contact_name,2,0,0,0,100,0,0,0,0,0,not_recommended,Campo no observado en la muestra Fase 5.
webs_propias_phase7_2026-06-14T20-43-50-127Z,2K INMOBILIARIA,2kinmobiliaria.com,wordpress_sitemap_rest_html,phase5_wordpress_html_jsonld,contact_phone,2,2,100,66,0,0,0,0,0,100,enrichment_only,"Campo util para enriquecimiento, no necesariamente fuente primaria."
webs_propias_phase7_2026-06-14T20-43-50-127Z,2K INMOBILIARIA,2kinmobiliaria.com,wordpress_sitemap_rest_html,phase5_wordpress_html_jsonld,whatsapp,2,0,0,0,100,0,0,0,0,0,not_recommended,Campo no observado en la muestra Fase 5.
webs_propias_phase7_2026-06-14T20-43-50-127Z,2K INMOBILIARIA,2kinmobiliaria.com,wordpress_sitemap_rest_html,phase5_wordpress_html_jsonld,email,2,2,100,66,0,0,0,0,0,100,enrichment_only,"Campo util para enriquecimiento, no necesariamente fuente primaria."
webs_propias_phase7_2026-06-14T20-43-50-127Z,2K INMOBILIARIA,2kinmobiliaria.com,wordpress_sitemap_rest_html,phase5_wordpress_html_jsonld,financing_banks,2,0,0,0,100,0,0,0,0,0,not_recommended,Campo no observado en la muestra Fase 5.
webs_propias_phase7_2026-06-14T20-43-50-127Z,2K INMOBILIARIA,2kinmobiliaria.com,wordpress_sitemap_rest_html,phase5_wordpress_html_jsonld,latitude,2,0,0,0,100,0,0,100,0,0,not_recommended,Campo no observado en la muestra Fase 5.
webs_propias_phase7_2026-06-14T20-43-50-127Z,2K INMOBILIARIA,2kinmobiliaria.com,wordpress_sitemap_rest_html,phase5_wordpress_html_jsonld,longitude,2,0,0,0,100,0,0,100,0,0,not_recommended,Campo no observado en la muestra Fase 5.
webs_propias_phase7_2026-06-14T20-43-50-127Z,LA MURALLA,lamuralla.com.pe,wordpress_sitemap_rest_html,phase5_wordpress_html_jsonld,source_url,1,1,100,100,0,0,0,0,0,100,primary_candidate,Campo critico con cobertura y evidencia suficientes en la muestra.
webs_propias_phase7_2026-06-14T20-43-50-127Z,LA MURALLA,lamuralla.com.pe,wordpress_sitemap_rest_html,phase5_wordpress_html_jsonld,agency_name,1,1,100,100,0,0,0,0,0,100,primary_candidate,Campo critico con cobertura y evidencia suficientes en la muestra.
webs_propias_phase7_2026-06-14T20-43-50-127Z,LA MURALLA,lamuralla.com.pe,wordpress_sitemap_rest_html,phase5_wordpress_html_jsonld,project_name,1,1,100,66,0,0,0,0,0,100,primary_candidate,Campo critico con cobertura y evidencia suficientes en la muestra.
webs_propias_phase7_2026-06-14T20-43-50-127Z,LA MURALLA,lamuralla.com.pe,wordpress_sitemap_rest_html,phase5_wordpress_html_jsonld,district,1,1,100,66,0,0,0,0,0,100,primary_candidate,Campo critico con cobertura y evidencia suficientes en la muestra.
webs_propias_phase7_2026-06-14T20-43-50-127Z,LA MURALLA,lamuralla.com.pe,wordpress_sitemap_rest_html,phase5_wordpress_html_jsonld,address,1,1,100,66,0,0,0,0,0,100,primary_candidate,Campo critico con cobertura y evidencia suficientes en la muestra.
webs_propias_phase7_2026-06-14T20-43-50-127Z,LA MURALLA,lamuralla.com.pe,wordpress_sitemap_rest_html,phase5_wordpress_html_jsonld,typology,1,1,100,66,0,0,0,0,0,100,primary_candidate,Campo critico con cobertura y evidencia suficientes en la muestra.
webs_propias_phase7_2026-06-14T20-43-50-127Z,LA MURALLA,lamuralla.com.pe,wordpress_sitemap_rest_html,phase5_wordpress_html_jsonld,bedrooms,1,1,100,66,0,0,0,0,0,100,primary_candidate,Campo critico con cobertura y evidencia suficientes en la muestra.
webs_propias_phase7_2026-06-14T20-43-50-127Z,LA MURALLA,lamuralla.com.pe,wordpress_sitemap_rest_html,phase5_wordpress_html_jsonld,total_area,1,1,100,66,0,0,0,0,0,100,primary_candidate,Campo critico con cobertura y evidencia suficientes en la muestra.
webs_propias_phase7_2026-06-14T20-43-50-127Z,LA MURALLA,lamuralla.com.pe,wordpress_sitemap_rest_html,phase5_wordpress_html_jsonld,unit_status,1,1,100,33,0,0,0,0,0,100,primary_candidate,Campo critico con cobertura y evidencia suficientes en la muestra.
webs_propias_phase7_2026-06-14T20-43-50-127Z,LA MURALLA,lamuralla.com.pe,wordpress_sitemap_rest_html,phase5_wordpress_html_jsonld,unit_count,1,0,0,0,100,0,0,0,0,0,not_recommended,Campo no observado en la muestra Fase 5.
webs_propias_phase7_2026-06-14T20-43-50-127Z,LA MURALLA,lamuralla.com.pe,wordpress_sitemap_rest_html,phase5_wordpress_html_jsonld,list_price_avg,1,0,0,0,100,0,0,0,0,0,not_recommended,Campo no observado en la muestra Fase 5.
webs_propias_phase7_2026-06-14T20-43-50-127Z,LA MURALLA,lamuralla.com.pe,wordpress_sitemap_rest_html,phase5_wordpress_html_jsonld,currency,1,0,0,0,100,0,0,0,0,0,not_recommended,Campo no observado en la muestra Fase 5.
webs_propias_phase7_2026-06-14T20-43-50-127Z,LA MURALLA,lamuralla.com.pe,wordpress_sitemap_rest_html,phase5_wordpress_html_jsonld,delivery_year,1,1,100,66,0,0,0,0,0,100,primary_candidate,Campo critico con cobertura y evidencia suficientes en la muestra.
webs_propias_phase7_2026-06-14T20-43-50-127Z,LA MURALLA,lamuralla.com.pe,wordpress_sitemap_rest_html,phase5_wordpress_html_jsonld,delivery_date,1,1,100,66,0,0,0,0,0,100,primary_candidate,Campo critico con cobertura y evidencia suficientes en la muestra.
webs_propias_phase7_2026-06-14T20-43-50-127Z,LA MURALLA,lamuralla.com.pe,wordpress_sitemap_rest_html,phase5_wordpress_html_jsonld,description,1,1,100,66,0,0,0,0,0,100,enrichment_only,"Campo util para enriquecimiento, no necesariamente fuente primaria."
webs_propias_phase7_2026-06-14T20-43-50-127Z,LA MURALLA,lamuralla.com.pe,wordpress_sitemap_rest_html,phase5_wordpress_html_jsonld,amenities,1,1,100,33,0,0,0,0,0,100,enrichment_only,"Campo util para enriquecimiento, no necesariamente fuente primaria."
webs_propias_phase7_2026-06-14T20-43-50-127Z,LA MURALLA,lamuralla.com.pe,wordpress_sitemap_rest_html,phase5_wordpress_html_jsonld,contact_name,1,0,0,0,100,0,0,0,0,0,not_recommended,Campo no observado en la muestra Fase 5.
webs_propias_phase7_2026-06-14T20-43-50-127Z,LA MURALLA,lamuralla.com.pe,wordpress_sitemap_rest_html,phase5_wordpress_html_jsonld,contact_phone,1,1,100,66,0,0,0,0,0,100,enrichment_only,"Campo util para enriquecimiento, no necesariamente fuente primaria."
webs_propias_phase7_2026-06-14T20-43-50-127Z,LA MURALLA,lamuralla.com.pe,wordpress_sitemap_rest_html,phase5_wordpress_html_jsonld,whatsapp,1,1,100,66,0,0,0,0,0,100,enrichment_only,"Campo util para enriquecimiento, no necesariamente fuente primaria."
webs_propias_phase7_2026-06-14T20-43-50-127Z,LA MURALLA,lamuralla.com.pe,wordpress_sitemap_rest_html,phase5_wordpress_html_jsonld,email,1,1,100,66,0,0,0,0,0,100,enrichment_only,"Campo util para enriquecimiento, no necesariamente fuente primaria."
webs_propias_phase7_2026-06-14T20-43-50-127Z,LA MURALLA,lamuralla.com.pe,wordpress_sitemap_rest_html,phase5_wordpress_html_jsonld,financing_banks,1,0,0,0,100,0,0,0,0,0,not_recommended,Campo no observado en la muestra Fase 5.
webs_propias_phase7_2026-06-14T20-43-50-127Z,LA MURALLA,lamuralla.com.pe,wordpress_sitemap_rest_html,phase5_wordpress_html_jsonld,latitude,1,0,0,0,100,0,0,0,0,0,not_recommended,Campo no observado en la muestra Fase 5.
webs_propias_phase7_2026-06-14T20-43-50-127Z,LA MURALLA,lamuralla.com.pe,wordpress_sitemap_rest_html,phase5_wordpress_html_jsonld,longitude,1,0,0,0,100,0,0,0,0,0,not_recommended,Campo no observado en la muestra Fase 5.
webs_propias_phase7_2026-06-14T20-43-50-127Z,FLAT,flat-peru.com,wordpress_sitemap_rest_html,phase5_wordpress_html_jsonld,source_url,1,1,100,100,0,0,0,0,0,100,primary_candidate,Campo critico con cobertura y evidencia suficientes en la muestra.
webs_propias_phase7_2026-06-14T20-43-50-127Z,FLAT,flat-peru.com,wordpress_sitemap_rest_html,phase5_wordpress_html_jsonld,agency_name,1,1,100,100,0,0,0,0,0,100,primary_candidate,Campo critico con cobertura y evidencia suficientes en la muestra.
webs_propias_phase7_2026-06-14T20-43-50-127Z,FLAT,flat-peru.com,wordpress_sitemap_rest_html,phase5_wordpress_html_jsonld,project_name,1,1,100,66,0,0,0,100,0,100,manual_review,Mismatch alto contra Nexo en registros comparables.
webs_propias_phase7_2026-06-14T20-43-50-127Z,FLAT,flat-peru.com,wordpress_sitemap_rest_html,phase5_wordpress_html_jsonld,district,1,1,100,66,0,0,0,0,0,100,primary_candidate,Campo critico con cobertura y evidencia suficientes en la muestra.
webs_propias_phase7_2026-06-14T20-43-50-127Z,FLAT,flat-peru.com,wordpress_sitemap_rest_html,phase5_wordpress_html_jsonld,address,1,1,100,66,0,0,0,0,0,100,primary_candidate,Campo critico con cobertura y evidencia suficientes en la muestra.
webs_propias_phase7_2026-06-14T20-43-50-127Z,FLAT,flat-peru.com,wordpress_sitemap_rest_html,phase5_wordpress_html_jsonld,typology,1,1,100,66,0,0,0,0,0,100,primary_candidate,Campo critico con cobertura y evidencia suficientes en la muestra.
webs_propias_phase7_2026-06-14T20-43-50-127Z,FLAT,flat-peru.com,wordpress_sitemap_rest_html,phase5_wordpress_html_jsonld,bedrooms,1,0,0,0,100,0,0,0,0,0,not_recommended,Campo no observado en la muestra Fase 5.
webs_propias_phase7_2026-06-14T20-43-50-127Z,FLAT,flat-peru.com,wordpress_sitemap_rest_html,phase5_wordpress_html_jsonld,total_area,1,0,0,0,100,0,0,0,0,0,not_recommended,Campo no observado en la muestra Fase 5.
webs_propias_phase7_2026-06-14T20-43-50-127Z,FLAT,flat-peru.com,wordpress_sitemap_rest_html,phase5_wordpress_html_jsonld,unit_status,1,0,0,0,100,0,0,0,0,0,not_recommended,Campo no observado en la muestra Fase 5.
webs_propias_phase7_2026-06-14T20-43-50-127Z,FLAT,flat-peru.com,wordpress_sitemap_rest_html,phase5_wordpress_html_jsonld,unit_count,1,0,0,0,100,0,0,0,0,0,not_recommended,Campo no observado en la muestra Fase 5.
webs_propias_phase7_2026-06-14T20-43-50-127Z,FLAT,flat-peru.com,wordpress_sitemap_rest_html,phase5_wordpress_html_jsonld,list_price_avg,1,0,0,0,100,0,0,0,0,0,not_recommended,Campo no observado en la muestra Fase 5.
webs_propias_phase7_2026-06-14T20-43-50-127Z,FLAT,flat-peru.com,wordpress_sitemap_rest_html,phase5_wordpress_html_jsonld,currency,1,0,0,0,100,0,0,0,0,0,not_recommended,Campo no observado en la muestra Fase 5.
webs_propias_phase7_2026-06-14T20-43-50-127Z,FLAT,flat-peru.com,wordpress_sitemap_rest_html,phase5_wordpress_html_jsonld,delivery_year,1,0,0,0,100,0,0,0,0,0,not_recommended,Campo no observado en la muestra Fase 5.
webs_propias_phase7_2026-06-14T20-43-50-127Z,FLAT,flat-peru.com,wordpress_sitemap_rest_html,phase5_wordpress_html_jsonld,delivery_date,1,0,0,0,100,0,0,0,0,0,not_recommended,Campo no observado en la muestra Fase 5.
webs_propias_phase7_2026-06-14T20-43-50-127Z,FLAT,flat-peru.com,wordpress_sitemap_rest_html,phase5_wordpress_html_jsonld,description,1,0,0,0,100,0,0,0,0,0,not_recommended,Campo no observado en la muestra Fase 5.
webs_propias_phase7_2026-06-14T20-43-50-127Z,FLAT,flat-peru.com,wordpress_sitemap_rest_html,phase5_wordpress_html_jsonld,amenities,1,1,100,33,0,0,0,0,0,100,enrichment_only,"Campo util para enriquecimiento, no necesariamente fuente primaria."
webs_propias_phase7_2026-06-14T20-43-50-127Z,FLAT,flat-peru.com,wordpress_sitemap_rest_html,phase5_wordpress_html_jsonld,contact_name,1,0,0,0,100,0,0,0,0,0,not_recommended,Campo no observado en la muestra Fase 5.
webs_propias_phase7_2026-06-14T20-43-50-127Z,FLAT,flat-peru.com,wordpress_sitemap_rest_html,phase5_wordpress_html_jsonld,contact_phone,1,1,100,66,0,0,0,0,0,100,enrichment_only,"Campo util para enriquecimiento, no necesariamente fuente primaria."
webs_propias_phase7_2026-06-14T20-43-50-127Z,FLAT,flat-peru.com,wordpress_sitemap_rest_html,phase5_wordpress_html_jsonld,whatsapp,1,1,100,66,0,0,0,0,0,100,enrichment_only,"Campo util para enriquecimiento, no necesariamente fuente primaria."
webs_propias_phase7_2026-06-14T20-43-50-127Z,FLAT,flat-peru.com,wordpress_sitemap_rest_html,phase5_wordpress_html_jsonld,email,1,0,0,0,100,0,0,0,0,0,not_recommended,Campo no observado en la muestra Fase 5.
webs_propias_phase7_2026-06-14T20-43-50-127Z,FLAT,flat-peru.com,wordpress_sitemap_rest_html,phase5_wordpress_html_jsonld,financing_banks,1,0,0,0,100,0,0,0,0,0,not_recommended,Campo no observado en la muestra Fase 5.
webs_propias_phase7_2026-06-14T20-43-50-127Z,FLAT,flat-peru.com,wordpress_sitemap_rest_html,phase5_wordpress_html_jsonld,latitude,1,0,0,0,100,0,0,100,0,0,not_recommended,Campo no observado en la muestra Fase 5.
webs_propias_phase7_2026-06-14T20-43-50-127Z,FLAT,flat-peru.com,wordpress_sitemap_rest_html,phase5_wordpress_html_jsonld,longitude,1,0,0,0,100,0,0,100,0,0,not_recommended,Campo no observado en la muestra Fase 5.
webs_propias_phase7_2026-06-14T20-43-50-127Z,AKAMAI,alpunto.com.pe,wordpress_sitemap_rest_html,phase5_wordpress_html_jsonld,source_url,1,1,100,100,0,0,0,0,0,100,primary_candidate,Campo critico con cobertura y evidencia suficientes en la muestra.
webs_propias_phase7_2026-06-14T20-43-50-127Z,AKAMAI,alpunto.com.pe,wordpress_sitemap_rest_html,phase5_wordpress_html_jsonld,agency_name,1,1,100,100,0,0,0,0,0,100,primary_candidate,Campo critico con cobertura y evidencia suficientes en la muestra.
webs_propias_phase7_2026-06-14T20-43-50-127Z,AKAMAI,alpunto.com.pe,wordpress_sitemap_rest_html,phase5_wordpress_html_jsonld,project_name,1,1,100,66,0,0,0,0,0,100,primary_candidate,Campo critico con cobertura y evidencia suficientes en la muestra.
webs_propias_phase7_2026-06-14T20-43-50-127Z,AKAMAI,alpunto.com.pe,wordpress_sitemap_rest_html,phase5_wordpress_html_jsonld,district,1,1,100,66,0,0,0,0,0,100,primary_candidate,Campo critico con cobertura y evidencia suficientes en la muestra.
webs_propias_phase7_2026-06-14T20-43-50-127Z,AKAMAI,alpunto.com.pe,wordpress_sitemap_rest_html,phase5_wordpress_html_jsonld,address,1,1,100,66,0,0,0,0,0,100,primary_candidate,Campo critico con cobertura y evidencia suficientes en la muestra.
webs_propias_phase7_2026-06-14T20-43-50-127Z,AKAMAI,alpunto.com.pe,wordpress_sitemap_rest_html,phase5_wordpress_html_jsonld,typology,1,1,100,66,0,0,0,0,0,100,primary_candidate,Campo critico con cobertura y evidencia suficientes en la muestra.
webs_propias_phase7_2026-06-14T20-43-50-127Z,AKAMAI,alpunto.com.pe,wordpress_sitemap_rest_html,phase5_wordpress_html_jsonld,bedrooms,1,1,100,66,0,0,0,0,0,100,primary_candidate,Campo critico con cobertura y evidencia suficientes en la muestra.
webs_propias_phase7_2026-06-14T20-43-50-127Z,AKAMAI,alpunto.com.pe,wordpress_sitemap_rest_html,phase5_wordpress_html_jsonld,total_area,1,0,0,0,100,0,0,0,0,0,not_recommended,Campo no observado en la muestra Fase 5.
webs_propias_phase7_2026-06-14T20-43-50-127Z,AKAMAI,alpunto.com.pe,wordpress_sitemap_rest_html,phase5_wordpress_html_jsonld,unit_status,1,1,100,33,0,0,0,0,0,100,primary_candidate,Campo critico con cobertura y evidencia suficientes en la muestra.
webs_propias_phase7_2026-06-14T20-43-50-127Z,AKAMAI,alpunto.com.pe,wordpress_sitemap_rest_html,phase5_wordpress_html_jsonld,unit_count,1,0,0,0,100,0,0,0,0,0,not_recommended,Campo no observado en la muestra Fase 5.
webs_propias_phase7_2026-06-14T20-43-50-127Z,AKAMAI,alpunto.com.pe,wordpress_sitemap_rest_html,phase5_wordpress_html_jsonld,list_price_avg,1,0,0,0,100,0,0,0,0,0,not_recommended,Campo no observado en la muestra Fase 5.
webs_propias_phase7_2026-06-14T20-43-50-127Z,AKAMAI,alpunto.com.pe,wordpress_sitemap_rest_html,phase5_wordpress_html_jsonld,currency,1,0,0,0,100,0,0,0,0,0,not_recommended,Campo no observado en la muestra Fase 5.
webs_propias_phase7_2026-06-14T20-43-50-127Z,AKAMAI,alpunto.com.pe,wordpress_sitemap_rest_html,phase5_wordpress_html_jsonld,delivery_year,1,0,0,0,100,0,0,0,0,0,not_recommended,Campo no observado en la muestra Fase 5.
webs_propias_phase7_2026-06-14T20-43-50-127Z,AKAMAI,alpunto.com.pe,wordpress_sitemap_rest_html,phase5_wordpress_html_jsonld,delivery_date,1,0,0,0,100,0,0,0,0,0,not_recommended,Campo no observado en la muestra Fase 5.
webs_propias_phase7_2026-06-14T20-43-50-127Z,AKAMAI,alpunto.com.pe,wordpress_sitemap_rest_html,phase5_wordpress_html_jsonld,description,1,1,100,66,0,0,0,0,0,100,enrichment_only,"Campo util para enriquecimiento, no necesariamente fuente primaria."
webs_propias_phase7_2026-06-14T20-43-50-127Z,AKAMAI,alpunto.com.pe,wordpress_sitemap_rest_html,phase5_wordpress_html_jsonld,amenities,1,0,0,0,100,0,0,0,0,0,not_recommended,Campo no observado en la muestra Fase 5.
webs_propias_phase7_2026-06-14T20-43-50-127Z,AKAMAI,alpunto.com.pe,wordpress_sitemap_rest_html,phase5_wordpress_html_jsonld,contact_name,1,0,0,0,100,0,0,0,0,0,not_recommended,Campo no observado en la muestra Fase 5.
webs_propias_phase7_2026-06-14T20-43-50-127Z,AKAMAI,alpunto.com.pe,wordpress_sitemap_rest_html,phase5_wordpress_html_jsonld,contact_phone,1,0,0,0,100,0,0,0,0,0,not_recommended,Campo no observado en la muestra Fase 5.
webs_propias_phase7_2026-06-14T20-43-50-127Z,AKAMAI,alpunto.com.pe,wordpress_sitemap_rest_html,phase5_wordpress_html_jsonld,whatsapp,1,0,0,0,100,0,0,0,0,0,not_recommended,Campo no observado en la muestra Fase 5.
webs_propias_phase7_2026-06-14T20-43-50-127Z,AKAMAI,alpunto.com.pe,wordpress_sitemap_rest_html,phase5_wordpress_html_jsonld,email,1,0,0,0,100,0,0,0,0,0,not_recommended,Campo no observado en la muestra Fase 5.
webs_propias_phase7_2026-06-14T20-43-50-127Z,AKAMAI,alpunto.com.pe,wordpress_sitemap_rest_html,phase5_wordpress_html_jsonld,financing_banks,1,0,0,0,100,0,0,0,0,0,not_recommended,Campo no observado en la muestra Fase 5.
webs_propias_phase7_2026-06-14T20-43-50-127Z,AKAMAI,alpunto.com.pe,wordpress_sitemap_rest_html,phase5_wordpress_html_jsonld,latitude,1,0,0,0,100,0,0,0,0,0,not_recommended,Campo no observado en la muestra Fase 5.
webs_propias_phase7_2026-06-14T20-43-50-127Z,AKAMAI,alpunto.com.pe,wordpress_sitemap_rest_html,phase5_wordpress_html_jsonld,longitude,1,0,0,0,100,0,0,0,0,0,not_recommended,Campo no observado en la muestra Fase 5.
webs_propias_phase7_2026-06-14T20-43-50-127Z,EFICAXX GRUPO INMOBILIARIO,eficaxx.pe,wordpress_sitemap_rest_html,phase5_wordpress_html_jsonld,source_url,1,1,100,100,0,0,0,0,0,100,primary_candidate,Campo critico con cobertura y evidencia suficientes en la muestra.
webs_propias_phase7_2026-06-14T20-43-50-127Z,EFICAXX GRUPO INMOBILIARIO,eficaxx.pe,wordpress_sitemap_rest_html,phase5_wordpress_html_jsonld,agency_name,1,1,100,100,0,0,0,0,0,100,primary_candidate,Campo critico con cobertura y evidencia suficientes en la muestra.
webs_propias_phase7_2026-06-14T20-43-50-127Z,EFICAXX GRUPO INMOBILIARIO,eficaxx.pe,wordpress_sitemap_rest_html,phase5_wordpress_html_jsonld,project_name,1,1,100,66,0,0,0,0,0,100,primary_candidate,Campo critico con cobertura y evidencia suficientes en la muestra.
webs_propias_phase7_2026-06-14T20-43-50-127Z,EFICAXX GRUPO INMOBILIARIO,eficaxx.pe,wordpress_sitemap_rest_html,phase5_wordpress_html_jsonld,district,1,1,100,66,0,0,0,0,0,100,primary_candidate,Campo critico con cobertura y evidencia suficientes en la muestra.
webs_propias_phase7_2026-06-14T20-43-50-127Z,EFICAXX GRUPO INMOBILIARIO,eficaxx.pe,wordpress_sitemap_rest_html,phase5_wordpress_html_jsonld,address,1,1,100,66,0,0,0,0,0,100,primary_candidate,Campo critico con cobertura y evidencia suficientes en la muestra.
webs_propias_phase7_2026-06-14T20-43-50-127Z,EFICAXX GRUPO INMOBILIARIO,eficaxx.pe,wordpress_sitemap_rest_html,phase5_wordpress_html_jsonld,typology,1,1,100,66,0,0,0,0,0,100,primary_candidate,Campo critico con cobertura y evidencia suficientes en la muestra.
webs_propias_phase7_2026-06-14T20-43-50-127Z,EFICAXX GRUPO INMOBILIARIO,eficaxx.pe,wordpress_sitemap_rest_html,phase5_wordpress_html_jsonld,bedrooms,1,1,100,66,0,0,0,0,0,100,primary_candidate,Campo critico con cobertura y evidencia suficientes en la muestra.
webs_propias_phase7_2026-06-14T20-43-50-127Z,EFICAXX GRUPO INMOBILIARIO,eficaxx.pe,wordpress_sitemap_rest_html,phase5_wordpress_html_jsonld,total_area,1,1,100,66,0,0,0,0,0,100,primary_candidate,Campo critico con cobertura y evidencia suficientes en la muestra.
webs_propias_phase7_2026-06-14T20-43-50-127Z,EFICAXX GRUPO INMOBILIARIO,eficaxx.pe,wordpress_sitemap_rest_html,phase5_wordpress_html_jsonld,unit_status,1,1,100,33,0,0,0,0,0,100,primary_candidate,Campo critico con cobertura y evidencia suficientes en la muestra.
webs_propias_phase7_2026-06-14T20-43-50-127Z,EFICAXX GRUPO INMOBILIARIO,eficaxx.pe,wordpress_sitemap_rest_html,phase5_wordpress_html_jsonld,unit_count,1,0,0,0,100,0,0,0,0,0,not_recommended,Campo no observado en la muestra Fase 5.
webs_propias_phase7_2026-06-14T20-43-50-127Z,EFICAXX GRUPO INMOBILIARIO,eficaxx.pe,wordpress_sitemap_rest_html,phase5_wordpress_html_jsonld,list_price_avg,1,0,0,0,100,0,0,0,0,0,not_recommended,Campo no observado en la muestra Fase 5.
webs_propias_phase7_2026-06-14T20-43-50-127Z,EFICAXX GRUPO INMOBILIARIO,eficaxx.pe,wordpress_sitemap_rest_html,phase5_wordpress_html_jsonld,currency,1,0,0,0,100,0,0,0,0,0,not_recommended,Campo no observado en la muestra Fase 5.
webs_propias_phase7_2026-06-14T20-43-50-127Z,EFICAXX GRUPO INMOBILIARIO,eficaxx.pe,wordpress_sitemap_rest_html,phase5_wordpress_html_jsonld,delivery_year,1,0,0,0,100,0,0,0,0,0,not_recommended,Campo no observado en la muestra Fase 5.
webs_propias_phase7_2026-06-14T20-43-50-127Z,EFICAXX GRUPO INMOBILIARIO,eficaxx.pe,wordpress_sitemap_rest_html,phase5_wordpress_html_jsonld,delivery_date,1,0,0,0,100,0,0,0,0,0,not_recommended,Campo no observado en la muestra Fase 5.
webs_propias_phase7_2026-06-14T20-43-50-127Z,EFICAXX GRUPO INMOBILIARIO,eficaxx.pe,wordpress_sitemap_rest_html,phase5_wordpress_html_jsonld,description,1,0,0,0,100,0,0,0,0,0,not_recommended,Campo no observado en la muestra Fase 5.
webs_propias_phase7_2026-06-14T20-43-50-127Z,EFICAXX GRUPO INMOBILIARIO,eficaxx.pe,wordpress_sitemap_rest_html,phase5_wordpress_html_jsonld,amenities,1,0,0,0,100,0,0,0,0,0,not_recommended,Campo no observado en la muestra Fase 5.
webs_propias_phase7_2026-06-14T20-43-50-127Z,EFICAXX GRUPO INMOBILIARIO,eficaxx.pe,wordpress_sitemap_rest_html,phase5_wordpress_html_jsonld,contact_name,1,0,0,0,100,0,0,0,0,0,not_recommended,Campo no observado en la muestra Fase 5.
webs_propias_phase7_2026-06-14T20-43-50-127Z,EFICAXX GRUPO INMOBILIARIO,eficaxx.pe,wordpress_sitemap_rest_html,phase5_wordpress_html_jsonld,contact_phone,1,1,100,66,0,0,0,0,0,100,enrichment_only,"Campo util para enriquecimiento, no necesariamente fuente primaria."
webs_propias_phase7_2026-06-14T20-43-50-127Z,EFICAXX GRUPO INMOBILIARIO,eficaxx.pe,wordpress_sitemap_rest_html,phase5_wordpress_html_jsonld,whatsapp,1,0,0,0,100,0,0,0,0,0,not_recommended,Campo no observado en la muestra Fase 5.
webs_propias_phase7_2026-06-14T20-43-50-127Z,EFICAXX GRUPO INMOBILIARIO,eficaxx.pe,wordpress_sitemap_rest_html,phase5_wordpress_html_jsonld,email,1,1,100,66,0,0,0,0,0,100,enrichment_only,"Campo util para enriquecimiento, no necesariamente fuente primaria."
webs_propias_phase7_2026-06-14T20-43-50-127Z,EFICAXX GRUPO INMOBILIARIO,eficaxx.pe,wordpress_sitemap_rest_html,phase5_wordpress_html_jsonld,financing_banks,1,0,0,0,100,0,0,0,0,0,not_recommended,Campo no observado en la muestra Fase 5.
webs_propias_phase7_2026-06-14T20-43-50-127Z,EFICAXX GRUPO INMOBILIARIO,eficaxx.pe,wordpress_sitemap_rest_html,phase5_wordpress_html_jsonld,latitude,1,0,0,0,100,0,0,0,0,0,not_recommended,Campo no observado en la muestra Fase 5.
webs_propias_phase7_2026-06-14T20-43-50-127Z,EFICAXX GRUPO INMOBILIARIO,eficaxx.pe,wordpress_sitemap_rest_html,phase5_wordpress_html_jsonld,longitude,1,0,0,0,100,0,0,0,0,0,not_recommended,Campo no observado en la muestra Fase 5.
webs_propias_phase7_2026-06-14T20-43-50-127Z,CP BUILDING,cpbuilding.com.pe,wordpress_sitemap_rest_html,phase5_wordpress_html_jsonld,source_url,1,1,100,100,0,0,0,0,0,100,primary_candidate,Campo critico con cobertura y evidencia suficientes en la muestra.
webs_propias_phase7_2026-06-14T20-43-50-127Z,CP BUILDING,cpbuilding.com.pe,wordpress_sitemap_rest_html,phase5_wordpress_html_jsonld,agency_name,1,1,100,100,0,0,0,0,0,100,primary_candidate,Campo critico con cobertura y evidencia suficientes en la muestra.
webs_propias_phase7_2026-06-14T20-43-50-127Z,CP BUILDING,cpbuilding.com.pe,wordpress_sitemap_rest_html,phase5_wordpress_html_jsonld,project_name,1,1,100,66,0,0,0,0,0,100,primary_candidate,Campo critico con cobertura y evidencia suficientes en la muestra.
webs_propias_phase7_2026-06-14T20-43-50-127Z,CP BUILDING,cpbuilding.com.pe,wordpress_sitemap_rest_html,phase5_wordpress_html_jsonld,district,1,1,100,66,0,0,0,0,0,100,primary_candidate,Campo critico con cobertura y evidencia suficientes en la muestra.
webs_propias_phase7_2026-06-14T20-43-50-127Z,CP BUILDING,cpbuilding.com.pe,wordpress_sitemap_rest_html,phase5_wordpress_html_jsonld,address,1,1,100,66,0,0,0,0,0,100,primary_candidate,Campo critico con cobertura y evidencia suficientes en la muestra.
webs_propias_phase7_2026-06-14T20-43-50-127Z,CP BUILDING,cpbuilding.com.pe,wordpress_sitemap_rest_html,phase5_wordpress_html_jsonld,typology,1,1,100,66,0,0,0,0,0,100,primary_candidate,Campo critico con cobertura y evidencia suficientes en la muestra.
webs_propias_phase7_2026-06-14T20-43-50-127Z,CP BUILDING,cpbuilding.com.pe,wordpress_sitemap_rest_html,phase5_wordpress_html_jsonld,bedrooms,1,0,0,0,100,0,0,0,0,0,not_recommended,Campo no observado en la muestra Fase 5.
webs_propias_phase7_2026-06-14T20-43-50-127Z,CP BUILDING,cpbuilding.com.pe,wordpress_sitemap_rest_html,phase5_wordpress_html_jsonld,total_area,1,0,0,0,100,0,0,0,0,0,not_recommended,Campo no observado en la muestra Fase 5.
webs_propias_phase7_2026-06-14T20-43-50-127Z,CP BUILDING,cpbuilding.com.pe,wordpress_sitemap_rest_html,phase5_wordpress_html_jsonld,unit_status,1,0,0,0,100,0,0,0,0,0,not_recommended,Campo no observado en la muestra Fase 5.
webs_propias_phase7_2026-06-14T20-43-50-127Z,CP BUILDING,cpbuilding.com.pe,wordpress_sitemap_rest_html,phase5_wordpress_html_jsonld,unit_count,1,0,0,0,100,0,0,0,0,0,not_recommended,Campo no observado en la muestra Fase 5.
webs_propias_phase7_2026-06-14T20-43-50-127Z,CP BUILDING,cpbuilding.com.pe,wordpress_sitemap_rest_html,phase5_wordpress_html_jsonld,list_price_avg,1,0,0,0,100,0,0,0,0,0,not_recommended,Campo no observado en la muestra Fase 5.
webs_propias_phase7_2026-06-14T20-43-50-127Z,CP BUILDING,cpbuilding.com.pe,wordpress_sitemap_rest_html,phase5_wordpress_html_jsonld,currency,1,0,0,0,100,0,0,0,0,0,not_recommended,Campo no observado en la muestra Fase 5.
webs_propias_phase7_2026-06-14T20-43-50-127Z,CP BUILDING,cpbuilding.com.pe,wordpress_sitemap_rest_html,phase5_wordpress_html_jsonld,delivery_year,1,0,0,0,100,0,0,0,0,0,not_recommended,Campo no observado en la muestra Fase 5.
webs_propias_phase7_2026-06-14T20-43-50-127Z,CP BUILDING,cpbuilding.com.pe,wordpress_sitemap_rest_html,phase5_wordpress_html_jsonld,delivery_date,1,0,0,0,100,0,0,0,0,0,not_recommended,Campo no observado en la muestra Fase 5.
webs_propias_phase7_2026-06-14T20-43-50-127Z,CP BUILDING,cpbuilding.com.pe,wordpress_sitemap_rest_html,phase5_wordpress_html_jsonld,description,1,1,100,66,0,0,0,0,0,100,enrichment_only,"Campo util para enriquecimiento, no necesariamente fuente primaria."
webs_propias_phase7_2026-06-14T20-43-50-127Z,CP BUILDING,cpbuilding.com.pe,wordpress_sitemap_rest_html,phase5_wordpress_html_jsonld,amenities,1,0,0,0,100,0,0,0,0,0,not_recommended,Campo no observado en la muestra Fase 5.
webs_propias_phase7_2026-06-14T20-43-50-127Z,CP BUILDING,cpbuilding.com.pe,wordpress_sitemap_rest_html,phase5_wordpress_html_jsonld,contact_name,1,0,0,0,100,0,0,0,0,0,not_recommended,Campo no observado en la muestra Fase 5.
webs_propias_phase7_2026-06-14T20-43-50-127Z,CP BUILDING,cpbuilding.com.pe,wordpress_sitemap_rest_html,phase5_wordpress_html_jsonld,contact_phone,1,1,100,66,0,0,0,0,0,100,enrichment_only,"Campo util para enriquecimiento, no necesariamente fuente primaria."
webs_propias_phase7_2026-06-14T20-43-50-127Z,CP BUILDING,cpbuilding.com.pe,wordpress_sitemap_rest_html,phase5_wordpress_html_jsonld,whatsapp,1,1,100,66,0,0,0,0,0,100,enrichment_only,"Campo util para enriquecimiento, no necesariamente fuente primaria."
webs_propias_phase7_2026-06-14T20-43-50-127Z,CP BUILDING,cpbuilding.com.pe,wordpress_sitemap_rest_html,phase5_wordpress_html_jsonld,email,1,0,0,0,100,0,0,0,0,0,not_recommended,Campo no observado en la muestra Fase 5.
webs_propias_phase7_2026-06-14T20-43-50-127Z,CP BUILDING,cpbuilding.com.pe,wordpress_sitemap_rest_html,phase5_wordpress_html_jsonld,financing_banks,1,0,0,0,100,0,0,0,0,0,not_recommended,Campo no observado en la muestra Fase 5.
webs_propias_phase7_2026-06-14T20-43-50-127Z,CP BUILDING,cpbuilding.com.pe,wordpress_sitemap_rest_html,phase5_wordpress_html_jsonld,latitude,1,0,0,0,100,0,0,0,0,0,not_recommended,Campo no observado en la muestra Fase 5.
webs_propias_phase7_2026-06-14T20-43-50-127Z,CP BUILDING,cpbuilding.com.pe,wordpress_sitemap_rest_html,phase5_wordpress_html_jsonld,longitude,1,0,0,0,100,0,0,0,0,0,not_recommended,Campo no observado en la muestra Fase 5.
webs_propias_phase7_2026-06-14T20-43-50-127Z,PALACE,palacepropertiesperu.com,embedded_json_html,phase5_embedded_json_html,source_url,2,2,100,100,0,0,0,0,0,100,primary_candidate,Campo critico con cobertura y evidencia suficientes en la muestra.
webs_propias_phase7_2026-06-14T20-43-50-127Z,PALACE,palacepropertiesperu.com,embedded_json_html,phase5_embedded_json_html,agency_name,2,2,100,100,0,0,0,0,0,100,primary_candidate,Campo critico con cobertura y evidencia suficientes en la muestra.
webs_propias_phase7_2026-06-14T20-43-50-127Z,PALACE,palacepropertiesperu.com,embedded_json_html,phase5_embedded_json_html,project_name,2,2,100,66,0,0,0,0,0,100,primary_candidate,Campo critico con cobertura y evidencia suficientes en la muestra.
webs_propias_phase7_2026-06-14T20-43-50-127Z,PALACE,palacepropertiesperu.com,embedded_json_html,phase5_embedded_json_html,district,2,2,100,66,0,0,0,0,0,100,primary_candidate,Campo critico con cobertura y evidencia suficientes en la muestra.
webs_propias_phase7_2026-06-14T20-43-50-127Z,PALACE,palacepropertiesperu.com,embedded_json_html,phase5_embedded_json_html,address,2,2,100,66,0,0,0,100,0,100,manual_review,Mismatch alto contra Nexo en registros comparables.
webs_propias_phase7_2026-06-14T20-43-50-127Z,PALACE,palacepropertiesperu.com,embedded_json_html,phase5_embedded_json_html,typology,2,2,100,66,0,0,0,0,0,100,primary_candidate,Campo critico con cobertura y evidencia suficientes en la muestra.
webs_propias_phase7_2026-06-14T20-43-50-127Z,PALACE,palacepropertiesperu.com,embedded_json_html,phase5_embedded_json_html,bedrooms,2,1,50,66,50,0,0,0,0,100,enrichment_only,"Campo util para enriquecimiento, no necesariamente fuente primaria."
webs_propias_phase7_2026-06-14T20-43-50-127Z,PALACE,palacepropertiesperu.com,embedded_json_html,phase5_embedded_json_html,total_area,2,1,50,66,50,0,0,0,0,100,enrichment_only,"Campo util para enriquecimiento, no necesariamente fuente primaria."
webs_propias_phase7_2026-06-14T20-43-50-127Z,PALACE,palacepropertiesperu.com,embedded_json_html,phase5_embedded_json_html,unit_status,2,0,0,0,100,0,0,0,0,0,not_recommended,Campo no observado en la muestra Fase 5.
webs_propias_phase7_2026-06-14T20-43-50-127Z,PALACE,palacepropertiesperu.com,embedded_json_html,phase5_embedded_json_html,unit_count,2,0,0,0,100,0,0,0,0,0,not_recommended,Campo no observado en la muestra Fase 5.
webs_propias_phase7_2026-06-14T20-43-50-127Z,PALACE,palacepropertiesperu.com,embedded_json_html,phase5_embedded_json_html,list_price_avg,2,0,0,0,100,0,0,0,0,0,not_recommended,Campo no observado en la muestra Fase 5.
webs_propias_phase7_2026-06-14T20-43-50-127Z,PALACE,palacepropertiesperu.com,embedded_json_html,phase5_embedded_json_html,currency,2,0,0,0,100,0,0,0,0,0,not_recommended,Campo no observado en la muestra Fase 5.
webs_propias_phase7_2026-06-14T20-43-50-127Z,PALACE,palacepropertiesperu.com,embedded_json_html,phase5_embedded_json_html,delivery_year,2,0,0,0,100,0,0,0,0,0,not_recommended,Campo no observado en la muestra Fase 5.
webs_propias_phase7_2026-06-14T20-43-50-127Z,PALACE,palacepropertiesperu.com,embedded_json_html,phase5_embedded_json_html,delivery_date,2,0,0,0,100,0,0,0,0,0,not_recommended,Campo no observado en la muestra Fase 5.
webs_propias_phase7_2026-06-14T20-43-50-127Z,PALACE,palacepropertiesperu.com,embedded_json_html,phase5_embedded_json_html,description,2,0,0,0,100,0,0,0,0,0,not_recommended,Campo no observado en la muestra Fase 5.
webs_propias_phase7_2026-06-14T20-43-50-127Z,PALACE,palacepropertiesperu.com,embedded_json_html,phase5_embedded_json_html,amenities,2,0,0,0,100,0,0,0,0,0,not_recommended,Campo no observado en la muestra Fase 5.
webs_propias_phase7_2026-06-14T20-43-50-127Z,PALACE,palacepropertiesperu.com,embedded_json_html,phase5_embedded_json_html,contact_name,2,0,0,0,100,0,0,0,0,0,not_recommended,Campo no observado en la muestra Fase 5.
webs_propias_phase7_2026-06-14T20-43-50-127Z,PALACE,palacepropertiesperu.com,embedded_json_html,phase5_embedded_json_html,contact_phone,2,2,100,66,0,0,0,0,0,100,enrichment_only,"Campo util para enriquecimiento, no necesariamente fuente primaria."
webs_propias_phase7_2026-06-14T20-43-50-127Z,PALACE,palacepropertiesperu.com,embedded_json_html,phase5_embedded_json_html,whatsapp,2,2,100,66,0,0,0,0,0,100,enrichment_only,"Campo util para enriquecimiento, no necesariamente fuente primaria."
webs_propias_phase7_2026-06-14T20-43-50-127Z,PALACE,palacepropertiesperu.com,embedded_json_html,phase5_embedded_json_html,email,2,2,100,66,0,0,0,0,0,100,enrichment_only,"Campo util para enriquecimiento, no necesariamente fuente primaria."
webs_propias_phase7_2026-06-14T20-43-50-127Z,PALACE,palacepropertiesperu.com,embedded_json_html,phase5_embedded_json_html,financing_banks,2,0,0,0,100,0,0,0,0,0,not_recommended,Campo no observado en la muestra Fase 5.
webs_propias_phase7_2026-06-14T20-43-50-127Z,PALACE,palacepropertiesperu.com,embedded_json_html,phase5_embedded_json_html,latitude,2,0,0,0,100,0,0,100,0,0,not_recommended,Campo no observado en la muestra Fase 5.
webs_propias_phase7_2026-06-14T20-43-50-127Z,PALACE,palacepropertiesperu.com,embedded_json_html,phase5_embedded_json_html,longitude,2,0,0,0,100,0,0,100,0,0,not_recommended,Campo no observado en la muestra Fase 5.
webs_propias_phase7_2026-06-14T20-43-50-127Z,CALICANTO,grupocalicanto.pe,wordpress_sitemap_rest_html,phase5_wordpress_html_jsonld,source_url,2,2,100,100,0,0,0,0,0,100,primary_candidate,Campo critico con cobertura y evidencia suficientes en la muestra.
webs_propias_phase7_2026-06-14T20-43-50-127Z,CALICANTO,grupocalicanto.pe,wordpress_sitemap_rest_html,phase5_wordpress_html_jsonld,agency_name,2,2,100,100,0,0,0,0,0,100,primary_candidate,Campo critico con cobertura y evidencia suficientes en la muestra.
webs_propias_phase7_2026-06-14T20-43-50-127Z,CALICANTO,grupocalicanto.pe,wordpress_sitemap_rest_html,phase5_wordpress_html_jsonld,project_name,2,2,100,66,0,0,0,0,0,100,primary_candidate,Campo critico con cobertura y evidencia suficientes en la muestra.
webs_propias_phase7_2026-06-14T20-43-50-127Z,CALICANTO,grupocalicanto.pe,wordpress_sitemap_rest_html,phase5_wordpress_html_jsonld,district,2,2,100,66,0,0,0,0,0,100,primary_candidate,Campo critico con cobertura y evidencia suficientes en la muestra.
webs_propias_phase7_2026-06-14T20-43-50-127Z,CALICANTO,grupocalicanto.pe,wordpress_sitemap_rest_html,phase5_wordpress_html_jsonld,address,2,2,100,66,0,0,0,100,0,100,manual_review,Mismatch alto contra Nexo en registros comparables.
webs_propias_phase7_2026-06-14T20-43-50-127Z,CALICANTO,grupocalicanto.pe,wordpress_sitemap_rest_html,phase5_wordpress_html_jsonld,typology,2,2,100,66,0,0,0,0,0,100,primary_candidate,Campo critico con cobertura y evidencia suficientes en la muestra.
webs_propias_phase7_2026-06-14T20-43-50-127Z,CALICANTO,grupocalicanto.pe,wordpress_sitemap_rest_html,phase5_wordpress_html_jsonld,bedrooms,2,1,50,66,50,0,0,0,0,100,enrichment_only,"Campo util para enriquecimiento, no necesariamente fuente primaria."
webs_propias_phase7_2026-06-14T20-43-50-127Z,CALICANTO,grupocalicanto.pe,wordpress_sitemap_rest_html,phase5_wordpress_html_jsonld,total_area,2,1,50,66,50,0,0,0,0,100,enrichment_only,"Campo util para enriquecimiento, no necesariamente fuente primaria."
webs_propias_phase7_2026-06-14T20-43-50-127Z,CALICANTO,grupocalicanto.pe,wordpress_sitemap_rest_html,phase5_wordpress_html_jsonld,unit_status,2,1,50,33,50,0,0,0,0,100,enrichment_only,"Campo util para enriquecimiento, no necesariamente fuente primaria."
webs_propias_phase7_2026-06-14T20-43-50-127Z,CALICANTO,grupocalicanto.pe,wordpress_sitemap_rest_html,phase5_wordpress_html_jsonld,unit_count,2,0,0,0,100,0,0,0,0,0,not_recommended,Campo no observado en la muestra Fase 5.
webs_propias_phase7_2026-06-14T20-43-50-127Z,CALICANTO,grupocalicanto.pe,wordpress_sitemap_rest_html,phase5_wordpress_html_jsonld,list_price_avg,2,0,0,0,100,0,0,0,0,0,not_recommended,Campo no observado en la muestra Fase 5.
webs_propias_phase7_2026-06-14T20-43-50-127Z,CALICANTO,grupocalicanto.pe,wordpress_sitemap_rest_html,phase5_wordpress_html_jsonld,currency,2,0,0,0,100,0,0,0,0,0,not_recommended,Campo no observado en la muestra Fase 5.
webs_propias_phase7_2026-06-14T20-43-50-127Z,CALICANTO,grupocalicanto.pe,wordpress_sitemap_rest_html,phase5_wordpress_html_jsonld,delivery_year,2,1,50,66,50,0,0,0,0,100,enrichment_only,"Campo util para enriquecimiento, no necesariamente fuente primaria."
webs_propias_phase7_2026-06-14T20-43-50-127Z,CALICANTO,grupocalicanto.pe,wordpress_sitemap_rest_html,phase5_wordpress_html_jsonld,delivery_date,2,1,50,66,50,0,0,0,0,100,enrichment_only,"Campo util para enriquecimiento, no necesariamente fuente primaria."
webs_propias_phase7_2026-06-14T20-43-50-127Z,CALICANTO,grupocalicanto.pe,wordpress_sitemap_rest_html,phase5_wordpress_html_jsonld,description,2,0,0,0,100,0,0,0,0,0,not_recommended,Campo no observado en la muestra Fase 5.
webs_propias_phase7_2026-06-14T20-43-50-127Z,CALICANTO,grupocalicanto.pe,wordpress_sitemap_rest_html,phase5_wordpress_html_jsonld,amenities,2,0,0,0,100,0,0,0,0,0,not_recommended,Campo no observado en la muestra Fase 5.
webs_propias_phase7_2026-06-14T20-43-50-127Z,CALICANTO,grupocalicanto.pe,wordpress_sitemap_rest_html,phase5_wordpress_html_jsonld,contact_name,2,0,0,0,100,0,0,0,0,0,not_recommended,Campo no observado en la muestra Fase 5.
webs_propias_phase7_2026-06-14T20-43-50-127Z,CALICANTO,grupocalicanto.pe,wordpress_sitemap_rest_html,phase5_wordpress_html_jsonld,contact_phone,2,2,100,66,0,0,0,0,0,100,enrichment_only,"Campo util para enriquecimiento, no necesariamente fuente primaria."
webs_propias_phase7_2026-06-14T20-43-50-127Z,CALICANTO,grupocalicanto.pe,wordpress_sitemap_rest_html,phase5_wordpress_html_jsonld,whatsapp,2,0,0,0,100,0,0,0,0,0,not_recommended,Campo no observado en la muestra Fase 5.
webs_propias_phase7_2026-06-14T20-43-50-127Z,CALICANTO,grupocalicanto.pe,wordpress_sitemap_rest_html,phase5_wordpress_html_jsonld,email,2,2,100,66,0,0,0,0,0,100,enrichment_only,"Campo util para enriquecimiento, no necesariamente fuente primaria."
webs_propias_phase7_2026-06-14T20-43-50-127Z,CALICANTO,grupocalicanto.pe,wordpress_sitemap_rest_html,phase5_wordpress_html_jsonld,financing_banks,2,0,0,0,100,0,0,0,0,0,not_recommended,Campo no observado en la muestra Fase 5.
webs_propias_phase7_2026-06-14T20-43-50-127Z,CALICANTO,grupocalicanto.pe,wordpress_sitemap_rest_html,phase5_wordpress_html_jsonld,latitude,2,0,0,0,100,0,0,100,0,0,not_recommended,Campo no observado en la muestra Fase 5.
webs_propias_phase7_2026-06-14T20-43-50-127Z,CALICANTO,grupocalicanto.pe,wordpress_sitemap_rest_html,phase5_wordpress_html_jsonld,longitude,2,0,0,0,100,0,0,100,0,0,not_recommended,Campo no observado en la muestra Fase 5.
webs_propias_phase7_2026-06-14T20-43-50-127Z,TRIADA,triada.com.pe,embedded_json_html,phase5_embedded_json_html,source_url,1,1,100,100,0,0,0,0,0,100,primary_candidate,Campo critico con cobertura y evidencia suficientes en la muestra.
webs_propias_phase7_2026-06-14T20-43-50-127Z,TRIADA,triada.com.pe,embedded_json_html,phase5_embedded_json_html,agency_name,1,1,100,100,0,0,0,0,0,100,primary_candidate,Campo critico con cobertura y evidencia suficientes en la muestra.
webs_propias_phase7_2026-06-14T20-43-50-127Z,TRIADA,triada.com.pe,embedded_json_html,phase5_embedded_json_html,project_name,1,1,100,66,0,0,0,0,0,100,primary_candidate,Campo critico con cobertura y evidencia suficientes en la muestra.
webs_propias_phase7_2026-06-14T20-43-50-127Z,TRIADA,triada.com.pe,embedded_json_html,phase5_embedded_json_html,district,1,1,100,66,0,0,0,0,0,100,primary_candidate,Campo critico con cobertura y evidencia suficientes en la muestra.
webs_propias_phase7_2026-06-14T20-43-50-127Z,TRIADA,triada.com.pe,embedded_json_html,phase5_embedded_json_html,address,1,1,100,66,0,0,0,0,0,100,primary_candidate,Campo critico con cobertura y evidencia suficientes en la muestra.
webs_propias_phase7_2026-06-14T20-43-50-127Z,TRIADA,triada.com.pe,embedded_json_html,phase5_embedded_json_html,typology,1,1,100,66,0,0,0,0,0,100,primary_candidate,Campo critico con cobertura y evidencia suficientes en la muestra.
webs_propias_phase7_2026-06-14T20-43-50-127Z,TRIADA,triada.com.pe,embedded_json_html,phase5_embedded_json_html,bedrooms,1,1,100,66,0,0,0,0,0,100,primary_candidate,Campo critico con cobertura y evidencia suficientes en la muestra.
webs_propias_phase7_2026-06-14T20-43-50-127Z,TRIADA,triada.com.pe,embedded_json_html,phase5_embedded_json_html,total_area,1,1,100,66,0,0,0,0,0,100,primary_candidate,Campo critico con cobertura y evidencia suficientes en la muestra.
webs_propias_phase7_2026-06-14T20-43-50-127Z,TRIADA,triada.com.pe,embedded_json_html,phase5_embedded_json_html,unit_status,1,1,100,33,0,0,0,0,0,100,primary_candidate,Campo critico con cobertura y evidencia suficientes en la muestra.
webs_propias_phase7_2026-06-14T20-43-50-127Z,TRIADA,triada.com.pe,embedded_json_html,phase5_embedded_json_html,unit_count,1,0,0,0,100,0,0,0,0,0,not_recommended,Campo no observado en la muestra Fase 5.
webs_propias_phase7_2026-06-14T20-43-50-127Z,TRIADA,triada.com.pe,embedded_json_html,phase5_embedded_json_html,list_price_avg,1,0,0,0,100,0,0,0,0,0,not_recommended,Campo no observado en la muestra Fase 5.
webs_propias_phase7_2026-06-14T20-43-50-127Z,TRIADA,triada.com.pe,embedded_json_html,phase5_embedded_json_html,currency,1,0,0,0,100,0,0,0,0,0,not_recommended,Campo no observado en la muestra Fase 5.
webs_propias_phase7_2026-06-14T20-43-50-127Z,TRIADA,triada.com.pe,embedded_json_html,phase5_embedded_json_html,delivery_year,1,0,0,0,100,0,0,0,0,0,not_recommended,Campo no observado en la muestra Fase 5.
webs_propias_phase7_2026-06-14T20-43-50-127Z,TRIADA,triada.com.pe,embedded_json_html,phase5_embedded_json_html,delivery_date,1,0,0,0,100,0,0,0,0,0,not_recommended,Campo no observado en la muestra Fase 5.
webs_propias_phase7_2026-06-14T20-43-50-127Z,TRIADA,triada.com.pe,embedded_json_html,phase5_embedded_json_html,description,1,0,0,0,100,0,0,0,0,0,not_recommended,Campo no observado en la muestra Fase 5.
webs_propias_phase7_2026-06-14T20-43-50-127Z,TRIADA,triada.com.pe,embedded_json_html,phase5_embedded_json_html,amenities,1,1,100,33,0,0,0,0,0,100,enrichment_only,"Campo util para enriquecimiento, no necesariamente fuente primaria."
webs_propias_phase7_2026-06-14T20-43-50-127Z,TRIADA,triada.com.pe,embedded_json_html,phase5_embedded_json_html,contact_name,1,0,0,0,100,0,0,0,0,0,not_recommended,Campo no observado en la muestra Fase 5.
webs_propias_phase7_2026-06-14T20-43-50-127Z,TRIADA,triada.com.pe,embedded_json_html,phase5_embedded_json_html,contact_phone,1,1,100,66,0,0,0,0,0,100,enrichment_only,"Campo util para enriquecimiento, no necesariamente fuente primaria."
webs_propias_phase7_2026-06-14T20-43-50-127Z,TRIADA,triada.com.pe,embedded_json_html,phase5_embedded_json_html,whatsapp,1,1,100,66,0,0,0,0,0,100,enrichment_only,"Campo util para enriquecimiento, no necesariamente fuente primaria."
webs_propias_phase7_2026-06-14T20-43-50-127Z,TRIADA,triada.com.pe,embedded_json_html,phase5_embedded_json_html,email,1,1,100,66,0,0,0,0,0,100,enrichment_only,"Campo util para enriquecimiento, no necesariamente fuente primaria."
webs_propias_phase7_2026-06-14T20-43-50-127Z,TRIADA,triada.com.pe,embedded_json_html,phase5_embedded_json_html,financing_banks,1,0,0,0,100,0,0,0,0,0,not_recommended,Campo no observado en la muestra Fase 5.
webs_propias_phase7_2026-06-14T20-43-50-127Z,TRIADA,triada.com.pe,embedded_json_html,phase5_embedded_json_html,latitude,1,1,100,66,0,0,0,0,0,100,enrichment_only,"Campo util para enriquecimiento, no necesariamente fuente primaria."
webs_propias_phase7_2026-06-14T20-43-50-127Z,TRIADA,triada.com.pe,embedded_json_html,phase5_embedded_json_html,longitude,1,1,100,66,0,0,0,0,0,100,enrichment_only,"Campo util para enriquecimiento, no necesariamente fuente primaria."
webs_propias_phase7_2026-06-14T20-43-50-127Z,ANTARES CONTRATISTAS,antares.pe,wordpress_sitemap_rest_html,phase5_wordpress_html_jsonld,source_url,1,1,100,100,0,0,0,0,0,100,primary_candidate,Campo critico con cobertura y evidencia suficientes en la muestra.
webs_propias_phase7_2026-06-14T20-43-50-127Z,ANTARES CONTRATISTAS,antares.pe,wordpress_sitemap_rest_html,phase5_wordpress_html_jsonld,agency_name,1,1,100,100,0,0,0,0,0,100,primary_candidate,Campo critico con cobertura y evidencia suficientes en la muestra.
webs_propias_phase7_2026-06-14T20-43-50-127Z,ANTARES CONTRATISTAS,antares.pe,wordpress_sitemap_rest_html,phase5_wordpress_html_jsonld,project_name,1,1,100,66,0,0,0,0,0,100,primary_candidate,Campo critico con cobertura y evidencia suficientes en la muestra.
webs_propias_phase7_2026-06-14T20-43-50-127Z,ANTARES CONTRATISTAS,antares.pe,wordpress_sitemap_rest_html,phase5_wordpress_html_jsonld,district,1,1,100,66,0,0,0,0,0,100,primary_candidate,Campo critico con cobertura y evidencia suficientes en la muestra.
webs_propias_phase7_2026-06-14T20-43-50-127Z,ANTARES CONTRATISTAS,antares.pe,wordpress_sitemap_rest_html,phase5_wordpress_html_jsonld,address,1,1,100,66,0,0,0,0,0,100,primary_candidate,Campo critico con cobertura y evidencia suficientes en la muestra.
webs_propias_phase7_2026-06-14T20-43-50-127Z,ANTARES CONTRATISTAS,antares.pe,wordpress_sitemap_rest_html,phase5_wordpress_html_jsonld,typology,1,1,100,66,0,0,0,0,0,100,primary_candidate,Campo critico con cobertura y evidencia suficientes en la muestra.
webs_propias_phase7_2026-06-14T20-43-50-127Z,ANTARES CONTRATISTAS,antares.pe,wordpress_sitemap_rest_html,phase5_wordpress_html_jsonld,bedrooms,1,0,0,0,100,0,0,0,0,0,not_recommended,Campo no observado en la muestra Fase 5.
webs_propias_phase7_2026-06-14T20-43-50-127Z,ANTARES CONTRATISTAS,antares.pe,wordpress_sitemap_rest_html,phase5_wordpress_html_jsonld,total_area,1,1,100,66,0,0,0,0,1,100,primary_candidate,Campo critico con cobertura y evidencia suficientes en la muestra.
webs_propias_phase7_2026-06-14T20-43-50-127Z,ANTARES CONTRATISTAS,antares.pe,wordpress_sitemap_rest_html,phase5_wordpress_html_jsonld,unit_status,1,0,0,0,100,0,0,0,0,0,not_recommended,Campo no observado en la muestra Fase 5.
webs_propias_phase7_2026-06-14T20-43-50-127Z,ANTARES CONTRATISTAS,antares.pe,wordpress_sitemap_rest_html,phase5_wordpress_html_jsonld,unit_count,1,0,0,0,100,0,0,0,0,0,not_recommended,Campo no observado en la muestra Fase 5.
webs_propias_phase7_2026-06-14T20-43-50-127Z,ANTARES CONTRATISTAS,antares.pe,wordpress_sitemap_rest_html,phase5_wordpress_html_jsonld,list_price_avg,1,0,0,0,100,0,0,0,0,0,not_recommended,Campo no observado en la muestra Fase 5.
webs_propias_phase7_2026-06-14T20-43-50-127Z,ANTARES CONTRATISTAS,antares.pe,wordpress_sitemap_rest_html,phase5_wordpress_html_jsonld,currency,1,0,0,0,100,0,0,0,0,0,not_recommended,Campo no observado en la muestra Fase 5.
webs_propias_phase7_2026-06-14T20-43-50-127Z,ANTARES CONTRATISTAS,antares.pe,wordpress_sitemap_rest_html,phase5_wordpress_html_jsonld,delivery_year,1,0,0,0,100,0,0,0,0,0,not_recommended,Campo no observado en la muestra Fase 5.
webs_propias_phase7_2026-06-14T20-43-50-127Z,ANTARES CONTRATISTAS,antares.pe,wordpress_sitemap_rest_html,phase5_wordpress_html_jsonld,delivery_date,1,0,0,0,100,0,0,0,0,0,not_recommended,Campo no observado en la muestra Fase 5.
webs_propias_phase7_2026-06-14T20-43-50-127Z,ANTARES CONTRATISTAS,antares.pe,wordpress_sitemap_rest_html,phase5_wordpress_html_jsonld,description,1,0,0,0,100,0,0,0,0,0,not_recommended,Campo no observado en la muestra Fase 5.
webs_propias_phase7_2026-06-14T20-43-50-127Z,ANTARES CONTRATISTAS,antares.pe,wordpress_sitemap_rest_html,phase5_wordpress_html_jsonld,amenities,1,1,100,33,0,0,0,0,0,100,enrichment_only,"Campo util para enriquecimiento, no necesariamente fuente primaria."
webs_propias_phase7_2026-06-14T20-43-50-127Z,ANTARES CONTRATISTAS,antares.pe,wordpress_sitemap_rest_html,phase5_wordpress_html_jsonld,contact_name,1,0,0,0,100,0,0,0,0,0,not_recommended,Campo no observado en la muestra Fase 5.
webs_propias_phase7_2026-06-14T20-43-50-127Z,ANTARES CONTRATISTAS,antares.pe,wordpress_sitemap_rest_html,phase5_wordpress_html_jsonld,contact_phone,1,1,100,66,0,0,0,0,0,100,enrichment_only,"Campo util para enriquecimiento, no necesariamente fuente primaria."
webs_propias_phase7_2026-06-14T20-43-50-127Z,ANTARES CONTRATISTAS,antares.pe,wordpress_sitemap_rest_html,phase5_wordpress_html_jsonld,whatsapp,1,0,0,0,100,0,0,0,0,0,not_recommended,Campo no observado en la muestra Fase 5.
webs_propias_phase7_2026-06-14T20-43-50-127Z,ANTARES CONTRATISTAS,antares.pe,wordpress_sitemap_rest_html,phase5_wordpress_html_jsonld,email,1,1,100,66,0,0,0,0,0,100,enrichment_only,"Campo util para enriquecimiento, no necesariamente fuente primaria."
webs_propias_phase7_2026-06-14T20-43-50-127Z,ANTARES CONTRATISTAS,antares.pe,wordpress_sitemap_rest_html,phase5_wordpress_html_jsonld,financing_banks,1,1,100,33,0,0,0,0,0,100,enrichment_only,"Campo util para enriquecimiento, no necesariamente fuente primaria."
webs_propias_phase7_2026-06-14T20-43-50-127Z,ANTARES CONTRATISTAS,antares.pe,wordpress_sitemap_rest_html,phase5_wordpress_html_jsonld,latitude,1,0,0,0,100,0,0,0,0,0,not_recommended,Campo no observado en la muestra Fase 5.
webs_propias_phase7_2026-06-14T20-43-50-127Z,ANTARES CONTRATISTAS,antares.pe,wordpress_sitemap_rest_html,phase5_wordpress_html_jsonld,longitude,1,0,0,0,100,0,0,0,0,0,not_recommended,Campo no observado en la muestra Fase 5.
webs_propias_phase7_2026-06-14T20-43-50-127Z,GRUPO TOSCANA,constructoratoscana.com,wordpress_sitemap_rest_html,phase5_wordpress_html_jsonld,source_url,1,1,100,100,0,0,0,0,0,100,primary_candidate,Campo critico con cobertura y evidencia suficientes en la muestra.
webs_propias_phase7_2026-06-14T20-43-50-127Z,GRUPO TOSCANA,constructoratoscana.com,wordpress_sitemap_rest_html,phase5_wordpress_html_jsonld,agency_name,1,1,100,100,0,0,0,0,0,100,primary_candidate,Campo critico con cobertura y evidencia suficientes en la muestra.
webs_propias_phase7_2026-06-14T20-43-50-127Z,GRUPO TOSCANA,constructoratoscana.com,wordpress_sitemap_rest_html,phase5_wordpress_html_jsonld,project_name,1,1,100,66,0,0,0,0,0,100,primary_candidate,Campo critico con cobertura y evidencia suficientes en la muestra.
webs_propias_phase7_2026-06-14T20-43-50-127Z,GRUPO TOSCANA,constructoratoscana.com,wordpress_sitemap_rest_html,phase5_wordpress_html_jsonld,district,1,0,0,0,100,0,0,0,0,0,not_recommended,Campo no observado en la muestra Fase 5.
webs_propias_phase7_2026-06-14T20-43-50-127Z,GRUPO TOSCANA,constructoratoscana.com,wordpress_sitemap_rest_html,phase5_wordpress_html_jsonld,address,1,0,0,0,100,0,0,0,0,0,not_recommended,Campo no observado en la muestra Fase 5.
webs_propias_phase7_2026-06-14T20-43-50-127Z,GRUPO TOSCANA,constructoratoscana.com,wordpress_sitemap_rest_html,phase5_wordpress_html_jsonld,typology,1,0,0,0,100,0,0,0,0,0,not_recommended,Campo no observado en la muestra Fase 5.
webs_propias_phase7_2026-06-14T20-43-50-127Z,GRUPO TOSCANA,constructoratoscana.com,wordpress_sitemap_rest_html,phase5_wordpress_html_jsonld,bedrooms,1,0,0,0,100,0,0,0,0,0,not_recommended,Campo no observado en la muestra Fase 5.
webs_propias_phase7_2026-06-14T20-43-50-127Z,GRUPO TOSCANA,constructoratoscana.com,wordpress_sitemap_rest_html,phase5_wordpress_html_jsonld,total_area,1,0,0,0,100,0,0,0,0,0,not_recommended,Campo no observado en la muestra Fase 5.
webs_propias_phase7_2026-06-14T20-43-50-127Z,GRUPO TOSCANA,constructoratoscana.com,wordpress_sitemap_rest_html,phase5_wordpress_html_jsonld,unit_status,1,0,0,0,100,0,0,0,0,0,not_recommended,Campo no observado en la muestra Fase 5.
webs_propias_phase7_2026-06-14T20-43-50-127Z,GRUPO TOSCANA,constructoratoscana.com,wordpress_sitemap_rest_html,phase5_wordpress_html_jsonld,unit_count,1,0,0,0,100,0,0,0,0,0,not_recommended,Campo no observado en la muestra Fase 5.
webs_propias_phase7_2026-06-14T20-43-50-127Z,GRUPO TOSCANA,constructoratoscana.com,wordpress_sitemap_rest_html,phase5_wordpress_html_jsonld,list_price_avg,1,0,0,0,100,0,0,0,0,0,not_recommended,Campo no observado en la muestra Fase 5.
webs_propias_phase7_2026-06-14T20-43-50-127Z,GRUPO TOSCANA,constructoratoscana.com,wordpress_sitemap_rest_html,phase5_wordpress_html_jsonld,currency,1,0,0,0,100,0,0,0,0,0,not_recommended,Campo no observado en la muestra Fase 5.
webs_propias_phase7_2026-06-14T20-43-50-127Z,GRUPO TOSCANA,constructoratoscana.com,wordpress_sitemap_rest_html,phase5_wordpress_html_jsonld,delivery_year,1,0,0,0,100,0,0,0,0,0,not_recommended,Campo no observado en la muestra Fase 5.
webs_propias_phase7_2026-06-14T20-43-50-127Z,GRUPO TOSCANA,constructoratoscana.com,wordpress_sitemap_rest_html,phase5_wordpress_html_jsonld,delivery_date,1,0,0,0,100,0,0,0,0,0,not_recommended,Campo no observado en la muestra Fase 5.
webs_propias_phase7_2026-06-14T20-43-50-127Z,GRUPO TOSCANA,constructoratoscana.com,wordpress_sitemap_rest_html,phase5_wordpress_html_jsonld,description,1,0,0,0,100,0,0,0,0,0,not_recommended,Campo no observado en la muestra Fase 5.
webs_propias_phase7_2026-06-14T20-43-50-127Z,GRUPO TOSCANA,constructoratoscana.com,wordpress_sitemap_rest_html,phase5_wordpress_html_jsonld,amenities,1,0,0,0,100,0,0,0,0,0,not_recommended,Campo no observado en la muestra Fase 5.
webs_propias_phase7_2026-06-14T20-43-50-127Z,GRUPO TOSCANA,constructoratoscana.com,wordpress_sitemap_rest_html,phase5_wordpress_html_jsonld,contact_name,1,0,0,0,100,0,0,0,0,0,not_recommended,Campo no observado en la muestra Fase 5.
webs_propias_phase7_2026-06-14T20-43-50-127Z,GRUPO TOSCANA,constructoratoscana.com,wordpress_sitemap_rest_html,phase5_wordpress_html_jsonld,contact_phone,1,1,100,66,0,0,0,0,0,100,enrichment_only,"Campo util para enriquecimiento, no necesariamente fuente primaria."
webs_propias_phase7_2026-06-14T20-43-50-127Z,GRUPO TOSCANA,constructoratoscana.com,wordpress_sitemap_rest_html,phase5_wordpress_html_jsonld,whatsapp,1,0,0,0,100,0,0,0,0,0,not_recommended,Campo no observado en la muestra Fase 5.
webs_propias_phase7_2026-06-14T20-43-50-127Z,GRUPO TOSCANA,constructoratoscana.com,wordpress_sitemap_rest_html,phase5_wordpress_html_jsonld,email,1,1,100,66,0,0,0,0,0,100,enrichment_only,"Campo util para enriquecimiento, no necesariamente fuente primaria."
webs_propias_phase7_2026-06-14T20-43-50-127Z,GRUPO TOSCANA,constructoratoscana.com,wordpress_sitemap_rest_html,phase5_wordpress_html_jsonld,financing_banks,1,0,0,0,100,0,0,0,0,0,not_recommended,Campo no observado en la muestra Fase 5.
webs_propias_phase7_2026-06-14T20-43-50-127Z,GRUPO TOSCANA,constructoratoscana.com,wordpress_sitemap_rest_html,phase5_wordpress_html_jsonld,latitude,1,0,0,0,100,0,0,0,0,0,not_recommended,Campo no observado en la muestra Fase 5.
webs_propias_phase7_2026-06-14T20-43-50-127Z,GRUPO TOSCANA,constructoratoscana.com,wordpress_sitemap_rest_html,phase5_wordpress_html_jsonld,longitude,1,0,0,0,100,0,0,0,0,0,not_recommended,Campo no observado en la muestra Fase 5.
webs_propias_phase7_2026-06-14T20-43-50-127Z,INVERSIONES TIERRA BLANCA,tierrablanca.pe,wordpress_sitemap_rest_html,phase5_wordpress_html_jsonld,source_url,2,2,100,100,0,0,0,0,0,100,primary_candidate,Campo critico con cobertura y evidencia suficientes en la muestra.
webs_propias_phase7_2026-06-14T20-43-50-127Z,INVERSIONES TIERRA BLANCA,tierrablanca.pe,wordpress_sitemap_rest_html,phase5_wordpress_html_jsonld,agency_name,2,2,100,100,0,0,0,0,0,100,primary_candidate,Campo critico con cobertura y evidencia suficientes en la muestra.
webs_propias_phase7_2026-06-14T20-43-50-127Z,INVERSIONES TIERRA BLANCA,tierrablanca.pe,wordpress_sitemap_rest_html,phase5_wordpress_html_jsonld,project_name,2,2,100,66,0,0,0,0,0,100,primary_candidate,Campo critico con cobertura y evidencia suficientes en la muestra.
webs_propias_phase7_2026-06-14T20-43-50-127Z,INVERSIONES TIERRA BLANCA,tierrablanca.pe,wordpress_sitemap_rest_html,phase5_wordpress_html_jsonld,district,2,2,100,66,0,0,0,0,0,100,primary_candidate,Campo critico con cobertura y evidencia suficientes en la muestra.
webs_propias_phase7_2026-06-14T20-43-50-127Z,INVERSIONES TIERRA BLANCA,tierrablanca.pe,wordpress_sitemap_rest_html,phase5_wordpress_html_jsonld,address,2,1,50,66,50,0,0,0,0,100,enrichment_only,"Campo util para enriquecimiento, no necesariamente fuente primaria."
webs_propias_phase7_2026-06-14T20-43-50-127Z,INVERSIONES TIERRA BLANCA,tierrablanca.pe,wordpress_sitemap_rest_html,phase5_wordpress_html_jsonld,typology,2,1,50,66,50,0,0,0,0,100,enrichment_only,"Campo util para enriquecimiento, no necesariamente fuente primaria."
webs_propias_phase7_2026-06-14T20-43-50-127Z,INVERSIONES TIERRA BLANCA,tierrablanca.pe,wordpress_sitemap_rest_html,phase5_wordpress_html_jsonld,bedrooms,2,0,0,0,100,0,0,0,0,0,not_recommended,Campo no observado en la muestra Fase 5.
webs_propias_phase7_2026-06-14T20-43-50-127Z,INVERSIONES TIERRA BLANCA,tierrablanca.pe,wordpress_sitemap_rest_html,phase5_wordpress_html_jsonld,total_area,2,0,0,0,100,0,0,0,0,0,not_recommended,Campo no observado en la muestra Fase 5.
webs_propias_phase7_2026-06-14T20-43-50-127Z,INVERSIONES TIERRA BLANCA,tierrablanca.pe,wordpress_sitemap_rest_html,phase5_wordpress_html_jsonld,unit_status,2,1,50,33,50,0,0,0,0,100,enrichment_only,"Campo util para enriquecimiento, no necesariamente fuente primaria."
webs_propias_phase7_2026-06-14T20-43-50-127Z,INVERSIONES TIERRA BLANCA,tierrablanca.pe,wordpress_sitemap_rest_html,phase5_wordpress_html_jsonld,unit_count,2,0,0,0,100,0,0,0,0,0,not_recommended,Campo no observado en la muestra Fase 5.
webs_propias_phase7_2026-06-14T20-43-50-127Z,INVERSIONES TIERRA BLANCA,tierrablanca.pe,wordpress_sitemap_rest_html,phase5_wordpress_html_jsonld,list_price_avg,2,0,0,0,100,0,0,0,0,0,not_recommended,Campo no observado en la muestra Fase 5.
webs_propias_phase7_2026-06-14T20-43-50-127Z,INVERSIONES TIERRA BLANCA,tierrablanca.pe,wordpress_sitemap_rest_html,phase5_wordpress_html_jsonld,currency,2,0,0,0,100,0,0,0,0,0,not_recommended,Campo no observado en la muestra Fase 5.
webs_propias_phase7_2026-06-14T20-43-50-127Z,INVERSIONES TIERRA BLANCA,tierrablanca.pe,wordpress_sitemap_rest_html,phase5_wordpress_html_jsonld,delivery_year,2,1,50,66,50,0,0,0,0,100,enrichment_only,"Campo util para enriquecimiento, no necesariamente fuente primaria."
webs_propias_phase7_2026-06-14T20-43-50-127Z,INVERSIONES TIERRA BLANCA,tierrablanca.pe,wordpress_sitemap_rest_html,phase5_wordpress_html_jsonld,delivery_date,2,1,50,66,50,0,0,0,0,100,enrichment_only,"Campo util para enriquecimiento, no necesariamente fuente primaria."
webs_propias_phase7_2026-06-14T20-43-50-127Z,INVERSIONES TIERRA BLANCA,tierrablanca.pe,wordpress_sitemap_rest_html,phase5_wordpress_html_jsonld,description,2,0,0,0,100,0,0,0,0,0,not_recommended,Campo no observado en la muestra Fase 5.
webs_propias_phase7_2026-06-14T20-43-50-127Z,INVERSIONES TIERRA BLANCA,tierrablanca.pe,wordpress_sitemap_rest_html,phase5_wordpress_html_jsonld,amenities,2,1,50,33,50,0,0,0,0,100,enrichment_only,"Campo util para enriquecimiento, no necesariamente fuente primaria."
webs_propias_phase7_2026-06-14T20-43-50-127Z,INVERSIONES TIERRA BLANCA,tierrablanca.pe,wordpress_sitemap_rest_html,phase5_wordpress_html_jsonld,contact_name,2,0,0,0,100,0,0,0,0,0,not_recommended,Campo no observado en la muestra Fase 5.
webs_propias_phase7_2026-06-14T20-43-50-127Z,INVERSIONES TIERRA BLANCA,tierrablanca.pe,wordpress_sitemap_rest_html,phase5_wordpress_html_jsonld,contact_phone,2,0,0,0,100,0,0,0,0,0,not_recommended,Campo no observado en la muestra Fase 5.
webs_propias_phase7_2026-06-14T20-43-50-127Z,INVERSIONES TIERRA BLANCA,tierrablanca.pe,wordpress_sitemap_rest_html,phase5_wordpress_html_jsonld,whatsapp,2,0,0,0,100,0,0,0,0,0,not_recommended,Campo no observado en la muestra Fase 5.
webs_propias_phase7_2026-06-14T20-43-50-127Z,INVERSIONES TIERRA BLANCA,tierrablanca.pe,wordpress_sitemap_rest_html,phase5_wordpress_html_jsonld,email,2,0,0,0,100,0,0,0,0,0,not_recommended,Campo no observado en la muestra Fase 5.
webs_propias_phase7_2026-06-14T20-43-50-127Z,INVERSIONES TIERRA BLANCA,tierrablanca.pe,wordpress_sitemap_rest_html,phase5_wordpress_html_jsonld,financing_banks,2,0,0,0,100,0,0,0,0,0,not_recommended,Campo no observado en la muestra Fase 5.
webs_propias_phase7_2026-06-14T20-43-50-127Z,INVERSIONES TIERRA BLANCA,tierrablanca.pe,wordpress_sitemap_rest_html,phase5_wordpress_html_jsonld,latitude,2,0,0,0,100,0,0,0,0,0,not_recommended,Campo no observado en la muestra Fase 5.
webs_propias_phase7_2026-06-14T20-43-50-127Z,INVERSIONES TIERRA BLANCA,tierrablanca.pe,wordpress_sitemap_rest_html,phase5_wordpress_html_jsonld,longitude,2,0,0,0,100,0,0,0,0,0,not_recommended,Campo no observado en la muestra Fase 5.
webs_propias_phase7_2026-06-14T20-43-50-127Z,JOPESA,jopesa.pe,wordpress_sitemap_rest_html,phase5_wordpress_html_jsonld,source_url,1,1,100,100,0,0,0,0,0,100,primary_candidate,Campo critico con cobertura y evidencia suficientes en la muestra.
webs_propias_phase7_2026-06-14T20-43-50-127Z,JOPESA,jopesa.pe,wordpress_sitemap_rest_html,phase5_wordpress_html_jsonld,agency_name,1,1,100,100,0,0,0,0,0,100,primary_candidate,Campo critico con cobertura y evidencia suficientes en la muestra.
webs_propias_phase7_2026-06-14T20-43-50-127Z,JOPESA,jopesa.pe,wordpress_sitemap_rest_html,phase5_wordpress_html_jsonld,project_name,1,1,100,66,0,0,0,0,0,100,primary_candidate,Campo critico con cobertura y evidencia suficientes en la muestra.
webs_propias_phase7_2026-06-14T20-43-50-127Z,JOPESA,jopesa.pe,wordpress_sitemap_rest_html,phase5_wordpress_html_jsonld,district,1,1,100,66,0,0,0,0,0,100,primary_candidate,Campo critico con cobertura y evidencia suficientes en la muestra.
webs_propias_phase7_2026-06-14T20-43-50-127Z,JOPESA,jopesa.pe,wordpress_sitemap_rest_html,phase5_wordpress_html_jsonld,address,1,1,100,66,0,0,0,0,0,100,primary_candidate,Campo critico con cobertura y evidencia suficientes en la muestra.
webs_propias_phase7_2026-06-14T20-43-50-127Z,JOPESA,jopesa.pe,wordpress_sitemap_rest_html,phase5_wordpress_html_jsonld,typology,1,1,100,66,0,0,0,0,0,100,primary_candidate,Campo critico con cobertura y evidencia suficientes en la muestra.
webs_propias_phase7_2026-06-14T20-43-50-127Z,JOPESA,jopesa.pe,wordpress_sitemap_rest_html,phase5_wordpress_html_jsonld,bedrooms,1,0,0,0,100,0,0,0,0,0,not_recommended,Campo no observado en la muestra Fase 5.
webs_propias_phase7_2026-06-14T20-43-50-127Z,JOPESA,jopesa.pe,wordpress_sitemap_rest_html,phase5_wordpress_html_jsonld,total_area,1,0,0,0,100,0,0,0,0,0,not_recommended,Campo no observado en la muestra Fase 5.
webs_propias_phase7_2026-06-14T20-43-50-127Z,JOPESA,jopesa.pe,wordpress_sitemap_rest_html,phase5_wordpress_html_jsonld,unit_status,1,0,0,0,100,0,0,0,0,0,not_recommended,Campo no observado en la muestra Fase 5.
webs_propias_phase7_2026-06-14T20-43-50-127Z,JOPESA,jopesa.pe,wordpress_sitemap_rest_html,phase5_wordpress_html_jsonld,unit_count,1,0,0,0,100,0,0,0,0,0,not_recommended,Campo no observado en la muestra Fase 5.
webs_propias_phase7_2026-06-14T20-43-50-127Z,JOPESA,jopesa.pe,wordpress_sitemap_rest_html,phase5_wordpress_html_jsonld,list_price_avg,1,0,0,0,100,0,0,0,0,0,not_recommended,Campo no observado en la muestra Fase 5.
webs_propias_phase7_2026-06-14T20-43-50-127Z,JOPESA,jopesa.pe,wordpress_sitemap_rest_html,phase5_wordpress_html_jsonld,currency,1,0,0,0,100,0,0,0,0,0,not_recommended,Campo no observado en la muestra Fase 5.
webs_propias_phase7_2026-06-14T20-43-50-127Z,JOPESA,jopesa.pe,wordpress_sitemap_rest_html,phase5_wordpress_html_jsonld,delivery_year,1,0,0,0,100,0,0,0,0,0,not_recommended,Campo no observado en la muestra Fase 5.
webs_propias_phase7_2026-06-14T20-43-50-127Z,JOPESA,jopesa.pe,wordpress_sitemap_rest_html,phase5_wordpress_html_jsonld,delivery_date,1,0,0,0,100,0,0,0,0,0,not_recommended,Campo no observado en la muestra Fase 5.
webs_propias_phase7_2026-06-14T20-43-50-127Z,JOPESA,jopesa.pe,wordpress_sitemap_rest_html,phase5_wordpress_html_jsonld,description,1,0,0,0,100,0,0,0,0,0,not_recommended,Campo no observado en la muestra Fase 5.
webs_propias_phase7_2026-06-14T20-43-50-127Z,JOPESA,jopesa.pe,wordpress_sitemap_rest_html,phase5_wordpress_html_jsonld,amenities,1,1,100,33,0,0,0,0,0,100,enrichment_only,"Campo util para enriquecimiento, no necesariamente fuente primaria."
webs_propias_phase7_2026-06-14T20-43-50-127Z,JOPESA,jopesa.pe,wordpress_sitemap_rest_html,phase5_wordpress_html_jsonld,contact_name,1,0,0,0,100,0,0,0,0,0,not_recommended,Campo no observado en la muestra Fase 5.
webs_propias_phase7_2026-06-14T20-43-50-127Z,JOPESA,jopesa.pe,wordpress_sitemap_rest_html,phase5_wordpress_html_jsonld,contact_phone,1,1,100,66,0,0,0,0,0,100,enrichment_only,"Campo util para enriquecimiento, no necesariamente fuente primaria."
webs_propias_phase7_2026-06-14T20-43-50-127Z,JOPESA,jopesa.pe,wordpress_sitemap_rest_html,phase5_wordpress_html_jsonld,whatsapp,1,1,100,66,0,0,0,0,0,100,enrichment_only,"Campo util para enriquecimiento, no necesariamente fuente primaria."
webs_propias_phase7_2026-06-14T20-43-50-127Z,JOPESA,jopesa.pe,wordpress_sitemap_rest_html,phase5_wordpress_html_jsonld,email,1,0,0,0,100,0,0,0,0,0,not_recommended,Campo no observado en la muestra Fase 5.
webs_propias_phase7_2026-06-14T20-43-50-127Z,JOPESA,jopesa.pe,wordpress_sitemap_rest_html,phase5_wordpress_html_jsonld,financing_banks,1,0,0,0,100,0,0,0,0,0,not_recommended,Campo no observado en la muestra Fase 5.
webs_propias_phase7_2026-06-14T20-43-50-127Z,JOPESA,jopesa.pe,wordpress_sitemap_rest_html,phase5_wordpress_html_jsonld,latitude,1,0,0,0,100,0,0,0,0,0,not_recommended,Campo no observado en la muestra Fase 5.
webs_propias_phase7_2026-06-14T20-43-50-127Z,JOPESA,jopesa.pe,wordpress_sitemap_rest_html,phase5_wordpress_html_jsonld,longitude,1,0,0,0,100,0,0,0,0,0,not_recommended,Campo no observado en la muestra Fase 5.
webs_propias_phase7_2026-06-14T20-43-50-127Z,MARTE,constructoramartesa.com,wordpress_sitemap_rest_html,phase5_wordpress_html_jsonld,source_url,2,2,100,100,0,0,0,0,0,100,primary_candidate,Campo critico con cobertura y evidencia suficientes en la muestra.
webs_propias_phase7_2026-06-14T20-43-50-127Z,MARTE,constructoramartesa.com,wordpress_sitemap_rest_html,phase5_wordpress_html_jsonld,agency_name,2,2,100,100,0,0,0,0,0,100,primary_candidate,Campo critico con cobertura y evidencia suficientes en la muestra.
webs_propias_phase7_2026-06-14T20-43-50-127Z,MARTE,constructoramartesa.com,wordpress_sitemap_rest_html,phase5_wordpress_html_jsonld,project_name,2,2,100,66,0,0,0,100,0,100,manual_review,Mismatch alto contra Nexo en registros comparables.
webs_propias_phase7_2026-06-14T20-43-50-127Z,MARTE,constructoramartesa.com,wordpress_sitemap_rest_html,phase5_wordpress_html_jsonld,district,2,2,100,66,0,0,0,0,0,100,primary_candidate,Campo critico con cobertura y evidencia suficientes en la muestra.
webs_propias_phase7_2026-06-14T20-43-50-127Z,MARTE,constructoramartesa.com,wordpress_sitemap_rest_html,phase5_wordpress_html_jsonld,address,2,2,100,66,0,0,0,0,0,100,primary_candidate,Campo critico con cobertura y evidencia suficientes en la muestra.
webs_propias_phase7_2026-06-14T20-43-50-127Z,MARTE,constructoramartesa.com,wordpress_sitemap_rest_html,phase5_wordpress_html_jsonld,typology,2,0,0,0,100,0,0,0,0,0,not_recommended,Campo no observado en la muestra Fase 5.
webs_propias_phase7_2026-06-14T20-43-50-127Z,MARTE,constructoramartesa.com,wordpress_sitemap_rest_html,phase5_wordpress_html_jsonld,bedrooms,2,1,50,66,50,0,0,0,0,100,enrichment_only,"Campo util para enriquecimiento, no necesariamente fuente primaria."
webs_propias_phase7_2026-06-14T20-43-50-127Z,MARTE,constructoramartesa.com,wordpress_sitemap_rest_html,phase5_wordpress_html_jsonld,total_area,2,1,50,66,50,0,0,0,0,100,enrichment_only,"Campo util para enriquecimiento, no necesariamente fuente primaria."
webs_propias_phase7_2026-06-14T20-43-50-127Z,MARTE,constructoramartesa.com,wordpress_sitemap_rest_html,phase5_wordpress_html_jsonld,unit_status,2,1,50,33,50,0,0,0,0,100,enrichment_only,"Campo util para enriquecimiento, no necesariamente fuente primaria."
webs_propias_phase7_2026-06-14T20-43-50-127Z,MARTE,constructoramartesa.com,wordpress_sitemap_rest_html,phase5_wordpress_html_jsonld,unit_count,2,0,0,0,100,0,0,0,0,0,not_recommended,Campo no observado en la muestra Fase 5.
webs_propias_phase7_2026-06-14T20-43-50-127Z,MARTE,constructoramartesa.com,wordpress_sitemap_rest_html,phase5_wordpress_html_jsonld,list_price_avg,2,0,0,0,100,0,0,0,0,0,not_recommended,Campo no observado en la muestra Fase 5.
webs_propias_phase7_2026-06-14T20-43-50-127Z,MARTE,constructoramartesa.com,wordpress_sitemap_rest_html,phase5_wordpress_html_jsonld,currency,2,0,0,0,100,0,0,0,0,0,not_recommended,Campo no observado en la muestra Fase 5.
webs_propias_phase7_2026-06-14T20-43-50-127Z,MARTE,constructoramartesa.com,wordpress_sitemap_rest_html,phase5_wordpress_html_jsonld,delivery_year,2,0,0,0,100,0,0,0,0,0,not_recommended,Campo no observado en la muestra Fase 5.
webs_propias_phase7_2026-06-14T20-43-50-127Z,MARTE,constructoramartesa.com,wordpress_sitemap_rest_html,phase5_wordpress_html_jsonld,delivery_date,2,1,50,66,50,0,0,0,0,100,enrichment_only,"Campo util para enriquecimiento, no necesariamente fuente primaria."
webs_propias_phase7_2026-06-14T20-43-50-127Z,MARTE,constructoramartesa.com,wordpress_sitemap_rest_html,phase5_wordpress_html_jsonld,description,2,0,0,0,100,0,0,0,0,0,not_recommended,Campo no observado en la muestra Fase 5.
webs_propias_phase7_2026-06-14T20-43-50-127Z,MARTE,constructoramartesa.com,wordpress_sitemap_rest_html,phase5_wordpress_html_jsonld,amenities,2,1,50,33,50,0,0,0,0,100,enrichment_only,"Campo util para enriquecimiento, no necesariamente fuente primaria."
webs_propias_phase7_2026-06-14T20-43-50-127Z,MARTE,constructoramartesa.com,wordpress_sitemap_rest_html,phase5_wordpress_html_jsonld,contact_name,2,0,0,0,100,0,0,0,0,0,not_recommended,Campo no observado en la muestra Fase 5.
webs_propias_phase7_2026-06-14T20-43-50-127Z,MARTE,constructoramartesa.com,wordpress_sitemap_rest_html,phase5_wordpress_html_jsonld,contact_phone,2,2,100,66,0,0,0,0,0,100,enrichment_only,"Campo util para enriquecimiento, no necesariamente fuente primaria."
webs_propias_phase7_2026-06-14T20-43-50-127Z,MARTE,constructoramartesa.com,wordpress_sitemap_rest_html,phase5_wordpress_html_jsonld,whatsapp,2,2,100,66,0,0,0,0,0,100,enrichment_only,"Campo util para enriquecimiento, no necesariamente fuente primaria."
webs_propias_phase7_2026-06-14T20-43-50-127Z,MARTE,constructoramartesa.com,wordpress_sitemap_rest_html,phase5_wordpress_html_jsonld,email,2,2,100,66,0,0,0,0,0,100,enrichment_only,"Campo util para enriquecimiento, no necesariamente fuente primaria."
webs_propias_phase7_2026-06-14T20-43-50-127Z,MARTE,constructoramartesa.com,wordpress_sitemap_rest_html,phase5_wordpress_html_jsonld,financing_banks,2,0,0,0,100,0,0,0,0,0,not_recommended,Campo no observado en la muestra Fase 5.
webs_propias_phase7_2026-06-14T20-43-50-127Z,MARTE,constructoramartesa.com,wordpress_sitemap_rest_html,phase5_wordpress_html_jsonld,latitude,2,0,0,0,100,0,0,100,0,0,not_recommended,Campo no observado en la muestra Fase 5.
webs_propias_phase7_2026-06-14T20-43-50-127Z,MARTE,constructoramartesa.com,wordpress_sitemap_rest_html,phase5_wordpress_html_jsonld,longitude,2,0,0,0,100,0,0,100,0,0,not_recommended,Campo no observado en la muestra Fase 5.
webs_propias_phase7_2026-06-14T20-43-50-127Z,STELLA INMOBILIARIA,stellainmobiliaria.pe,wordpress_sitemap_rest_html,phase5_wordpress_html_jsonld,source_url,1,1,100,100,0,0,0,0,0,100,primary_candidate,Campo critico con cobertura y evidencia suficientes en la muestra.
webs_propias_phase7_2026-06-14T20-43-50-127Z,STELLA INMOBILIARIA,stellainmobiliaria.pe,wordpress_sitemap_rest_html,phase5_wordpress_html_jsonld,agency_name,1,1,100,100,0,0,0,0,0,100,primary_candidate,Campo critico con cobertura y evidencia suficientes en la muestra.
webs_propias_phase7_2026-06-14T20-43-50-127Z,STELLA INMOBILIARIA,stellainmobiliaria.pe,wordpress_sitemap_rest_html,phase5_wordpress_html_jsonld,project_name,1,1,100,66,0,0,0,0,0,100,primary_candidate,Campo critico con cobertura y evidencia suficientes en la muestra.
webs_propias_phase7_2026-06-14T20-43-50-127Z,STELLA INMOBILIARIA,stellainmobiliaria.pe,wordpress_sitemap_rest_html,phase5_wordpress_html_jsonld,district,1,1,100,66,0,0,0,0,0,100,primary_candidate,Campo critico con cobertura y evidencia suficientes en la muestra.
webs_propias_phase7_2026-06-14T20-43-50-127Z,STELLA INMOBILIARIA,stellainmobiliaria.pe,wordpress_sitemap_rest_html,phase5_wordpress_html_jsonld,address,1,1,100,66,0,0,0,0,0,100,primary_candidate,Campo critico con cobertura y evidencia suficientes en la muestra.
webs_propias_phase7_2026-06-14T20-43-50-127Z,STELLA INMOBILIARIA,stellainmobiliaria.pe,wordpress_sitemap_rest_html,phase5_wordpress_html_jsonld,typology,1,0,0,0,100,0,0,0,0,0,not_recommended,Campo no observado en la muestra Fase 5.
webs_propias_phase7_2026-06-14T20-43-50-127Z,STELLA INMOBILIARIA,stellainmobiliaria.pe,wordpress_sitemap_rest_html,phase5_wordpress_html_jsonld,bedrooms,1,0,0,0,100,0,0,0,0,0,not_recommended,Campo no observado en la muestra Fase 5.
webs_propias_phase7_2026-06-14T20-43-50-127Z,STELLA INMOBILIARIA,stellainmobiliaria.pe,wordpress_sitemap_rest_html,phase5_wordpress_html_jsonld,total_area,1,0,0,0,100,0,0,0,0,0,not_recommended,Campo no observado en la muestra Fase 5.
webs_propias_phase7_2026-06-14T20-43-50-127Z,STELLA INMOBILIARIA,stellainmobiliaria.pe,wordpress_sitemap_rest_html,phase5_wordpress_html_jsonld,unit_status,1,0,0,0,100,0,0,0,0,0,not_recommended,Campo no observado en la muestra Fase 5.
webs_propias_phase7_2026-06-14T20-43-50-127Z,STELLA INMOBILIARIA,stellainmobiliaria.pe,wordpress_sitemap_rest_html,phase5_wordpress_html_jsonld,unit_count,1,0,0,0,100,0,0,0,0,0,not_recommended,Campo no observado en la muestra Fase 5.
webs_propias_phase7_2026-06-14T20-43-50-127Z,STELLA INMOBILIARIA,stellainmobiliaria.pe,wordpress_sitemap_rest_html,phase5_wordpress_html_jsonld,list_price_avg,1,0,0,0,100,0,0,0,0,0,not_recommended,Campo no observado en la muestra Fase 5.
webs_propias_phase7_2026-06-14T20-43-50-127Z,STELLA INMOBILIARIA,stellainmobiliaria.pe,wordpress_sitemap_rest_html,phase5_wordpress_html_jsonld,currency,1,0,0,0,100,0,0,0,0,0,not_recommended,Campo no observado en la muestra Fase 5.
webs_propias_phase7_2026-06-14T20-43-50-127Z,STELLA INMOBILIARIA,stellainmobiliaria.pe,wordpress_sitemap_rest_html,phase5_wordpress_html_jsonld,delivery_year,1,0,0,0,100,0,0,0,0,0,not_recommended,Campo no observado en la muestra Fase 5.
webs_propias_phase7_2026-06-14T20-43-50-127Z,STELLA INMOBILIARIA,stellainmobiliaria.pe,wordpress_sitemap_rest_html,phase5_wordpress_html_jsonld,delivery_date,1,0,0,0,100,0,0,0,0,0,not_recommended,Campo no observado en la muestra Fase 5.
webs_propias_phase7_2026-06-14T20-43-50-127Z,STELLA INMOBILIARIA,stellainmobiliaria.pe,wordpress_sitemap_rest_html,phase5_wordpress_html_jsonld,description,1,0,0,0,100,0,0,0,0,0,not_recommended,Campo no observado en la muestra Fase 5.
webs_propias_phase7_2026-06-14T20-43-50-127Z,STELLA INMOBILIARIA,stellainmobiliaria.pe,wordpress_sitemap_rest_html,phase5_wordpress_html_jsonld,amenities,1,0,0,0,100,0,0,0,0,0,not_recommended,Campo no observado en la muestra Fase 5.
webs_propias_phase7_2026-06-14T20-43-50-127Z,STELLA INMOBILIARIA,stellainmobiliaria.pe,wordpress_sitemap_rest_html,phase5_wordpress_html_jsonld,contact_name,1,0,0,0,100,0,0,0,0,0,not_recommended,Campo no observado en la muestra Fase 5.
webs_propias_phase7_2026-06-14T20-43-50-127Z,STELLA INMOBILIARIA,stellainmobiliaria.pe,wordpress_sitemap_rest_html,phase5_wordpress_html_jsonld,contact_phone,1,1,100,66,0,0,0,0,0,100,enrichment_only,"Campo util para enriquecimiento, no necesariamente fuente primaria."
webs_propias_phase7_2026-06-14T20-43-50-127Z,STELLA INMOBILIARIA,stellainmobiliaria.pe,wordpress_sitemap_rest_html,phase5_wordpress_html_jsonld,whatsapp,1,1,100,66,0,0,0,0,0,100,enrichment_only,"Campo util para enriquecimiento, no necesariamente fuente primaria."
webs_propias_phase7_2026-06-14T20-43-50-127Z,STELLA INMOBILIARIA,stellainmobiliaria.pe,wordpress_sitemap_rest_html,phase5_wordpress_html_jsonld,email,1,1,100,66,0,0,0,0,0,100,enrichment_only,"Campo util para enriquecimiento, no necesariamente fuente primaria."
webs_propias_phase7_2026-06-14T20-43-50-127Z,STELLA INMOBILIARIA,stellainmobiliaria.pe,wordpress_sitemap_rest_html,phase5_wordpress_html_jsonld,financing_banks,1,0,0,0,100,0,0,0,0,0,not_recommended,Campo no observado en la muestra Fase 5.
webs_propias_phase7_2026-06-14T20-43-50-127Z,STELLA INMOBILIARIA,stellainmobiliaria.pe,wordpress_sitemap_rest_html,phase5_wordpress_html_jsonld,latitude,1,0,0,0,100,0,0,0,0,0,not_recommended,Campo no observado en la muestra Fase 5.
webs_propias_phase7_2026-06-14T20-43-50-127Z,STELLA INMOBILIARIA,stellainmobiliaria.pe,wordpress_sitemap_rest_html,phase5_wordpress_html_jsonld,longitude,1,0,0,0,100,0,0,0,0,0,not_recommended,Campo no observado en la muestra Fase 5.
webs_propias_phase7_2026-06-14T20-43-50-127Z,CONSTRUCTORA ATLAS,constructoraatlas.com.pe,static_html_sitemap,phase5_static_html_jsonld,source_url,2,2,100,100,0,0,0,0,0,100,primary_candidate,Campo critico con cobertura y evidencia suficientes en la muestra.
webs_propias_phase7_2026-06-14T20-43-50-127Z,CONSTRUCTORA ATLAS,constructoraatlas.com.pe,static_html_sitemap,phase5_static_html_jsonld,agency_name,2,2,100,100,0,0,0,0,0,100,primary_candidate,Campo critico con cobertura y evidencia suficientes en la muestra.
webs_propias_phase7_2026-06-14T20-43-50-127Z,CONSTRUCTORA ATLAS,constructoraatlas.com.pe,static_html_sitemap,phase5_static_html_jsonld,project_name,2,2,100,66,0,0,0,0,0,100,primary_candidate,Campo critico con cobertura y evidencia suficientes en la muestra.
webs_propias_phase7_2026-06-14T20-43-50-127Z,CONSTRUCTORA ATLAS,constructoraatlas.com.pe,static_html_sitemap,phase5_static_html_jsonld,district,2,2,100,66,0,0,0,0,0,100,primary_candidate,Campo critico con cobertura y evidencia suficientes en la muestra.
webs_propias_phase7_2026-06-14T20-43-50-127Z,CONSTRUCTORA ATLAS,constructoraatlas.com.pe,static_html_sitemap,phase5_static_html_jsonld,address,2,2,100,66,0,0,0,0,0,100,primary_candidate,Campo critico con cobertura y evidencia suficientes en la muestra.
webs_propias_phase7_2026-06-14T20-43-50-127Z,CONSTRUCTORA ATLAS,constructoraatlas.com.pe,static_html_sitemap,phase5_static_html_jsonld,typology,2,1,50,66,50,0,0,0,0,100,enrichment_only,"Campo util para enriquecimiento, no necesariamente fuente primaria."
webs_propias_phase7_2026-06-14T20-43-50-127Z,CONSTRUCTORA ATLAS,constructoraatlas.com.pe,static_html_sitemap,phase5_static_html_jsonld,bedrooms,2,1,50,66,50,0,0,0,0,100,enrichment_only,"Campo util para enriquecimiento, no necesariamente fuente primaria."
webs_propias_phase7_2026-06-14T20-43-50-127Z,CONSTRUCTORA ATLAS,constructoraatlas.com.pe,static_html_sitemap,phase5_static_html_jsonld,total_area,2,2,100,66,0,0,0,0,2,100,primary_candidate,Campo critico con cobertura y evidencia suficientes en la muestra.
webs_propias_phase7_2026-06-14T20-43-50-127Z,CONSTRUCTORA ATLAS,constructoraatlas.com.pe,static_html_sitemap,phase5_static_html_jsonld,unit_status,2,0,0,0,100,0,0,0,0,0,not_recommended,Campo no observado en la muestra Fase 5.
webs_propias_phase7_2026-06-14T20-43-50-127Z,CONSTRUCTORA ATLAS,constructoraatlas.com.pe,static_html_sitemap,phase5_static_html_jsonld,unit_count,2,0,0,0,100,0,0,0,0,0,not_recommended,Campo no observado en la muestra Fase 5.
webs_propias_phase7_2026-06-14T20-43-50-127Z,CONSTRUCTORA ATLAS,constructoraatlas.com.pe,static_html_sitemap,phase5_static_html_jsonld,list_price_avg,2,0,0,0,100,0,0,0,0,0,not_recommended,Campo no observado en la muestra Fase 5.
webs_propias_phase7_2026-06-14T20-43-50-127Z,CONSTRUCTORA ATLAS,constructoraatlas.com.pe,static_html_sitemap,phase5_static_html_jsonld,currency,2,0,0,0,100,0,0,0,0,0,not_recommended,Campo no observado en la muestra Fase 5.
webs_propias_phase7_2026-06-14T20-43-50-127Z,CONSTRUCTORA ATLAS,constructoraatlas.com.pe,static_html_sitemap,phase5_static_html_jsonld,delivery_year,2,0,0,0,100,0,0,0,0,0,not_recommended,Campo no observado en la muestra Fase 5.
webs_propias_phase7_2026-06-14T20-43-50-127Z,CONSTRUCTORA ATLAS,constructoraatlas.com.pe,static_html_sitemap,phase5_static_html_jsonld,delivery_date,2,0,0,0,100,0,0,0,0,0,not_recommended,Campo no observado en la muestra Fase 5.
webs_propias_phase7_2026-06-14T20-43-50-127Z,CONSTRUCTORA ATLAS,constructoraatlas.com.pe,static_html_sitemap,phase5_static_html_jsonld,description,2,2,100,66,0,0,0,0,0,100,enrichment_only,"Campo util para enriquecimiento, no necesariamente fuente primaria."
webs_propias_phase7_2026-06-14T20-43-50-127Z,CONSTRUCTORA ATLAS,constructoraatlas.com.pe,static_html_sitemap,phase5_static_html_jsonld,amenities,2,1,50,33,50,0,0,0,0,100,enrichment_only,"Campo util para enriquecimiento, no necesariamente fuente primaria."
webs_propias_phase7_2026-06-14T20-43-50-127Z,CONSTRUCTORA ATLAS,constructoraatlas.com.pe,static_html_sitemap,phase5_static_html_jsonld,contact_name,2,0,0,0,100,0,0,0,0,0,not_recommended,Campo no observado en la muestra Fase 5.
webs_propias_phase7_2026-06-14T20-43-50-127Z,CONSTRUCTORA ATLAS,constructoraatlas.com.pe,static_html_sitemap,phase5_static_html_jsonld,contact_phone,2,2,100,66,0,0,0,0,0,100,enrichment_only,"Campo util para enriquecimiento, no necesariamente fuente primaria."
webs_propias_phase7_2026-06-14T20-43-50-127Z,CONSTRUCTORA ATLAS,constructoraatlas.com.pe,static_html_sitemap,phase5_static_html_jsonld,whatsapp,2,2,100,66,0,0,0,0,0,100,enrichment_only,"Campo util para enriquecimiento, no necesariamente fuente primaria."
webs_propias_phase7_2026-06-14T20-43-50-127Z,CONSTRUCTORA ATLAS,constructoraatlas.com.pe,static_html_sitemap,phase5_static_html_jsonld,email,2,2,100,66,0,0,0,0,0,100,enrichment_only,"Campo util para enriquecimiento, no necesariamente fuente primaria."
webs_propias_phase7_2026-06-14T20-43-50-127Z,CONSTRUCTORA ATLAS,constructoraatlas.com.pe,static_html_sitemap,phase5_static_html_jsonld,financing_banks,2,0,0,0,100,0,0,0,0,0,not_recommended,Campo no observado en la muestra Fase 5.
webs_propias_phase7_2026-06-14T20-43-50-127Z,CONSTRUCTORA ATLAS,constructoraatlas.com.pe,static_html_sitemap,phase5_static_html_jsonld,latitude,2,0,0,0,100,0,0,0,0,0,not_recommended,Campo no observado en la muestra Fase 5.
webs_propias_phase7_2026-06-14T20-43-50-127Z,CONSTRUCTORA ATLAS,constructoraatlas.com.pe,static_html_sitemap,phase5_static_html_jsonld,longitude,2,0,0,0,100,0,0,0,0,0,not_recommended,Campo no observado en la muestra Fase 5.
webs_propias_phase7_2026-06-14T20-43-50-127Z,INITALIA,initalia.pe,embedded_json_html,phase5_embedded_json_html,source_url,1,1,100,100,0,0,0,0,0,100,primary_candidate,Campo critico con cobertura y evidencia suficientes en la muestra.
webs_propias_phase7_2026-06-14T20-43-50-127Z,INITALIA,initalia.pe,embedded_json_html,phase5_embedded_json_html,agency_name,1,1,100,100,0,0,0,0,0,100,primary_candidate,Campo critico con cobertura y evidencia suficientes en la muestra.
webs_propias_phase7_2026-06-14T20-43-50-127Z,INITALIA,initalia.pe,embedded_json_html,phase5_embedded_json_html,project_name,1,1,100,66,0,0,0,0,0,100,primary_candidate,Campo critico con cobertura y evidencia suficientes en la muestra.
webs_propias_phase7_2026-06-14T20-43-50-127Z,INITALIA,initalia.pe,embedded_json_html,phase5_embedded_json_html,district,1,1,100,66,0,0,0,0,0,100,primary_candidate,Campo critico con cobertura y evidencia suficientes en la muestra.
webs_propias_phase7_2026-06-14T20-43-50-127Z,INITALIA,initalia.pe,embedded_json_html,phase5_embedded_json_html,address,1,0,0,0,100,0,0,0,0,0,not_recommended,Campo no observado en la muestra Fase 5.
webs_propias_phase7_2026-06-14T20-43-50-127Z,INITALIA,initalia.pe,embedded_json_html,phase5_embedded_json_html,typology,1,1,100,66,0,0,0,0,0,100,primary_candidate,Campo critico con cobertura y evidencia suficientes en la muestra.
webs_propias_phase7_2026-06-14T20-43-50-127Z,INITALIA,initalia.pe,embedded_json_html,phase5_embedded_json_html,bedrooms,1,0,0,0,100,0,0,0,0,0,not_recommended,Campo no observado en la muestra Fase 5.
webs_propias_phase7_2026-06-14T20-43-50-127Z,INITALIA,initalia.pe,embedded_json_html,phase5_embedded_json_html,total_area,1,0,0,0,100,0,0,0,0,0,not_recommended,Campo no observado en la muestra Fase 5.
webs_propias_phase7_2026-06-14T20-43-50-127Z,INITALIA,initalia.pe,embedded_json_html,phase5_embedded_json_html,unit_status,1,1,100,33,0,0,0,0,0,100,primary_candidate,Campo critico con cobertura y evidencia suficientes en la muestra.
webs_propias_phase7_2026-06-14T20-43-50-127Z,INITALIA,initalia.pe,embedded_json_html,phase5_embedded_json_html,unit_count,1,0,0,0,100,0,0,0,0,0,not_recommended,Campo no observado en la muestra Fase 5.
webs_propias_phase7_2026-06-14T20-43-50-127Z,INITALIA,initalia.pe,embedded_json_html,phase5_embedded_json_html,list_price_avg,1,0,0,0,100,0,0,0,0,0,not_recommended,Campo no observado en la muestra Fase 5.
webs_propias_phase7_2026-06-14T20-43-50-127Z,INITALIA,initalia.pe,embedded_json_html,phase5_embedded_json_html,currency,1,0,0,0,100,0,0,0,0,0,not_recommended,Campo no observado en la muestra Fase 5.
webs_propias_phase7_2026-06-14T20-43-50-127Z,INITALIA,initalia.pe,embedded_json_html,phase5_embedded_json_html,delivery_year,1,0,0,0,100,0,0,0,0,0,not_recommended,Campo no observado en la muestra Fase 5.
webs_propias_phase7_2026-06-14T20-43-50-127Z,INITALIA,initalia.pe,embedded_json_html,phase5_embedded_json_html,delivery_date,1,0,0,0,100,0,0,0,0,0,not_recommended,Campo no observado en la muestra Fase 5.
webs_propias_phase7_2026-06-14T20-43-50-127Z,INITALIA,initalia.pe,embedded_json_html,phase5_embedded_json_html,description,1,0,0,0,100,0,0,0,0,0,not_recommended,Campo no observado en la muestra Fase 5.
webs_propias_phase7_2026-06-14T20-43-50-127Z,INITALIA,initalia.pe,embedded_json_html,phase5_embedded_json_html,amenities,1,0,0,0,100,0,0,0,0,0,not_recommended,Campo no observado en la muestra Fase 5.
webs_propias_phase7_2026-06-14T20-43-50-127Z,INITALIA,initalia.pe,embedded_json_html,phase5_embedded_json_html,contact_name,1,0,0,0,100,0,0,0,0,0,not_recommended,Campo no observado en la muestra Fase 5.
webs_propias_phase7_2026-06-14T20-43-50-127Z,INITALIA,initalia.pe,embedded_json_html,phase5_embedded_json_html,contact_phone,1,1,100,66,0,0,0,0,0,100,enrichment_only,"Campo util para enriquecimiento, no necesariamente fuente primaria."
webs_propias_phase7_2026-06-14T20-43-50-127Z,INITALIA,initalia.pe,embedded_json_html,phase5_embedded_json_html,whatsapp,1,1,100,66,0,0,0,0,0,100,enrichment_only,"Campo util para enriquecimiento, no necesariamente fuente primaria."
webs_propias_phase7_2026-06-14T20-43-50-127Z,INITALIA,initalia.pe,embedded_json_html,phase5_embedded_json_html,email,1,1,100,66,0,0,0,0,0,100,enrichment_only,"Campo util para enriquecimiento, no necesariamente fuente primaria."
webs_propias_phase7_2026-06-14T20-43-50-127Z,INITALIA,initalia.pe,embedded_json_html,phase5_embedded_json_html,financing_banks,1,0,0,0,100,0,0,0,0,0,not_recommended,Campo no observado en la muestra Fase 5.
webs_propias_phase7_2026-06-14T20-43-50-127Z,INITALIA,initalia.pe,embedded_json_html,phase5_embedded_json_html,latitude,1,0,0,0,100,0,0,0,0,0,not_recommended,Campo no observado en la muestra Fase 5.
webs_propias_phase7_2026-06-14T20-43-50-127Z,INITALIA,initalia.pe,embedded_json_html,phase5_embedded_json_html,longitude,1,0,0,0,100,0,0,0,0,0,not_recommended,Campo no observado en la muestra Fase 5.
webs_propias_phase7_2026-06-14T20-43-50-127Z,GRATIA CONSTRUCTORA,gratia.com.pe,wordpress_sitemap_rest_html,phase5_wordpress_html_jsonld,source_url,2,2,100,100,0,0,0,0,0,100,primary_candidate,Campo critico con cobertura y evidencia suficientes en la muestra.
webs_propias_phase7_2026-06-14T20-43-50-127Z,GRATIA CONSTRUCTORA,gratia.com.pe,wordpress_sitemap_rest_html,phase5_wordpress_html_jsonld,agency_name,2,2,100,100,0,0,0,0,0,100,primary_candidate,Campo critico con cobertura y evidencia suficientes en la muestra.
webs_propias_phase7_2026-06-14T20-43-50-127Z,GRATIA CONSTRUCTORA,gratia.com.pe,wordpress_sitemap_rest_html,phase5_wordpress_html_jsonld,project_name,2,2,100,66,0,0,0,0,0,100,primary_candidate,Campo critico con cobertura y evidencia suficientes en la muestra.
webs_propias_phase7_2026-06-14T20-43-50-127Z,GRATIA CONSTRUCTORA,gratia.com.pe,wordpress_sitemap_rest_html,phase5_wordpress_html_jsonld,district,2,2,100,66,0,0,0,0,0,100,primary_candidate,Campo critico con cobertura y evidencia suficientes en la muestra.
webs_propias_phase7_2026-06-14T20-43-50-127Z,GRATIA CONSTRUCTORA,gratia.com.pe,wordpress_sitemap_rest_html,phase5_wordpress_html_jsonld,address,2,1,50,66,50,0,0,0,0,100,enrichment_only,"Campo util para enriquecimiento, no necesariamente fuente primaria."
webs_propias_phase7_2026-06-14T20-43-50-127Z,GRATIA CONSTRUCTORA,gratia.com.pe,wordpress_sitemap_rest_html,phase5_wordpress_html_jsonld,typology,2,2,100,66,0,0,0,0,0,100,primary_candidate,Campo critico con cobertura y evidencia suficientes en la muestra.
webs_propias_phase7_2026-06-14T20-43-50-127Z,GRATIA CONSTRUCTORA,gratia.com.pe,wordpress_sitemap_rest_html,phase5_wordpress_html_jsonld,bedrooms,2,0,0,0,100,0,0,0,0,0,not_recommended,Campo no observado en la muestra Fase 5.
webs_propias_phase7_2026-06-14T20-43-50-127Z,GRATIA CONSTRUCTORA,gratia.com.pe,wordpress_sitemap_rest_html,phase5_wordpress_html_jsonld,total_area,2,1,50,66,50,0,0,0,0,100,enrichment_only,"Campo util para enriquecimiento, no necesariamente fuente primaria."
webs_propias_phase7_2026-06-14T20-43-50-127Z,GRATIA CONSTRUCTORA,gratia.com.pe,wordpress_sitemap_rest_html,phase5_wordpress_html_jsonld,unit_status,2,1,50,33,50,0,0,0,0,100,enrichment_only,"Campo util para enriquecimiento, no necesariamente fuente primaria."
webs_propias_phase7_2026-06-14T20-43-50-127Z,GRATIA CONSTRUCTORA,gratia.com.pe,wordpress_sitemap_rest_html,phase5_wordpress_html_jsonld,unit_count,2,0,0,0,100,0,0,0,0,0,not_recommended,Campo no observado en la muestra Fase 5.
webs_propias_phase7_2026-06-14T20-43-50-127Z,GRATIA CONSTRUCTORA,gratia.com.pe,wordpress_sitemap_rest_html,phase5_wordpress_html_jsonld,list_price_avg,2,0,0,0,100,0,0,0,0,0,not_recommended,Campo no observado en la muestra Fase 5.
webs_propias_phase7_2026-06-14T20-43-50-127Z,GRATIA CONSTRUCTORA,gratia.com.pe,wordpress_sitemap_rest_html,phase5_wordpress_html_jsonld,currency,2,0,0,0,100,0,0,0,0,0,not_recommended,Campo no observado en la muestra Fase 5.
webs_propias_phase7_2026-06-14T20-43-50-127Z,GRATIA CONSTRUCTORA,gratia.com.pe,wordpress_sitemap_rest_html,phase5_wordpress_html_jsonld,delivery_year,2,0,0,0,100,0,0,0,0,0,not_recommended,Campo no observado en la muestra Fase 5.
webs_propias_phase7_2026-06-14T20-43-50-127Z,GRATIA CONSTRUCTORA,gratia.com.pe,wordpress_sitemap_rest_html,phase5_wordpress_html_jsonld,delivery_date,2,0,0,0,100,0,0,0,0,0,not_recommended,Campo no observado en la muestra Fase 5.
webs_propias_phase7_2026-06-14T20-43-50-127Z,GRATIA CONSTRUCTORA,gratia.com.pe,wordpress_sitemap_rest_html,phase5_wordpress_html_jsonld,description,2,0,0,0,100,0,0,0,0,0,not_recommended,Campo no observado en la muestra Fase 5.
webs_propias_phase7_2026-06-14T20-43-50-127Z,GRATIA CONSTRUCTORA,gratia.com.pe,wordpress_sitemap_rest_html,phase5_wordpress_html_jsonld,amenities,2,1,50,33,50,0,0,0,0,100,enrichment_only,"Campo util para enriquecimiento, no necesariamente fuente primaria."
webs_propias_phase7_2026-06-14T20-43-50-127Z,GRATIA CONSTRUCTORA,gratia.com.pe,wordpress_sitemap_rest_html,phase5_wordpress_html_jsonld,contact_name,2,0,0,0,100,0,0,0,0,0,not_recommended,Campo no observado en la muestra Fase 5.
webs_propias_phase7_2026-06-14T20-43-50-127Z,GRATIA CONSTRUCTORA,gratia.com.pe,wordpress_sitemap_rest_html,phase5_wordpress_html_jsonld,contact_phone,2,2,100,66,0,0,0,0,0,100,enrichment_only,"Campo util para enriquecimiento, no necesariamente fuente primaria."
webs_propias_phase7_2026-06-14T20-43-50-127Z,GRATIA CONSTRUCTORA,gratia.com.pe,wordpress_sitemap_rest_html,phase5_wordpress_html_jsonld,whatsapp,2,1,50,66,50,0,0,0,0,100,enrichment_only,"Campo util para enriquecimiento, no necesariamente fuente primaria."
webs_propias_phase7_2026-06-14T20-43-50-127Z,GRATIA CONSTRUCTORA,gratia.com.pe,wordpress_sitemap_rest_html,phase5_wordpress_html_jsonld,email,2,2,100,66,0,0,0,0,0,100,enrichment_only,"Campo util para enriquecimiento, no necesariamente fuente primaria."
webs_propias_phase7_2026-06-14T20-43-50-127Z,GRATIA CONSTRUCTORA,gratia.com.pe,wordpress_sitemap_rest_html,phase5_wordpress_html_jsonld,financing_banks,2,0,0,0,100,0,0,0,0,0,not_recommended,Campo no observado en la muestra Fase 5.
webs_propias_phase7_2026-06-14T20-43-50-127Z,GRATIA CONSTRUCTORA,gratia.com.pe,wordpress_sitemap_rest_html,phase5_wordpress_html_jsonld,latitude,2,0,0,0,100,0,0,100,0,0,not_recommended,Campo no observado en la muestra Fase 5.
webs_propias_phase7_2026-06-14T20-43-50-127Z,GRATIA CONSTRUCTORA,gratia.com.pe,wordpress_sitemap_rest_html,phase5_wordpress_html_jsonld,longitude,2,0,0,0,100,0,0,100,0,0,not_recommended,Campo no observado en la muestra Fase 5.
webs_propias_phase7_2026-06-14T20-43-50-127Z,INMOBILIARIA ARES,inmobiliariaares.pe,wordpress_sitemap_rest_html,phase5_wordpress_html_jsonld,source_url,1,1,100,100,0,0,0,0,0,100,primary_candidate,Campo critico con cobertura y evidencia suficientes en la muestra.
webs_propias_phase7_2026-06-14T20-43-50-127Z,INMOBILIARIA ARES,inmobiliariaares.pe,wordpress_sitemap_rest_html,phase5_wordpress_html_jsonld,agency_name,1,1,100,100,0,0,0,0,0,100,primary_candidate,Campo critico con cobertura y evidencia suficientes en la muestra.
webs_propias_phase7_2026-06-14T20-43-50-127Z,INMOBILIARIA ARES,inmobiliariaares.pe,wordpress_sitemap_rest_html,phase5_wordpress_html_jsonld,project_name,1,1,100,66,0,0,0,0,0,100,primary_candidate,Campo critico con cobertura y evidencia suficientes en la muestra.
webs_propias_phase7_2026-06-14T20-43-50-127Z,INMOBILIARIA ARES,inmobiliariaares.pe,wordpress_sitemap_rest_html,phase5_wordpress_html_jsonld,district,1,1,100,66,0,0,0,0,0,100,primary_candidate,Campo critico con cobertura y evidencia suficientes en la muestra.
webs_propias_phase7_2026-06-14T20-43-50-127Z,INMOBILIARIA ARES,inmobiliariaares.pe,wordpress_sitemap_rest_html,phase5_wordpress_html_jsonld,address,1,0,0,0,100,0,0,100,0,0,not_recommended,Campo no observado en la muestra Fase 5.
webs_propias_phase7_2026-06-14T20-43-50-127Z,INMOBILIARIA ARES,inmobiliariaares.pe,wordpress_sitemap_rest_html,phase5_wordpress_html_jsonld,typology,1,1,100,66,0,0,0,0,0,100,primary_candidate,Campo critico con cobertura y evidencia suficientes en la muestra.
webs_propias_phase7_2026-06-14T20-43-50-127Z,INMOBILIARIA ARES,inmobiliariaares.pe,wordpress_sitemap_rest_html,phase5_wordpress_html_jsonld,bedrooms,1,1,100,66,0,0,0,0,0,100,primary_candidate,Campo critico con cobertura y evidencia suficientes en la muestra.
webs_propias_phase7_2026-06-14T20-43-50-127Z,INMOBILIARIA ARES,inmobiliariaares.pe,wordpress_sitemap_rest_html,phase5_wordpress_html_jsonld,total_area,1,1,100,66,0,0,0,0,0,100,primary_candidate,Campo critico con cobertura y evidencia suficientes en la muestra.
webs_propias_phase7_2026-06-14T20-43-50-127Z,INMOBILIARIA ARES,inmobiliariaares.pe,wordpress_sitemap_rest_html,phase5_wordpress_html_jsonld,unit_status,1,0,0,0,100,0,0,0,0,0,not_recommended,Campo no observado en la muestra Fase 5.
webs_propias_phase7_2026-06-14T20-43-50-127Z,INMOBILIARIA ARES,inmobiliariaares.pe,wordpress_sitemap_rest_html,phase5_wordpress_html_jsonld,unit_count,1,0,0,0,100,0,0,0,0,0,not_recommended,Campo no observado en la muestra Fase 5.
webs_propias_phase7_2026-06-14T20-43-50-127Z,INMOBILIARIA ARES,inmobiliariaares.pe,wordpress_sitemap_rest_html,phase5_wordpress_html_jsonld,list_price_avg,1,0,0,0,100,0,0,0,0,0,not_recommended,Campo no observado en la muestra Fase 5.
webs_propias_phase7_2026-06-14T20-43-50-127Z,INMOBILIARIA ARES,inmobiliariaares.pe,wordpress_sitemap_rest_html,phase5_wordpress_html_jsonld,currency,1,0,0,0,100,0,0,0,0,0,not_recommended,Campo no observado en la muestra Fase 5.
webs_propias_phase7_2026-06-14T20-43-50-127Z,INMOBILIARIA ARES,inmobiliariaares.pe,wordpress_sitemap_rest_html,phase5_wordpress_html_jsonld,delivery_year,1,1,100,66,0,0,0,0,0,100,primary_candidate,Campo critico con cobertura y evidencia suficientes en la muestra.
webs_propias_phase7_2026-06-14T20-43-50-127Z,INMOBILIARIA ARES,inmobiliariaares.pe,wordpress_sitemap_rest_html,phase5_wordpress_html_jsonld,delivery_date,1,1,100,66,0,0,0,0,0,100,primary_candidate,Campo critico con cobertura y evidencia suficientes en la muestra.
webs_propias_phase7_2026-06-14T20-43-50-127Z,INMOBILIARIA ARES,inmobiliariaares.pe,wordpress_sitemap_rest_html,phase5_wordpress_html_jsonld,description,1,0,0,0,100,0,0,0,0,0,not_recommended,Campo no observado en la muestra Fase 5.
webs_propias_phase7_2026-06-14T20-43-50-127Z,INMOBILIARIA ARES,inmobiliariaares.pe,wordpress_sitemap_rest_html,phase5_wordpress_html_jsonld,amenities,1,1,100,33,0,0,0,0,0,100,enrichment_only,"Campo util para enriquecimiento, no necesariamente fuente primaria."
webs_propias_phase7_2026-06-14T20-43-50-127Z,INMOBILIARIA ARES,inmobiliariaares.pe,wordpress_sitemap_rest_html,phase5_wordpress_html_jsonld,contact_name,1,0,0,0,100,0,0,0,0,0,not_recommended,Campo no observado en la muestra Fase 5.
webs_propias_phase7_2026-06-14T20-43-50-127Z,INMOBILIARIA ARES,inmobiliariaares.pe,wordpress_sitemap_rest_html,phase5_wordpress_html_jsonld,contact_phone,1,1,100,66,0,0,0,0,0,100,enrichment_only,"Campo util para enriquecimiento, no necesariamente fuente primaria."
webs_propias_phase7_2026-06-14T20-43-50-127Z,INMOBILIARIA ARES,inmobiliariaares.pe,wordpress_sitemap_rest_html,phase5_wordpress_html_jsonld,whatsapp,1,0,0,0,100,0,0,0,0,0,not_recommended,Campo no observado en la muestra Fase 5.
webs_propias_phase7_2026-06-14T20-43-50-127Z,INMOBILIARIA ARES,inmobiliariaares.pe,wordpress_sitemap_rest_html,phase5_wordpress_html_jsonld,email,1,1,100,66,0,0,0,0,0,100,enrichment_only,"Campo util para enriquecimiento, no necesariamente fuente primaria."
webs_propias_phase7_2026-06-14T20-43-50-127Z,INMOBILIARIA ARES,inmobiliariaares.pe,wordpress_sitemap_rest_html,phase5_wordpress_html_jsonld,financing_banks,1,1,100,33,0,0,0,0,0,100,enrichment_only,"Campo util para enriquecimiento, no necesariamente fuente primaria."
webs_propias_phase7_2026-06-14T20-43-50-127Z,INMOBILIARIA ARES,inmobiliariaares.pe,wordpress_sitemap_rest_html,phase5_wordpress_html_jsonld,latitude,1,0,0,0,100,0,0,100,0,0,not_recommended,Campo no observado en la muestra Fase 5.
webs_propias_phase7_2026-06-14T20-43-50-127Z,INMOBILIARIA ARES,inmobiliariaares.pe,wordpress_sitemap_rest_html,phase5_wordpress_html_jsonld,longitude,1,0,0,0,100,0,0,100,0,0,not_recommended,Campo no observado en la muestra Fase 5.
webs_propias_phase7_2026-06-14T20-43-50-127Z,KALLPA,constructorakallpa.pe,wordpress_sitemap_rest_html,phase5_wordpress_html_jsonld,source_url,2,2,100,100,0,0,0,0,0,100,primary_candidate,Campo critico con cobertura y evidencia suficientes en la muestra.
webs_propias_phase7_2026-06-14T20-43-50-127Z,KALLPA,constructorakallpa.pe,wordpress_sitemap_rest_html,phase5_wordpress_html_jsonld,agency_name,2,2,100,100,0,0,0,0,0,100,primary_candidate,Campo critico con cobertura y evidencia suficientes en la muestra.
webs_propias_phase7_2026-06-14T20-43-50-127Z,KALLPA,constructorakallpa.pe,wordpress_sitemap_rest_html,phase5_wordpress_html_jsonld,project_name,2,2,100,66,0,0,0,0,0,100,primary_candidate,Campo critico con cobertura y evidencia suficientes en la muestra.
webs_propias_phase7_2026-06-14T20-43-50-127Z,KALLPA,constructorakallpa.pe,wordpress_sitemap_rest_html,phase5_wordpress_html_jsonld,district,2,2,100,66,0,0,0,0,0,100,primary_candidate,Campo critico con cobertura y evidencia suficientes en la muestra.
webs_propias_phase7_2026-06-14T20-43-50-127Z,KALLPA,constructorakallpa.pe,wordpress_sitemap_rest_html,phase5_wordpress_html_jsonld,address,2,2,100,66,0,0,0,0,0,100,primary_candidate,Campo critico con cobertura y evidencia suficientes en la muestra.
webs_propias_phase7_2026-06-14T20-43-50-127Z,KALLPA,constructorakallpa.pe,wordpress_sitemap_rest_html,phase5_wordpress_html_jsonld,typology,2,0,0,0,100,0,0,0,0,0,not_recommended,Campo no observado en la muestra Fase 5.
webs_propias_phase7_2026-06-14T20-43-50-127Z,KALLPA,constructorakallpa.pe,wordpress_sitemap_rest_html,phase5_wordpress_html_jsonld,bedrooms,2,1,50,66,50,0,0,0,0,100,enrichment_only,"Campo util para enriquecimiento, no necesariamente fuente primaria."
webs_propias_phase7_2026-06-14T20-43-50-127Z,KALLPA,constructorakallpa.pe,wordpress_sitemap_rest_html,phase5_wordpress_html_jsonld,total_area,2,1,50,66,50,0,0,0,0,100,enrichment_only,"Campo util para enriquecimiento, no necesariamente fuente primaria."
webs_propias_phase7_2026-06-14T20-43-50-127Z,KALLPA,constructorakallpa.pe,wordpress_sitemap_rest_html,phase5_wordpress_html_jsonld,unit_status,2,2,100,33,0,0,0,0,0,100,primary_candidate,Campo critico con cobertura y evidencia suficientes en la muestra.
webs_propias_phase7_2026-06-14T20-43-50-127Z,KALLPA,constructorakallpa.pe,wordpress_sitemap_rest_html,phase5_wordpress_html_jsonld,unit_count,2,0,0,0,100,0,0,0,0,0,not_recommended,Campo no observado en la muestra Fase 5.
webs_propias_phase7_2026-06-14T20-43-50-127Z,KALLPA,constructorakallpa.pe,wordpress_sitemap_rest_html,phase5_wordpress_html_jsonld,list_price_avg,2,0,0,0,100,0,0,0,0,0,not_recommended,Campo no observado en la muestra Fase 5.
webs_propias_phase7_2026-06-14T20-43-50-127Z,KALLPA,constructorakallpa.pe,wordpress_sitemap_rest_html,phase5_wordpress_html_jsonld,currency,2,0,0,0,100,0,0,0,0,0,not_recommended,Campo no observado en la muestra Fase 5.
webs_propias_phase7_2026-06-14T20-43-50-127Z,KALLPA,constructorakallpa.pe,wordpress_sitemap_rest_html,phase5_wordpress_html_jsonld,delivery_year,2,2,100,66,0,0,0,0,0,100,primary_candidate,Campo critico con cobertura y evidencia suficientes en la muestra.
webs_propias_phase7_2026-06-14T20-43-50-127Z,KALLPA,constructorakallpa.pe,wordpress_sitemap_rest_html,phase5_wordpress_html_jsonld,delivery_date,2,2,100,66,0,0,0,0,0,100,primary_candidate,Campo critico con cobertura y evidencia suficientes en la muestra.
webs_propias_phase7_2026-06-14T20-43-50-127Z,KALLPA,constructorakallpa.pe,wordpress_sitemap_rest_html,phase5_wordpress_html_jsonld,description,2,0,0,0,100,0,0,0,0,0,not_recommended,Campo no observado en la muestra Fase 5.
webs_propias_phase7_2026-06-14T20-43-50-127Z,KALLPA,constructorakallpa.pe,wordpress_sitemap_rest_html,phase5_wordpress_html_jsonld,amenities,2,0,0,0,100,0,0,0,0,0,not_recommended,Campo no observado en la muestra Fase 5.
webs_propias_phase7_2026-06-14T20-43-50-127Z,KALLPA,constructorakallpa.pe,wordpress_sitemap_rest_html,phase5_wordpress_html_jsonld,contact_name,2,0,0,0,100,0,0,0,0,0,not_recommended,Campo no observado en la muestra Fase 5.
webs_propias_phase7_2026-06-14T20-43-50-127Z,KALLPA,constructorakallpa.pe,wordpress_sitemap_rest_html,phase5_wordpress_html_jsonld,contact_phone,2,0,0,0,100,0,0,0,0,0,not_recommended,Campo no observado en la muestra Fase 5.
webs_propias_phase7_2026-06-14T20-43-50-127Z,KALLPA,constructorakallpa.pe,wordpress_sitemap_rest_html,phase5_wordpress_html_jsonld,whatsapp,2,0,0,0,100,0,0,0,0,0,not_recommended,Campo no observado en la muestra Fase 5.
webs_propias_phase7_2026-06-14T20-43-50-127Z,KALLPA,constructorakallpa.pe,wordpress_sitemap_rest_html,phase5_wordpress_html_jsonld,email,2,2,100,66,0,0,0,0,0,100,enrichment_only,"Campo util para enriquecimiento, no necesariamente fuente primaria."
webs_propias_phase7_2026-06-14T20-43-50-127Z,KALLPA,constructorakallpa.pe,wordpress_sitemap_rest_html,phase5_wordpress_html_jsonld,financing_banks,2,0,0,0,100,0,0,0,0,0,not_recommended,Campo no observado en la muestra Fase 5.
webs_propias_phase7_2026-06-14T20-43-50-127Z,KALLPA,constructorakallpa.pe,wordpress_sitemap_rest_html,phase5_wordpress_html_jsonld,latitude,2,0,0,0,100,0,0,0,0,0,not_recommended,Campo no observado en la muestra Fase 5.
webs_propias_phase7_2026-06-14T20-43-50-127Z,KALLPA,constructorakallpa.pe,wordpress_sitemap_rest_html,phase5_wordpress_html_jsonld,longitude,2,0,0,0,100,0,0,0,0,0,not_recommended,Campo no observado en la muestra Fase 5.
webs_propias_phase7_2026-06-14T20-43-50-127Z,YOPLAC ASOCIADOS,yoplacasociados.com,wordpress_sitemap_rest_html,phase5_wordpress_html_jsonld,source_url,1,1,100,100,0,0,0,0,0,100,primary_candidate,Campo critico con cobertura y evidencia suficientes en la muestra.
webs_propias_phase7_2026-06-14T20-43-50-127Z,YOPLAC ASOCIADOS,yoplacasociados.com,wordpress_sitemap_rest_html,phase5_wordpress_html_jsonld,agency_name,1,1,100,100,0,0,0,0,0,100,primary_candidate,Campo critico con cobertura y evidencia suficientes en la muestra.
webs_propias_phase7_2026-06-14T20-43-50-127Z,YOPLAC ASOCIADOS,yoplacasociados.com,wordpress_sitemap_rest_html,phase5_wordpress_html_jsonld,project_name,1,1,100,66,0,0,0,0,0,100,primary_candidate,Campo critico con cobertura y evidencia suficientes en la muestra.
webs_propias_phase7_2026-06-14T20-43-50-127Z,YOPLAC ASOCIADOS,yoplacasociados.com,wordpress_sitemap_rest_html,phase5_wordpress_html_jsonld,district,1,1,100,66,0,0,0,0,0,100,primary_candidate,Campo critico con cobertura y evidencia suficientes en la muestra.
webs_propias_phase7_2026-06-14T20-43-50-127Z,YOPLAC ASOCIADOS,yoplacasociados.com,wordpress_sitemap_rest_html,phase5_wordpress_html_jsonld,address,1,1,100,66,0,0,0,0,0,100,primary_candidate,Campo critico con cobertura y evidencia suficientes en la muestra.
webs_propias_phase7_2026-06-14T20-43-50-127Z,YOPLAC ASOCIADOS,yoplacasociados.com,wordpress_sitemap_rest_html,phase5_wordpress_html_jsonld,typology,1,1,100,66,0,0,0,0,0,100,primary_candidate,Campo critico con cobertura y evidencia suficientes en la muestra.
webs_propias_phase7_2026-06-14T20-43-50-127Z,YOPLAC ASOCIADOS,yoplacasociados.com,wordpress_sitemap_rest_html,phase5_wordpress_html_jsonld,bedrooms,1,1,100,66,0,0,0,0,0,100,primary_candidate,Campo critico con cobertura y evidencia suficientes en la muestra.
webs_propias_phase7_2026-06-14T20-43-50-127Z,YOPLAC ASOCIADOS,yoplacasociados.com,wordpress_sitemap_rest_html,phase5_wordpress_html_jsonld,total_area,1,1,100,66,0,0,0,0,0,100,primary_candidate,Campo critico con cobertura y evidencia suficientes en la muestra.
webs_propias_phase7_2026-06-14T20-43-50-127Z,YOPLAC ASOCIADOS,yoplacasociados.com,wordpress_sitemap_rest_html,phase5_wordpress_html_jsonld,unit_status,1,1,100,33,0,0,0,0,0,100,primary_candidate,Campo critico con cobertura y evidencia suficientes en la muestra.
webs_propias_phase7_2026-06-14T20-43-50-127Z,YOPLAC ASOCIADOS,yoplacasociados.com,wordpress_sitemap_rest_html,phase5_wordpress_html_jsonld,unit_count,1,0,0,0,100,0,0,0,0,0,not_recommended,Campo no observado en la muestra Fase 5.
webs_propias_phase7_2026-06-14T20-43-50-127Z,YOPLAC ASOCIADOS,yoplacasociados.com,wordpress_sitemap_rest_html,phase5_wordpress_html_jsonld,list_price_avg,1,0,0,0,100,0,0,0,0,0,not_recommended,Campo no observado en la muestra Fase 5.
webs_propias_phase7_2026-06-14T20-43-50-127Z,YOPLAC ASOCIADOS,yoplacasociados.com,wordpress_sitemap_rest_html,phase5_wordpress_html_jsonld,currency,1,0,0,0,100,0,0,0,0,0,not_recommended,Campo no observado en la muestra Fase 5.
webs_propias_phase7_2026-06-14T20-43-50-127Z,YOPLAC ASOCIADOS,yoplacasociados.com,wordpress_sitemap_rest_html,phase5_wordpress_html_jsonld,delivery_year,1,0,0,0,100,0,0,0,0,0,not_recommended,Campo no observado en la muestra Fase 5.
webs_propias_phase7_2026-06-14T20-43-50-127Z,YOPLAC ASOCIADOS,yoplacasociados.com,wordpress_sitemap_rest_html,phase5_wordpress_html_jsonld,delivery_date,1,0,0,0,100,0,0,0,0,0,not_recommended,Campo no observado en la muestra Fase 5.
webs_propias_phase7_2026-06-14T20-43-50-127Z,YOPLAC ASOCIADOS,yoplacasociados.com,wordpress_sitemap_rest_html,phase5_wordpress_html_jsonld,description,1,1,100,66,0,0,0,0,0,100,enrichment_only,"Campo util para enriquecimiento, no necesariamente fuente primaria."
webs_propias_phase7_2026-06-14T20-43-50-127Z,YOPLAC ASOCIADOS,yoplacasociados.com,wordpress_sitemap_rest_html,phase5_wordpress_html_jsonld,amenities,1,0,0,0,100,0,0,0,0,0,not_recommended,Campo no observado en la muestra Fase 5.
webs_propias_phase7_2026-06-14T20-43-50-127Z,YOPLAC ASOCIADOS,yoplacasociados.com,wordpress_sitemap_rest_html,phase5_wordpress_html_jsonld,contact_name,1,0,0,0,100,0,0,0,0,0,not_recommended,Campo no observado en la muestra Fase 5.
webs_propias_phase7_2026-06-14T20-43-50-127Z,YOPLAC ASOCIADOS,yoplacasociados.com,wordpress_sitemap_rest_html,phase5_wordpress_html_jsonld,contact_phone,1,1,100,66,0,0,0,0,0,100,enrichment_only,"Campo util para enriquecimiento, no necesariamente fuente primaria."
webs_propias_phase7_2026-06-14T20-43-50-127Z,YOPLAC ASOCIADOS,yoplacasociados.com,wordpress_sitemap_rest_html,phase5_wordpress_html_jsonld,whatsapp,1,1,100,66,0,0,0,0,0,100,enrichment_only,"Campo util para enriquecimiento, no necesariamente fuente primaria."
webs_propias_phase7_2026-06-14T20-43-50-127Z,YOPLAC ASOCIADOS,yoplacasociados.com,wordpress_sitemap_rest_html,phase5_wordpress_html_jsonld,email,1,1,100,66,0,0,0,0,0,100,enrichment_only,"Campo util para enriquecimiento, no necesariamente fuente primaria."
webs_propias_phase7_2026-06-14T20-43-50-127Z,YOPLAC ASOCIADOS,yoplacasociados.com,wordpress_sitemap_rest_html,phase5_wordpress_html_jsonld,financing_banks,1,0,0,0,100,0,0,0,0,0,not_recommended,Campo no observado en la muestra Fase 5.
webs_propias_phase7_2026-06-14T20-43-50-127Z,YOPLAC ASOCIADOS,yoplacasociados.com,wordpress_sitemap_rest_html,phase5_wordpress_html_jsonld,latitude,1,0,0,0,100,0,0,0,0,0,not_recommended,Campo no observado en la muestra Fase 5.
webs_propias_phase7_2026-06-14T20-43-50-127Z,YOPLAC ASOCIADOS,yoplacasociados.com,wordpress_sitemap_rest_html,phase5_wordpress_html_jsonld,longitude,1,0,0,0,100,0,0,0,0,0,not_recommended,Campo no observado en la muestra Fase 5.
webs_propias_phase7_2026-06-14T20-43-50-127Z,GRUPO CHACARILLA SUR,grupochacarillasur.com,wordpress_sitemap_rest_html,phase5_fetch_failed,source_url,2,2,100,100,0,100,0,0,0,100,not_recommended,Alta tasa de error de extraccion en la muestra.
webs_propias_phase7_2026-06-14T20-43-50-127Z,GRUPO CHACARILLA SUR,grupochacarillasur.com,wordpress_sitemap_rest_html,phase5_fetch_failed,agency_name,2,2,100,100,0,100,0,0,0,100,not_recommended,Alta tasa de error de extraccion en la muestra.
webs_propias_phase7_2026-06-14T20-43-50-127Z,GRUPO CHACARILLA SUR,grupochacarillasur.com,wordpress_sitemap_rest_html,phase5_fetch_failed,project_name,2,2,100,33,0,100,0,0,0,100,not_recommended,Alta tasa de error de extraccion en la muestra.
webs_propias_phase7_2026-06-14T20-43-50-127Z,GRUPO CHACARILLA SUR,grupochacarillasur.com,wordpress_sitemap_rest_html,phase5_fetch_failed,district,2,0,0,0,100,100,0,0,0,0,not_recommended,Alta tasa de error de extraccion en la muestra.
webs_propias_phase7_2026-06-14T20-43-50-127Z,GRUPO CHACARILLA SUR,grupochacarillasur.com,wordpress_sitemap_rest_html,phase5_fetch_failed,address,2,0,0,0,100,100,0,0,0,0,not_recommended,Alta tasa de error de extraccion en la muestra.
webs_propias_phase7_2026-06-14T20-43-50-127Z,GRUPO CHACARILLA SUR,grupochacarillasur.com,wordpress_sitemap_rest_html,phase5_fetch_failed,typology,2,0,0,0,100,100,0,0,0,0,not_recommended,Alta tasa de error de extraccion en la muestra.
webs_propias_phase7_2026-06-14T20-43-50-127Z,GRUPO CHACARILLA SUR,grupochacarillasur.com,wordpress_sitemap_rest_html,phase5_fetch_failed,bedrooms,2,0,0,0,100,100,0,0,0,0,not_recommended,Alta tasa de error de extraccion en la muestra.
webs_propias_phase7_2026-06-14T20-43-50-127Z,GRUPO CHACARILLA SUR,grupochacarillasur.com,wordpress_sitemap_rest_html,phase5_fetch_failed,total_area,2,0,0,0,100,100,0,0,0,0,not_recommended,Alta tasa de error de extraccion en la muestra.
webs_propias_phase7_2026-06-14T20-43-50-127Z,GRUPO CHACARILLA SUR,grupochacarillasur.com,wordpress_sitemap_rest_html,phase5_fetch_failed,unit_status,2,0,0,0,100,100,0,0,0,0,not_recommended,Alta tasa de error de extraccion en la muestra.
webs_propias_phase7_2026-06-14T20-43-50-127Z,GRUPO CHACARILLA SUR,grupochacarillasur.com,wordpress_sitemap_rest_html,phase5_fetch_failed,unit_count,2,0,0,0,100,100,0,0,0,0,not_recommended,Alta tasa de error de extraccion en la muestra.
webs_propias_phase7_2026-06-14T20-43-50-127Z,GRUPO CHACARILLA SUR,grupochacarillasur.com,wordpress_sitemap_rest_html,phase5_fetch_failed,list_price_avg,2,0,0,0,100,100,0,0,0,0,not_recommended,Alta tasa de error de extraccion en la muestra.
webs_propias_phase7_2026-06-14T20-43-50-127Z,GRUPO CHACARILLA SUR,grupochacarillasur.com,wordpress_sitemap_rest_html,phase5_fetch_failed,currency,2,0,0,0,100,100,0,0,0,0,not_recommended,Alta tasa de error de extraccion en la muestra.
webs_propias_phase7_2026-06-14T20-43-50-127Z,GRUPO CHACARILLA SUR,grupochacarillasur.com,wordpress_sitemap_rest_html,phase5_fetch_failed,delivery_year,2,0,0,0,100,100,0,0,0,0,not_recommended,Alta tasa de error de extraccion en la muestra.
webs_propias_phase7_2026-06-14T20-43-50-127Z,GRUPO CHACARILLA SUR,grupochacarillasur.com,wordpress_sitemap_rest_html,phase5_fetch_failed,delivery_date,2,0,0,0,100,100,0,0,0,0,not_recommended,Alta tasa de error de extraccion en la muestra.
webs_propias_phase7_2026-06-14T20-43-50-127Z,GRUPO CHACARILLA SUR,grupochacarillasur.com,wordpress_sitemap_rest_html,phase5_fetch_failed,description,2,0,0,0,100,100,0,0,0,0,not_recommended,Alta tasa de error de extraccion en la muestra.
webs_propias_phase7_2026-06-14T20-43-50-127Z,GRUPO CHACARILLA SUR,grupochacarillasur.com,wordpress_sitemap_rest_html,phase5_fetch_failed,amenities,2,0,0,0,100,100,0,0,0,0,not_recommended,Alta tasa de error de extraccion en la muestra.
webs_propias_phase7_2026-06-14T20-43-50-127Z,GRUPO CHACARILLA SUR,grupochacarillasur.com,wordpress_sitemap_rest_html,phase5_fetch_failed,contact_name,2,0,0,0,100,100,0,0,0,0,not_recommended,Alta tasa de error de extraccion en la muestra.
webs_propias_phase7_2026-06-14T20-43-50-127Z,GRUPO CHACARILLA SUR,grupochacarillasur.com,wordpress_sitemap_rest_html,phase5_fetch_failed,contact_phone,2,0,0,0,100,100,0,0,0,0,not_recommended,Alta tasa de error de extraccion en la muestra.
webs_propias_phase7_2026-06-14T20-43-50-127Z,GRUPO CHACARILLA SUR,grupochacarillasur.com,wordpress_sitemap_rest_html,phase5_fetch_failed,whatsapp,2,0,0,0,100,100,0,0,0,0,not_recommended,Alta tasa de error de extraccion en la muestra.
webs_propias_phase7_2026-06-14T20-43-50-127Z,GRUPO CHACARILLA SUR,grupochacarillasur.com,wordpress_sitemap_rest_html,phase5_fetch_failed,email,2,0,0,0,100,100,0,0,0,0,not_recommended,Alta tasa de error de extraccion en la muestra.
webs_propias_phase7_2026-06-14T20-43-50-127Z,GRUPO CHACARILLA SUR,grupochacarillasur.com,wordpress_sitemap_rest_html,phase5_fetch_failed,financing_banks,2,0,0,0,100,100,0,0,0,0,not_recommended,Alta tasa de error de extraccion en la muestra.
webs_propias_phase7_2026-06-14T20-43-50-127Z,GRUPO CHACARILLA SUR,grupochacarillasur.com,wordpress_sitemap_rest_html,phase5_fetch_failed,latitude,2,0,0,0,100,100,0,0,0,0,not_recommended,Alta tasa de error de extraccion en la muestra.
webs_propias_phase7_2026-06-14T20-43-50-127Z,GRUPO CHACARILLA SUR,grupochacarillasur.com,wordpress_sitemap_rest_html,phase5_fetch_failed,longitude,2,0,0,0,100,100,0,0,0,0,not_recommended,Alta tasa de error de extraccion en la muestra.
webs_propias_phase7_2026-06-14T20-43-50-127Z,LOS PORTALES,losportales.com.pe,wordpress_sitemap_rest_html,phase5_wordpress_html_jsonld,source_url,2,2,100,100,0,0,50,0,0,100,primary_candidate,Campo critico con cobertura y evidencia suficientes en la muestra.
webs_propias_phase7_2026-06-14T20-43-50-127Z,LOS PORTALES,losportales.com.pe,wordpress_sitemap_rest_html,phase5_wordpress_html_jsonld,agency_name,2,2,100,100,0,0,50,0,0,100,primary_candidate,Campo critico con cobertura y evidencia suficientes en la muestra.
webs_propias_phase7_2026-06-14T20-43-50-127Z,LOS PORTALES,losportales.com.pe,wordpress_sitemap_rest_html,phase5_wordpress_html_jsonld,project_name,2,2,100,66,0,0,50,0,0,100,primary_candidate,Campo critico con cobertura y evidencia suficientes en la muestra.
webs_propias_phase7_2026-06-14T20-43-50-127Z,LOS PORTALES,losportales.com.pe,wordpress_sitemap_rest_html,phase5_wordpress_html_jsonld,district,2,2,100,66,0,0,50,0,0,100,primary_candidate,Campo critico con cobertura y evidencia suficientes en la muestra.
webs_propias_phase7_2026-06-14T20-43-50-127Z,LOS PORTALES,losportales.com.pe,wordpress_sitemap_rest_html,phase5_wordpress_html_jsonld,address,2,2,100,66,0,0,50,0,0,100,primary_candidate,Campo critico con cobertura y evidencia suficientes en la muestra.
webs_propias_phase7_2026-06-14T20-43-50-127Z,LOS PORTALES,losportales.com.pe,wordpress_sitemap_rest_html,phase5_wordpress_html_jsonld,typology,2,2,100,66,0,0,50,0,0,100,primary_candidate,Campo critico con cobertura y evidencia suficientes en la muestra.
webs_propias_phase7_2026-06-14T20-43-50-127Z,LOS PORTALES,losportales.com.pe,wordpress_sitemap_rest_html,phase5_wordpress_html_jsonld,bedrooms,2,0,0,0,100,0,50,0,0,0,not_recommended,Campo no observado en la muestra Fase 5.
webs_propias_phase7_2026-06-14T20-43-50-127Z,LOS PORTALES,losportales.com.pe,wordpress_sitemap_rest_html,phase5_wordpress_html_jsonld,total_area,2,1,50,66,50,0,50,0,0,100,enrichment_only,"Campo util para enriquecimiento, no necesariamente fuente primaria."
webs_propias_phase7_2026-06-14T20-43-50-127Z,LOS PORTALES,losportales.com.pe,wordpress_sitemap_rest_html,phase5_wordpress_html_jsonld,unit_status,2,2,100,33,0,0,50,0,0,100,primary_candidate,Campo critico con cobertura y evidencia suficientes en la muestra.
webs_propias_phase7_2026-06-14T20-43-50-127Z,LOS PORTALES,losportales.com.pe,wordpress_sitemap_rest_html,phase5_wordpress_html_jsonld,unit_count,2,0,0,0,100,0,50,0,0,0,not_recommended,Campo no observado en la muestra Fase 5.
webs_propias_phase7_2026-06-14T20-43-50-127Z,LOS PORTALES,losportales.com.pe,wordpress_sitemap_rest_html,phase5_wordpress_html_jsonld,list_price_avg,2,0,0,0,100,0,50,0,0,0,not_recommended,Campo no observado en la muestra Fase 5.
webs_propias_phase7_2026-06-14T20-43-50-127Z,LOS PORTALES,losportales.com.pe,wordpress_sitemap_rest_html,phase5_wordpress_html_jsonld,currency,2,0,0,0,100,0,50,0,0,0,not_recommended,Campo no observado en la muestra Fase 5.
webs_propias_phase7_2026-06-14T20-43-50-127Z,LOS PORTALES,losportales.com.pe,wordpress_sitemap_rest_html,phase5_wordpress_html_jsonld,delivery_year,2,0,0,0,100,0,50,0,0,0,not_recommended,Campo no observado en la muestra Fase 5.
webs_propias_phase7_2026-06-14T20-43-50-127Z,LOS PORTALES,losportales.com.pe,wordpress_sitemap_rest_html,phase5_wordpress_html_jsonld,delivery_date,2,0,0,0,100,0,50,0,0,0,not_recommended,Campo no observado en la muestra Fase 5.
webs_propias_phase7_2026-06-14T20-43-50-127Z,LOS PORTALES,losportales.com.pe,wordpress_sitemap_rest_html,phase5_wordpress_html_jsonld,description,2,2,100,66,0,0,50,0,0,100,enrichment_only,"Campo util para enriquecimiento, no necesariamente fuente primaria."
webs_propias_phase7_2026-06-14T20-43-50-127Z,LOS PORTALES,losportales.com.pe,wordpress_sitemap_rest_html,phase5_wordpress_html_jsonld,amenities,2,1,50,33,50,0,50,0,0,100,enrichment_only,"Campo util para enriquecimiento, no necesariamente fuente primaria."
webs_propias_phase7_2026-06-14T20-43-50-127Z,LOS PORTALES,losportales.com.pe,wordpress_sitemap_rest_html,phase5_wordpress_html_jsonld,contact_name,2,0,0,0,100,0,50,0,0,0,not_recommended,Campo no observado en la muestra Fase 5.
webs_propias_phase7_2026-06-14T20-43-50-127Z,LOS PORTALES,losportales.com.pe,wordpress_sitemap_rest_html,phase5_wordpress_html_jsonld,contact_phone,2,2,100,66,0,0,50,0,0,100,enrichment_only,"Campo util para enriquecimiento, no necesariamente fuente primaria."
webs_propias_phase7_2026-06-14T20-43-50-127Z,LOS PORTALES,losportales.com.pe,wordpress_sitemap_rest_html,phase5_wordpress_html_jsonld,whatsapp,2,0,0,0,100,0,50,0,0,0,not_recommended,Campo no observado en la muestra Fase 5.
webs_propias_phase7_2026-06-14T20-43-50-127Z,LOS PORTALES,losportales.com.pe,wordpress_sitemap_rest_html,phase5_wordpress_html_jsonld,email,2,0,0,0,100,0,50,0,0,0,not_recommended,Campo no observado en la muestra Fase 5.
webs_propias_phase7_2026-06-14T20-43-50-127Z,LOS PORTALES,losportales.com.pe,wordpress_sitemap_rest_html,phase5_wordpress_html_jsonld,financing_banks,2,1,50,33,50,0,50,0,0,100,enrichment_only,"Campo util para enriquecimiento, no necesariamente fuente primaria."
webs_propias_phase7_2026-06-14T20-43-50-127Z,LOS PORTALES,losportales.com.pe,wordpress_sitemap_rest_html,phase5_wordpress_html_jsonld,latitude,2,0,0,0,100,0,50,0,0,0,not_recommended,Campo no observado en la muestra Fase 5.
webs_propias_phase7_2026-06-14T20-43-50-127Z,LOS PORTALES,losportales.com.pe,wordpress_sitemap_rest_html,phase5_wordpress_html_jsonld,longitude,2,0,0,0,100,0,50,0,0,0,not_recommended,Campo no observado en la muestra Fase 5.
webs_propias_phase7_2026-06-14T20-43-50-127Z,PAQARI INMOBILIARIA,grupopaqari.pe,wordpress_sitemap_rest_html,phase5_wordpress_html_jsonld,source_url,2,2,100,100,0,0,0,0,0,100,primary_candidate,Campo critico con cobertura y evidencia suficientes en la muestra.
webs_propias_phase7_2026-06-14T20-43-50-127Z,PAQARI INMOBILIARIA,grupopaqari.pe,wordpress_sitemap_rest_html,phase5_wordpress_html_jsonld,agency_name,2,2,100,100,0,0,0,0,0,100,primary_candidate,Campo critico con cobertura y evidencia suficientes en la muestra.
webs_propias_phase7_2026-06-14T20-43-50-127Z,PAQARI INMOBILIARIA,grupopaqari.pe,wordpress_sitemap_rest_html,phase5_wordpress_html_jsonld,project_name,2,2,100,66,0,0,0,0,0,100,primary_candidate,Campo critico con cobertura y evidencia suficientes en la muestra.
webs_propias_phase7_2026-06-14T20-43-50-127Z,PAQARI INMOBILIARIA,grupopaqari.pe,wordpress_sitemap_rest_html,phase5_wordpress_html_jsonld,district,2,2,100,66,0,0,0,0,0,100,primary_candidate,Campo critico con cobertura y evidencia suficientes en la muestra.
webs_propias_phase7_2026-06-14T20-43-50-127Z,PAQARI INMOBILIARIA,grupopaqari.pe,wordpress_sitemap_rest_html,phase5_wordpress_html_jsonld,address,2,2,100,66,0,0,0,0,0,100,primary_candidate,Campo critico con cobertura y evidencia suficientes en la muestra.
webs_propias_phase7_2026-06-14T20-43-50-127Z,PAQARI INMOBILIARIA,grupopaqari.pe,wordpress_sitemap_rest_html,phase5_wordpress_html_jsonld,typology,2,2,100,66,0,0,0,0,0,100,primary_candidate,Campo critico con cobertura y evidencia suficientes en la muestra.
webs_propias_phase7_2026-06-14T20-43-50-127Z,PAQARI INMOBILIARIA,grupopaqari.pe,wordpress_sitemap_rest_html,phase5_wordpress_html_jsonld,bedrooms,2,1,50,66,50,0,0,0,0,100,enrichment_only,"Campo util para enriquecimiento, no necesariamente fuente primaria."
webs_propias_phase7_2026-06-14T20-43-50-127Z,PAQARI INMOBILIARIA,grupopaqari.pe,wordpress_sitemap_rest_html,phase5_wordpress_html_jsonld,total_area,2,2,100,66,0,0,0,0,0,100,primary_candidate,Campo critico con cobertura y evidencia suficientes en la muestra.
webs_propias_phase7_2026-06-14T20-43-50-127Z,PAQARI INMOBILIARIA,grupopaqari.pe,wordpress_sitemap_rest_html,phase5_wordpress_html_jsonld,unit_status,2,2,100,33,0,0,0,0,0,100,primary_candidate,Campo critico con cobertura y evidencia suficientes en la muestra.
webs_propias_phase7_2026-06-14T20-43-50-127Z,PAQARI INMOBILIARIA,grupopaqari.pe,wordpress_sitemap_rest_html,phase5_wordpress_html_jsonld,unit_count,2,0,0,0,100,0,0,0,0,0,not_recommended,Campo no observado en la muestra Fase 5.
webs_propias_phase7_2026-06-14T20-43-50-127Z,PAQARI INMOBILIARIA,grupopaqari.pe,wordpress_sitemap_rest_html,phase5_wordpress_html_jsonld,list_price_avg,2,0,0,0,100,0,0,0,0,0,not_recommended,Campo no observado en la muestra Fase 5.
webs_propias_phase7_2026-06-14T20-43-50-127Z,PAQARI INMOBILIARIA,grupopaqari.pe,wordpress_sitemap_rest_html,phase5_wordpress_html_jsonld,currency,2,0,0,0,100,0,0,0,0,0,not_recommended,Campo no observado en la muestra Fase 5.
webs_propias_phase7_2026-06-14T20-43-50-127Z,PAQARI INMOBILIARIA,grupopaqari.pe,wordpress_sitemap_rest_html,phase5_wordpress_html_jsonld,delivery_year,2,0,0,0,100,0,0,0,0,0,not_recommended,Campo no observado en la muestra Fase 5.
webs_propias_phase7_2026-06-14T20-43-50-127Z,PAQARI INMOBILIARIA,grupopaqari.pe,wordpress_sitemap_rest_html,phase5_wordpress_html_jsonld,delivery_date,2,0,0,0,100,0,0,0,0,0,not_recommended,Campo no observado en la muestra Fase 5.
webs_propias_phase7_2026-06-14T20-43-50-127Z,PAQARI INMOBILIARIA,grupopaqari.pe,wordpress_sitemap_rest_html,phase5_wordpress_html_jsonld,description,2,0,0,0,100,0,0,0,0,0,not_recommended,Campo no observado en la muestra Fase 5.
webs_propias_phase7_2026-06-14T20-43-50-127Z,PAQARI INMOBILIARIA,grupopaqari.pe,wordpress_sitemap_rest_html,phase5_wordpress_html_jsonld,amenities,2,0,0,0,100,0,0,0,0,0,not_recommended,Campo no observado en la muestra Fase 5.
webs_propias_phase7_2026-06-14T20-43-50-127Z,PAQARI INMOBILIARIA,grupopaqari.pe,wordpress_sitemap_rest_html,phase5_wordpress_html_jsonld,contact_name,2,0,0,0,100,0,0,0,0,0,not_recommended,Campo no observado en la muestra Fase 5.
webs_propias_phase7_2026-06-14T20-43-50-127Z,PAQARI INMOBILIARIA,grupopaqari.pe,wordpress_sitemap_rest_html,phase5_wordpress_html_jsonld,contact_phone,2,2,100,66,0,0,0,0,0,100,enrichment_only,"Campo util para enriquecimiento, no necesariamente fuente primaria."
webs_propias_phase7_2026-06-14T20-43-50-127Z,PAQARI INMOBILIARIA,grupopaqari.pe,wordpress_sitemap_rest_html,phase5_wordpress_html_jsonld,whatsapp,2,2,100,66,0,0,0,0,0,100,enrichment_only,"Campo util para enriquecimiento, no necesariamente fuente primaria."
webs_propias_phase7_2026-06-14T20-43-50-127Z,PAQARI INMOBILIARIA,grupopaqari.pe,wordpress_sitemap_rest_html,phase5_wordpress_html_jsonld,email,2,2,100,66,0,0,0,0,0,100,enrichment_only,"Campo util para enriquecimiento, no necesariamente fuente primaria."
webs_propias_phase7_2026-06-14T20-43-50-127Z,PAQARI INMOBILIARIA,grupopaqari.pe,wordpress_sitemap_rest_html,phase5_wordpress_html_jsonld,financing_banks,2,0,0,0,100,0,0,0,0,0,not_recommended,Campo no observado en la muestra Fase 5.
webs_propias_phase7_2026-06-14T20-43-50-127Z,PAQARI INMOBILIARIA,grupopaqari.pe,wordpress_sitemap_rest_html,phase5_wordpress_html_jsonld,latitude,2,0,0,0,100,0,0,0,0,0,not_recommended,Campo no observado en la muestra Fase 5.
webs_propias_phase7_2026-06-14T20-43-50-127Z,PAQARI INMOBILIARIA,grupopaqari.pe,wordpress_sitemap_rest_html,phase5_wordpress_html_jsonld,longitude,2,0,0,0,100,0,0,0,0,0,not_recommended,Campo no observado en la muestra Fase 5.
webs_propias_phase7_2026-06-14T20-43-50-127Z,LIMA METRO CUADRADO,limametrocuadrado.pe,embedded_json_html,phase5_fetch_failed,source_url,1,1,100,100,0,100,0,0,0,100,not_recommended,Alta tasa de error de extraccion en la muestra.
webs_propias_phase7_2026-06-14T20-43-50-127Z,LIMA METRO CUADRADO,limametrocuadrado.pe,embedded_json_html,phase5_fetch_failed,agency_name,1,1,100,100,0,100,0,0,0,100,not_recommended,Alta tasa de error de extraccion en la muestra.
webs_propias_phase7_2026-06-14T20-43-50-127Z,LIMA METRO CUADRADO,limametrocuadrado.pe,embedded_json_html,phase5_fetch_failed,project_name,1,1,100,33,0,100,0,0,0,100,not_recommended,Alta tasa de error de extraccion en la muestra.
webs_propias_phase7_2026-06-14T20-43-50-127Z,LIMA METRO CUADRADO,limametrocuadrado.pe,embedded_json_html,phase5_fetch_failed,district,1,0,0,0,100,100,0,0,0,0,not_recommended,Alta tasa de error de extraccion en la muestra.
webs_propias_phase7_2026-06-14T20-43-50-127Z,LIMA METRO CUADRADO,limametrocuadrado.pe,embedded_json_html,phase5_fetch_failed,address,1,0,0,0,100,100,0,0,0,0,not_recommended,Alta tasa de error de extraccion en la muestra.
webs_propias_phase7_2026-06-14T20-43-50-127Z,LIMA METRO CUADRADO,limametrocuadrado.pe,embedded_json_html,phase5_fetch_failed,typology,1,0,0,0,100,100,0,0,0,0,not_recommended,Alta tasa de error de extraccion en la muestra.
webs_propias_phase7_2026-06-14T20-43-50-127Z,LIMA METRO CUADRADO,limametrocuadrado.pe,embedded_json_html,phase5_fetch_failed,bedrooms,1,0,0,0,100,100,0,0,0,0,not_recommended,Alta tasa de error de extraccion en la muestra.
webs_propias_phase7_2026-06-14T20-43-50-127Z,LIMA METRO CUADRADO,limametrocuadrado.pe,embedded_json_html,phase5_fetch_failed,total_area,1,0,0,0,100,100,0,0,0,0,not_recommended,Alta tasa de error de extraccion en la muestra.
webs_propias_phase7_2026-06-14T20-43-50-127Z,LIMA METRO CUADRADO,limametrocuadrado.pe,embedded_json_html,phase5_fetch_failed,unit_status,1,0,0,0,100,100,0,0,0,0,not_recommended,Alta tasa de error de extraccion en la muestra.
webs_propias_phase7_2026-06-14T20-43-50-127Z,LIMA METRO CUADRADO,limametrocuadrado.pe,embedded_json_html,phase5_fetch_failed,unit_count,1,0,0,0,100,100,0,0,0,0,not_recommended,Alta tasa de error de extraccion en la muestra.
webs_propias_phase7_2026-06-14T20-43-50-127Z,LIMA METRO CUADRADO,limametrocuadrado.pe,embedded_json_html,phase5_fetch_failed,list_price_avg,1,0,0,0,100,100,0,0,0,0,not_recommended,Alta tasa de error de extraccion en la muestra.
webs_propias_phase7_2026-06-14T20-43-50-127Z,LIMA METRO CUADRADO,limametrocuadrado.pe,embedded_json_html,phase5_fetch_failed,currency,1,0,0,0,100,100,0,0,0,0,not_recommended,Alta tasa de error de extraccion en la muestra.
webs_propias_phase7_2026-06-14T20-43-50-127Z,LIMA METRO CUADRADO,limametrocuadrado.pe,embedded_json_html,phase5_fetch_failed,delivery_year,1,0,0,0,100,100,0,0,0,0,not_recommended,Alta tasa de error de extraccion en la muestra.
webs_propias_phase7_2026-06-14T20-43-50-127Z,LIMA METRO CUADRADO,limametrocuadrado.pe,embedded_json_html,phase5_fetch_failed,delivery_date,1,0,0,0,100,100,0,0,0,0,not_recommended,Alta tasa de error de extraccion en la muestra.
webs_propias_phase7_2026-06-14T20-43-50-127Z,LIMA METRO CUADRADO,limametrocuadrado.pe,embedded_json_html,phase5_fetch_failed,description,1,0,0,0,100,100,0,0,0,0,not_recommended,Alta tasa de error de extraccion en la muestra.
webs_propias_phase7_2026-06-14T20-43-50-127Z,LIMA METRO CUADRADO,limametrocuadrado.pe,embedded_json_html,phase5_fetch_failed,amenities,1,0,0,0,100,100,0,0,0,0,not_recommended,Alta tasa de error de extraccion en la muestra.
webs_propias_phase7_2026-06-14T20-43-50-127Z,LIMA METRO CUADRADO,limametrocuadrado.pe,embedded_json_html,phase5_fetch_failed,contact_name,1,0,0,0,100,100,0,0,0,0,not_recommended,Alta tasa de error de extraccion en la muestra.
webs_propias_phase7_2026-06-14T20-43-50-127Z,LIMA METRO CUADRADO,limametrocuadrado.pe,embedded_json_html,phase5_fetch_failed,contact_phone,1,0,0,0,100,100,0,0,0,0,not_recommended,Alta tasa de error de extraccion en la muestra.
webs_propias_phase7_2026-06-14T20-43-50-127Z,LIMA METRO CUADRADO,limametrocuadrado.pe,embedded_json_html,phase5_fetch_failed,whatsapp,1,0,0,0,100,100,0,0,0,0,not_recommended,Alta tasa de error de extraccion en la muestra.
webs_propias_phase7_2026-06-14T20-43-50-127Z,LIMA METRO CUADRADO,limametrocuadrado.pe,embedded_json_html,phase5_fetch_failed,email,1,0,0,0,100,100,0,0,0,0,not_recommended,Alta tasa de error de extraccion en la muestra.
webs_propias_phase7_2026-06-14T20-43-50-127Z,LIMA METRO CUADRADO,limametrocuadrado.pe,embedded_json_html,phase5_fetch_failed,financing_banks,1,0,0,0,100,100,0,0,0,0,not_recommended,Alta tasa de error de extraccion en la muestra.
webs_propias_phase7_2026-06-14T20-43-50-127Z,LIMA METRO CUADRADO,limametrocuadrado.pe,embedded_json_html,phase5_fetch_failed,latitude,1,0,0,0,100,100,0,0,0,0,not_recommended,Alta tasa de error de extraccion en la muestra.
webs_propias_phase7_2026-06-14T20-43-50-127Z,LIMA METRO CUADRADO,limametrocuadrado.pe,embedded_json_html,phase5_fetch_failed,longitude,1,0,0,0,100,100,0,0,0,0,not_recommended,Alta tasa de error de extraccion en la muestra.
webs_propias_phase7_2026-06-14T20-43-50-127Z,LIMA METRO CUADRADO,limametrocuadrado.pe,embedded_json_html,phase5_embedded_json_html,source_url,1,1,100,100,0,0,0,0,0,100,primary_candidate,Campo critico con cobertura y evidencia suficientes en la muestra.
webs_propias_phase7_2026-06-14T20-43-50-127Z,LIMA METRO CUADRADO,limametrocuadrado.pe,embedded_json_html,phase5_embedded_json_html,agency_name,1,1,100,100,0,0,0,0,0,100,primary_candidate,Campo critico con cobertura y evidencia suficientes en la muestra.
webs_propias_phase7_2026-06-14T20-43-50-127Z,LIMA METRO CUADRADO,limametrocuadrado.pe,embedded_json_html,phase5_embedded_json_html,project_name,1,1,100,66,0,0,0,0,0,100,primary_candidate,Campo critico con cobertura y evidencia suficientes en la muestra.
webs_propias_phase7_2026-06-14T20-43-50-127Z,LIMA METRO CUADRADO,limametrocuadrado.pe,embedded_json_html,phase5_embedded_json_html,district,1,0,0,0,100,0,0,0,0,0,not_recommended,Campo no observado en la muestra Fase 5.
webs_propias_phase7_2026-06-14T20-43-50-127Z,LIMA METRO CUADRADO,limametrocuadrado.pe,embedded_json_html,phase5_embedded_json_html,address,1,0,0,0,100,0,0,0,0,0,not_recommended,Campo no observado en la muestra Fase 5.
webs_propias_phase7_2026-06-14T20-43-50-127Z,LIMA METRO CUADRADO,limametrocuadrado.pe,embedded_json_html,phase5_embedded_json_html,typology,1,0,0,0,100,0,0,0,0,0,not_recommended,Campo no observado en la muestra Fase 5.
webs_propias_phase7_2026-06-14T20-43-50-127Z,LIMA METRO CUADRADO,limametrocuadrado.pe,embedded_json_html,phase5_embedded_json_html,bedrooms,1,0,0,0,100,0,0,0,0,0,not_recommended,Campo no observado en la muestra Fase 5.
webs_propias_phase7_2026-06-14T20-43-50-127Z,LIMA METRO CUADRADO,limametrocuadrado.pe,embedded_json_html,phase5_embedded_json_html,total_area,1,0,0,0,100,0,0,0,0,0,not_recommended,Campo no observado en la muestra Fase 5.
webs_propias_phase7_2026-06-14T20-43-50-127Z,LIMA METRO CUADRADO,limametrocuadrado.pe,embedded_json_html,phase5_embedded_json_html,unit_status,1,0,0,0,100,0,0,0,0,0,not_recommended,Campo no observado en la muestra Fase 5.
webs_propias_phase7_2026-06-14T20-43-50-127Z,LIMA METRO CUADRADO,limametrocuadrado.pe,embedded_json_html,phase5_embedded_json_html,unit_count,1,0,0,0,100,0,0,0,0,0,not_recommended,Campo no observado en la muestra Fase 5.
webs_propias_phase7_2026-06-14T20-43-50-127Z,LIMA METRO CUADRADO,limametrocuadrado.pe,embedded_json_html,phase5_embedded_json_html,list_price_avg,1,0,0,0,100,0,0,0,0,0,not_recommended,Campo no observado en la muestra Fase 5.
webs_propias_phase7_2026-06-14T20-43-50-127Z,LIMA METRO CUADRADO,limametrocuadrado.pe,embedded_json_html,phase5_embedded_json_html,currency,1,0,0,0,100,0,0,0,0,0,not_recommended,Campo no observado en la muestra Fase 5.
webs_propias_phase7_2026-06-14T20-43-50-127Z,LIMA METRO CUADRADO,limametrocuadrado.pe,embedded_json_html,phase5_embedded_json_html,delivery_year,1,0,0,0,100,0,0,0,0,0,not_recommended,Campo no observado en la muestra Fase 5.
webs_propias_phase7_2026-06-14T20-43-50-127Z,LIMA METRO CUADRADO,limametrocuadrado.pe,embedded_json_html,phase5_embedded_json_html,delivery_date,1,0,0,0,100,0,0,0,0,0,not_recommended,Campo no observado en la muestra Fase 5.
webs_propias_phase7_2026-06-14T20-43-50-127Z,LIMA METRO CUADRADO,limametrocuadrado.pe,embedded_json_html,phase5_embedded_json_html,description,1,0,0,0,100,0,0,0,0,0,not_recommended,Campo no observado en la muestra Fase 5.
webs_propias_phase7_2026-06-14T20-43-50-127Z,LIMA METRO CUADRADO,limametrocuadrado.pe,embedded_json_html,phase5_embedded_json_html,amenities,1,0,0,0,100,0,0,0,0,0,not_recommended,Campo no observado en la muestra Fase 5.
webs_propias_phase7_2026-06-14T20-43-50-127Z,LIMA METRO CUADRADO,limametrocuadrado.pe,embedded_json_html,phase5_embedded_json_html,contact_name,1,0,0,0,100,0,0,0,0,0,not_recommended,Campo no observado en la muestra Fase 5.
webs_propias_phase7_2026-06-14T20-43-50-127Z,LIMA METRO CUADRADO,limametrocuadrado.pe,embedded_json_html,phase5_embedded_json_html,contact_phone,1,0,0,0,100,0,0,0,0,0,not_recommended,Campo no observado en la muestra Fase 5.
webs_propias_phase7_2026-06-14T20-43-50-127Z,LIMA METRO CUADRADO,limametrocuadrado.pe,embedded_json_html,phase5_embedded_json_html,whatsapp,1,0,0,0,100,0,0,0,0,0,not_recommended,Campo no observado en la muestra Fase 5.
webs_propias_phase7_2026-06-14T20-43-50-127Z,LIMA METRO CUADRADO,limametrocuadrado.pe,embedded_json_html,phase5_embedded_json_html,email,1,0,0,0,100,0,0,0,0,0,not_recommended,Campo no observado en la muestra Fase 5.
webs_propias_phase7_2026-06-14T20-43-50-127Z,LIMA METRO CUADRADO,limametrocuadrado.pe,embedded_json_html,phase5_embedded_json_html,financing_banks,1,0,0,0,100,0,0,0,0,0,not_recommended,Campo no observado en la muestra Fase 5.
webs_propias_phase7_2026-06-14T20-43-50-127Z,LIMA METRO CUADRADO,limametrocuadrado.pe,embedded_json_html,phase5_embedded_json_html,latitude,1,0,0,0,100,0,0,0,0,0,not_recommended,Campo no observado en la muestra Fase 5.
webs_propias_phase7_2026-06-14T20-43-50-127Z,LIMA METRO CUADRADO,limametrocuadrado.pe,embedded_json_html,phase5_embedded_json_html,longitude,1,0,0,0,100,0,0,0,0,0,not_recommended,Campo no observado en la muestra Fase 5.
webs_propias_phase7_2026-06-14T20-43-50-127Z,MAHPSA  CORPORACION INMOBILIARIA,mahpsa.com.pe,embedded_json_html,phase5_embedded_json_html,source_url,2,2,100,100,0,0,50,0,0,100,primary_candidate,Campo critico con cobertura y evidencia suficientes en la muestra.
webs_propias_phase7_2026-06-14T20-43-50-127Z,MAHPSA  CORPORACION INMOBILIARIA,mahpsa.com.pe,embedded_json_html,phase5_embedded_json_html,agency_name,2,2,100,100,0,0,50,0,0,100,primary_candidate,Campo critico con cobertura y evidencia suficientes en la muestra.
webs_propias_phase7_2026-06-14T20-43-50-127Z,MAHPSA  CORPORACION INMOBILIARIA,mahpsa.com.pe,embedded_json_html,phase5_embedded_json_html,project_name,2,2,100,66,0,0,50,0,0,100,primary_candidate,Campo critico con cobertura y evidencia suficientes en la muestra.
webs_propias_phase7_2026-06-14T20-43-50-127Z,MAHPSA  CORPORACION INMOBILIARIA,mahpsa.com.pe,embedded_json_html,phase5_embedded_json_html,district,2,2,100,66,0,0,50,0,0,100,primary_candidate,Campo critico con cobertura y evidencia suficientes en la muestra.
webs_propias_phase7_2026-06-14T20-43-50-127Z,MAHPSA  CORPORACION INMOBILIARIA,mahpsa.com.pe,embedded_json_html,phase5_embedded_json_html,address,2,2,100,66,0,0,50,0,0,100,primary_candidate,Campo critico con cobertura y evidencia suficientes en la muestra.
webs_propias_phase7_2026-06-14T20-43-50-127Z,MAHPSA  CORPORACION INMOBILIARIA,mahpsa.com.pe,embedded_json_html,phase5_embedded_json_html,typology,2,2,100,66,0,0,50,0,0,100,primary_candidate,Campo critico con cobertura y evidencia suficientes en la muestra.
webs_propias_phase7_2026-06-14T20-43-50-127Z,MAHPSA  CORPORACION INMOBILIARIA,mahpsa.com.pe,embedded_json_html,phase5_embedded_json_html,bedrooms,2,1,50,66,50,0,50,0,0,100,enrichment_only,"Campo util para enriquecimiento, no necesariamente fuente primaria."
webs_propias_phase7_2026-06-14T20-43-50-127Z,MAHPSA  CORPORACION INMOBILIARIA,mahpsa.com.pe,embedded_json_html,phase5_embedded_json_html,total_area,2,1,50,66,50,0,50,0,0,100,enrichment_only,"Campo util para enriquecimiento, no necesariamente fuente primaria."
webs_propias_phase7_2026-06-14T20-43-50-127Z,MAHPSA  CORPORACION INMOBILIARIA,mahpsa.com.pe,embedded_json_html,phase5_embedded_json_html,unit_status,2,2,100,33,0,0,50,0,0,100,primary_candidate,Campo critico con cobertura y evidencia suficientes en la muestra.
webs_propias_phase7_2026-06-14T20-43-50-127Z,MAHPSA  CORPORACION INMOBILIARIA,mahpsa.com.pe,embedded_json_html,phase5_embedded_json_html,unit_count,2,0,0,0,100,0,50,0,0,0,not_recommended,Campo no observado en la muestra Fase 5.
webs_propias_phase7_2026-06-14T20-43-50-127Z,MAHPSA  CORPORACION INMOBILIARIA,mahpsa.com.pe,embedded_json_html,phase5_embedded_json_html,list_price_avg,2,0,0,0,100,0,50,0,0,0,not_recommended,Campo no observado en la muestra Fase 5.
webs_propias_phase7_2026-06-14T20-43-50-127Z,MAHPSA  CORPORACION INMOBILIARIA,mahpsa.com.pe,embedded_json_html,phase5_embedded_json_html,currency,2,0,0,0,100,0,50,0,0,0,not_recommended,Campo no observado en la muestra Fase 5.
webs_propias_phase7_2026-06-14T20-43-50-127Z,MAHPSA  CORPORACION INMOBILIARIA,mahpsa.com.pe,embedded_json_html,phase5_embedded_json_html,delivery_year,2,2,100,66,0,0,50,0,0,100,primary_candidate,Campo critico con cobertura y evidencia suficientes en la muestra.
webs_propias_phase7_2026-06-14T20-43-50-127Z,MAHPSA  CORPORACION INMOBILIARIA,mahpsa.com.pe,embedded_json_html,phase5_embedded_json_html,delivery_date,2,2,100,66,0,0,50,0,0,100,primary_candidate,Campo critico con cobertura y evidencia suficientes en la muestra.
webs_propias_phase7_2026-06-14T20-43-50-127Z,MAHPSA  CORPORACION INMOBILIARIA,mahpsa.com.pe,embedded_json_html,phase5_embedded_json_html,description,2,0,0,0,100,0,50,0,0,0,not_recommended,Campo no observado en la muestra Fase 5.
webs_propias_phase7_2026-06-14T20-43-50-127Z,MAHPSA  CORPORACION INMOBILIARIA,mahpsa.com.pe,embedded_json_html,phase5_embedded_json_html,amenities,2,2,100,33,0,0,50,0,0,100,enrichment_only,"Campo util para enriquecimiento, no necesariamente fuente primaria."
webs_propias_phase7_2026-06-14T20-43-50-127Z,MAHPSA  CORPORACION INMOBILIARIA,mahpsa.com.pe,embedded_json_html,phase5_embedded_json_html,contact_name,2,0,0,0,100,0,50,0,0,0,not_recommended,Campo no observado en la muestra Fase 5.
webs_propias_phase7_2026-06-14T20-43-50-127Z,MAHPSA  CORPORACION INMOBILIARIA,mahpsa.com.pe,embedded_json_html,phase5_embedded_json_html,contact_phone,2,2,100,66,0,0,50,0,0,100,enrichment_only,"Campo util para enriquecimiento, no necesariamente fuente primaria."
webs_propias_phase7_2026-06-14T20-43-50-127Z,MAHPSA  CORPORACION INMOBILIARIA,mahpsa.com.pe,embedded_json_html,phase5_embedded_json_html,whatsapp,2,0,0,0,100,0,50,0,0,0,not_recommended,Campo no observado en la muestra Fase 5.
webs_propias_phase7_2026-06-14T20-43-50-127Z,MAHPSA  CORPORACION INMOBILIARIA,mahpsa.com.pe,embedded_json_html,phase5_embedded_json_html,email,2,2,100,66,0,0,50,0,0,100,enrichment_only,"Campo util para enriquecimiento, no necesariamente fuente primaria."
webs_propias_phase7_2026-06-14T20-43-50-127Z,MAHPSA  CORPORACION INMOBILIARIA,mahpsa.com.pe,embedded_json_html,phase5_embedded_json_html,financing_banks,2,0,0,0,100,0,50,0,0,0,not_recommended,Campo no observado en la muestra Fase 5.
webs_propias_phase7_2026-06-14T20-43-50-127Z,MAHPSA  CORPORACION INMOBILIARIA,mahpsa.com.pe,embedded_json_html,phase5_embedded_json_html,latitude,2,0,0,0,100,0,50,0,0,0,not_recommended,Campo no observado en la muestra Fase 5.
webs_propias_phase7_2026-06-14T20-43-50-127Z,MAHPSA  CORPORACION INMOBILIARIA,mahpsa.com.pe,embedded_json_html,phase5_embedded_json_html,longitude,2,0,0,0,100,0,50,0,0,0,not_recommended,Campo no observado en la muestra Fase 5.
webs_propias_phase7_2026-06-14T20-43-50-127Z,Becamm Inversiones SAC,becamm.com,static_html_sitemap,phase5_static_html_jsonld,source_url,1,1,100,100,0,0,0,0,0,100,primary_candidate,Campo critico con cobertura y evidencia suficientes en la muestra.
webs_propias_phase7_2026-06-14T20-43-50-127Z,Becamm Inversiones SAC,becamm.com,static_html_sitemap,phase5_static_html_jsonld,agency_name,1,1,100,100,0,0,0,0,0,100,primary_candidate,Campo critico con cobertura y evidencia suficientes en la muestra.
webs_propias_phase7_2026-06-14T20-43-50-127Z,Becamm Inversiones SAC,becamm.com,static_html_sitemap,phase5_static_html_jsonld,project_name,1,1,100,66,0,0,0,0,0,100,primary_candidate,Campo critico con cobertura y evidencia suficientes en la muestra.
webs_propias_phase7_2026-06-14T20-43-50-127Z,Becamm Inversiones SAC,becamm.com,static_html_sitemap,phase5_static_html_jsonld,district,1,1,100,66,0,0,0,0,0,100,primary_candidate,Campo critico con cobertura y evidencia suficientes en la muestra.
webs_propias_phase7_2026-06-14T20-43-50-127Z,Becamm Inversiones SAC,becamm.com,static_html_sitemap,phase5_static_html_jsonld,address,1,1,100,66,0,0,0,0,0,100,primary_candidate,Campo critico con cobertura y evidencia suficientes en la muestra.
webs_propias_phase7_2026-06-14T20-43-50-127Z,Becamm Inversiones SAC,becamm.com,static_html_sitemap,phase5_static_html_jsonld,typology,1,1,100,66,0,0,0,0,0,100,primary_candidate,Campo critico con cobertura y evidencia suficientes en la muestra.
webs_propias_phase7_2026-06-14T20-43-50-127Z,Becamm Inversiones SAC,becamm.com,static_html_sitemap,phase5_static_html_jsonld,bedrooms,1,0,0,0,100,0,0,0,0,0,not_recommended,Campo no observado en la muestra Fase 5.
webs_propias_phase7_2026-06-14T20-43-50-127Z,Becamm Inversiones SAC,becamm.com,static_html_sitemap,phase5_static_html_jsonld,total_area,1,0,0,0,100,0,0,0,0,0,not_recommended,Campo no observado en la muestra Fase 5.
webs_propias_phase7_2026-06-14T20-43-50-127Z,Becamm Inversiones SAC,becamm.com,static_html_sitemap,phase5_static_html_jsonld,unit_status,1,0,0,0,100,0,0,0,0,0,not_recommended,Campo no observado en la muestra Fase 5.
webs_propias_phase7_2026-06-14T20-43-50-127Z,Becamm Inversiones SAC,becamm.com,static_html_sitemap,phase5_static_html_jsonld,unit_count,1,0,0,0,100,0,0,0,0,0,not_recommended,Campo no observado en la muestra Fase 5.
webs_propias_phase7_2026-06-14T20-43-50-127Z,Becamm Inversiones SAC,becamm.com,static_html_sitemap,phase5_static_html_jsonld,list_price_avg,1,0,0,0,100,0,0,0,0,0,not_recommended,Campo no observado en la muestra Fase 5.
webs_propias_phase7_2026-06-14T20-43-50-127Z,Becamm Inversiones SAC,becamm.com,static_html_sitemap,phase5_static_html_jsonld,currency,1,0,0,0,100,0,0,0,0,0,not_recommended,Campo no observado en la muestra Fase 5.
webs_propias_phase7_2026-06-14T20-43-50-127Z,Becamm Inversiones SAC,becamm.com,static_html_sitemap,phase5_static_html_jsonld,delivery_year,1,1,100,66,0,0,0,0,0,100,primary_candidate,Campo critico con cobertura y evidencia suficientes en la muestra.
webs_propias_phase7_2026-06-14T20-43-50-127Z,Becamm Inversiones SAC,becamm.com,static_html_sitemap,phase5_static_html_jsonld,delivery_date,1,1,100,66,0,0,0,0,0,100,primary_candidate,Campo critico con cobertura y evidencia suficientes en la muestra.
webs_propias_phase7_2026-06-14T20-43-50-127Z,Becamm Inversiones SAC,becamm.com,static_html_sitemap,phase5_static_html_jsonld,description,1,1,100,66,0,0,0,0,0,100,enrichment_only,"Campo util para enriquecimiento, no necesariamente fuente primaria."
webs_propias_phase7_2026-06-14T20-43-50-127Z,Becamm Inversiones SAC,becamm.com,static_html_sitemap,phase5_static_html_jsonld,amenities,1,0,0,0,100,0,0,0,0,0,not_recommended,Campo no observado en la muestra Fase 5.
webs_propias_phase7_2026-06-14T20-43-50-127Z,Becamm Inversiones SAC,becamm.com,static_html_sitemap,phase5_static_html_jsonld,contact_name,1,0,0,0,100,0,0,0,0,0,not_recommended,Campo no observado en la muestra Fase 5.
webs_propias_phase7_2026-06-14T20-43-50-127Z,Becamm Inversiones SAC,becamm.com,static_html_sitemap,phase5_static_html_jsonld,contact_phone,1,1,100,66,0,0,0,0,0,100,enrichment_only,"Campo util para enriquecimiento, no necesariamente fuente primaria."
webs_propias_phase7_2026-06-14T20-43-50-127Z,Becamm Inversiones SAC,becamm.com,static_html_sitemap,phase5_static_html_jsonld,whatsapp,1,1,100,66,0,0,0,0,0,100,enrichment_only,"Campo util para enriquecimiento, no necesariamente fuente primaria."
webs_propias_phase7_2026-06-14T20-43-50-127Z,Becamm Inversiones SAC,becamm.com,static_html_sitemap,phase5_static_html_jsonld,email,1,1,100,66,0,0,0,0,0,100,enrichment_only,"Campo util para enriquecimiento, no necesariamente fuente primaria."
webs_propias_phase7_2026-06-14T20-43-50-127Z,Becamm Inversiones SAC,becamm.com,static_html_sitemap,phase5_static_html_jsonld,financing_banks,1,0,0,0,100,0,0,0,0,0,not_recommended,Campo no observado en la muestra Fase 5.
webs_propias_phase7_2026-06-14T20-43-50-127Z,Becamm Inversiones SAC,becamm.com,static_html_sitemap,phase5_static_html_jsonld,latitude,1,0,0,0,100,0,0,0,0,0,not_recommended,Campo no observado en la muestra Fase 5.
webs_propias_phase7_2026-06-14T20-43-50-127Z,Becamm Inversiones SAC,becamm.com,static_html_sitemap,phase5_static_html_jsonld,longitude,1,0,0,0,100,0,0,0,0,0,not_recommended,Campo no observado en la muestra Fase 5.
webs_propias_phase7_2026-06-14T20-43-50-127Z,INMOBILIARIA HUANWIL,alpunto.com.pe,wordpress_sitemap_rest_html,phase5_wordpress_html_jsonld,source_url,1,1,100,100,0,0,0,0,0,100,primary_candidate,Campo critico con cobertura y evidencia suficientes en la muestra.
webs_propias_phase7_2026-06-14T20-43-50-127Z,INMOBILIARIA HUANWIL,alpunto.com.pe,wordpress_sitemap_rest_html,phase5_wordpress_html_jsonld,agency_name,1,1,100,100,0,0,0,0,0,100,primary_candidate,Campo critico con cobertura y evidencia suficientes en la muestra.
webs_propias_phase7_2026-06-14T20-43-50-127Z,INMOBILIARIA HUANWIL,alpunto.com.pe,wordpress_sitemap_rest_html,phase5_wordpress_html_jsonld,project_name,1,1,100,66,0,0,0,0,0,100,primary_candidate,Campo critico con cobertura y evidencia suficientes en la muestra.
webs_propias_phase7_2026-06-14T20-43-50-127Z,INMOBILIARIA HUANWIL,alpunto.com.pe,wordpress_sitemap_rest_html,phase5_wordpress_html_jsonld,district,1,1,100,66,0,0,0,0,0,100,primary_candidate,Campo critico con cobertura y evidencia suficientes en la muestra.
webs_propias_phase7_2026-06-14T20-43-50-127Z,INMOBILIARIA HUANWIL,alpunto.com.pe,wordpress_sitemap_rest_html,phase5_wordpress_html_jsonld,address,1,1,100,66,0,0,0,0,0,100,primary_candidate,Campo critico con cobertura y evidencia suficientes en la muestra.
webs_propias_phase7_2026-06-14T20-43-50-127Z,INMOBILIARIA HUANWIL,alpunto.com.pe,wordpress_sitemap_rest_html,phase5_wordpress_html_jsonld,typology,1,1,100,66,0,0,0,0,0,100,primary_candidate,Campo critico con cobertura y evidencia suficientes en la muestra.
webs_propias_phase7_2026-06-14T20-43-50-127Z,INMOBILIARIA HUANWIL,alpunto.com.pe,wordpress_sitemap_rest_html,phase5_wordpress_html_jsonld,bedrooms,1,1,100,66,0,0,0,0,0,100,primary_candidate,Campo critico con cobertura y evidencia suficientes en la muestra.
webs_propias_phase7_2026-06-14T20-43-50-127Z,INMOBILIARIA HUANWIL,alpunto.com.pe,wordpress_sitemap_rest_html,phase5_wordpress_html_jsonld,total_area,1,0,0,0,100,0,0,0,0,0,not_recommended,Campo no observado en la muestra Fase 5.
webs_propias_phase7_2026-06-14T20-43-50-127Z,INMOBILIARIA HUANWIL,alpunto.com.pe,wordpress_sitemap_rest_html,phase5_wordpress_html_jsonld,unit_status,1,1,100,33,0,0,0,0,0,100,primary_candidate,Campo critico con cobertura y evidencia suficientes en la muestra.
webs_propias_phase7_2026-06-14T20-43-50-127Z,INMOBILIARIA HUANWIL,alpunto.com.pe,wordpress_sitemap_rest_html,phase5_wordpress_html_jsonld,unit_count,1,0,0,0,100,0,0,0,0,0,not_recommended,Campo no observado en la muestra Fase 5.
webs_propias_phase7_2026-06-14T20-43-50-127Z,INMOBILIARIA HUANWIL,alpunto.com.pe,wordpress_sitemap_rest_html,phase5_wordpress_html_jsonld,list_price_avg,1,0,0,0,100,0,0,0,0,0,not_recommended,Campo no observado en la muestra Fase 5.
webs_propias_phase7_2026-06-14T20-43-50-127Z,INMOBILIARIA HUANWIL,alpunto.com.pe,wordpress_sitemap_rest_html,phase5_wordpress_html_jsonld,currency,1,0,0,0,100,0,0,0,0,0,not_recommended,Campo no observado en la muestra Fase 5.
webs_propias_phase7_2026-06-14T20-43-50-127Z,INMOBILIARIA HUANWIL,alpunto.com.pe,wordpress_sitemap_rest_html,phase5_wordpress_html_jsonld,delivery_year,1,0,0,0,100,0,0,0,0,0,not_recommended,Campo no observado en la muestra Fase 5.
webs_propias_phase7_2026-06-14T20-43-50-127Z,INMOBILIARIA HUANWIL,alpunto.com.pe,wordpress_sitemap_rest_html,phase5_wordpress_html_jsonld,delivery_date,1,0,0,0,100,0,0,0,0,0,not_recommended,Campo no observado en la muestra Fase 5.
webs_propias_phase7_2026-06-14T20-43-50-127Z,INMOBILIARIA HUANWIL,alpunto.com.pe,wordpress_sitemap_rest_html,phase5_wordpress_html_jsonld,description,1,1,100,66,0,0,0,0,0,100,enrichment_only,"Campo util para enriquecimiento, no necesariamente fuente primaria."
webs_propias_phase7_2026-06-14T20-43-50-127Z,INMOBILIARIA HUANWIL,alpunto.com.pe,wordpress_sitemap_rest_html,phase5_wordpress_html_jsonld,amenities,1,0,0,0,100,0,0,0,0,0,not_recommended,Campo no observado en la muestra Fase 5.
webs_propias_phase7_2026-06-14T20-43-50-127Z,INMOBILIARIA HUANWIL,alpunto.com.pe,wordpress_sitemap_rest_html,phase5_wordpress_html_jsonld,contact_name,1,0,0,0,100,0,0,0,0,0,not_recommended,Campo no observado en la muestra Fase 5.
webs_propias_phase7_2026-06-14T20-43-50-127Z,INMOBILIARIA HUANWIL,alpunto.com.pe,wordpress_sitemap_rest_html,phase5_wordpress_html_jsonld,contact_phone,1,0,0,0,100,0,0,0,0,0,not_recommended,Campo no observado en la muestra Fase 5.
webs_propias_phase7_2026-06-14T20-43-50-127Z,INMOBILIARIA HUANWIL,alpunto.com.pe,wordpress_sitemap_rest_html,phase5_wordpress_html_jsonld,whatsapp,1,0,0,0,100,0,0,0,0,0,not_recommended,Campo no observado en la muestra Fase 5.
webs_propias_phase7_2026-06-14T20-43-50-127Z,INMOBILIARIA HUANWIL,alpunto.com.pe,wordpress_sitemap_rest_html,phase5_wordpress_html_jsonld,email,1,0,0,0,100,0,0,0,0,0,not_recommended,Campo no observado en la muestra Fase 5.
webs_propias_phase7_2026-06-14T20-43-50-127Z,INMOBILIARIA HUANWIL,alpunto.com.pe,wordpress_sitemap_rest_html,phase5_wordpress_html_jsonld,financing_banks,1,0,0,0,100,0,0,0,0,0,not_recommended,Campo no observado en la muestra Fase 5.
webs_propias_phase7_2026-06-14T20-43-50-127Z,INMOBILIARIA HUANWIL,alpunto.com.pe,wordpress_sitemap_rest_html,phase5_wordpress_html_jsonld,latitude,1,0,0,0,100,0,0,0,0,0,not_recommended,Campo no observado en la muestra Fase 5.
webs_propias_phase7_2026-06-14T20-43-50-127Z,INMOBILIARIA HUANWIL,alpunto.com.pe,wordpress_sitemap_rest_html,phase5_wordpress_html_jsonld,longitude,1,0,0,0,100,0,0,0,0,0,not_recommended,Campo no observado en la muestra Fase 5.
