run_id,agency_name,domain,web_project_url,web_project_name,nexo_project_id,nexo_project_name,match_score,match_class,matched_on_agency,matched_on_project_name,matched_on_district,matched_on_address,matched_on_coordinates,matched_on_slug,justification,requires_human_review,reviewed_status,reviewed_by,reviewed_at
webs_propias_phase6_2026-06-14T20-43-40-390Z,CONSTRUCTORA MALLORCA,constructoramallorca.com,https://www.constructoramallorca.com/proyecto-madecani,Proyecto Madecani,,Piura,29.9,unmatched_web,true,false,false,false,false,false,Sin score suficiente contra mejor candidato Nexo: Piura; score=29.9 | agency=1 | project=0.12 | district=0.28 | address=0.08 | coords=0 | slug=0.12,true,,,
webs_propias_phase6_2026-06-14T20-43-40-390Z,CONSTRUCTORA MALLORCA,constructoramallorca.com,https://www.constructoramallorca.com/proyecto-chacaltana,Proyecto Miraflores,,Piura,46.04,unmatched_web,true,false,false,true,false,false,Sin score suficiente contra mejor candidato Nexo: Piura; score=46.04 | agency=1 | project=0.18 | district=0.28 | address=1 | coords=0 | slug=0.09,true,,,
webs_propias_phase6_2026-06-14T20-43-40-390Z,PIONERO INMOBILIARIA,pionero.pe,http://www.pionero.pe/proyecto/guardia-civil-sur-314,Guardia Civil Sur 314,4116,Guardia Civil Sur 314,78.81,match_medium,true,true,true,false,false,true,score=78.81 | agency=1 | project=1 | district=1 | address=0.25 | coords=0 | slug=1,true,,,
webs_propias_phase6_2026-06-14T20-43-40-390Z,PIONERO INMOBILIARIA,pionero.pe,http://www.pionero.pe/proyecto/reducto-1421,Reducto 1421,2795,Reducto 1421,77.76,match_medium,true,true,false,true,false,true,score=77.76 | agency=1 | project=1 | district=0.18 | address=1 | coords=0 | slug=1,true,,,
webs_propias_phase6_2026-06-14T20-43-40-390Z,EDIFICA,edifica.com.pe,https://edifica.com.pe/soul-departamento-miraflores,Soul,,The Muse,43.7,unmatched_web,true,false,true,false,false,false,Sin score suficiente contra mejor candidato Nexo: The Muse; score=43.7 | agency=1 | project=0.12 | district=1 | address=0.25 | coords=0 | slug=0.18,true,,,
webs_propias_phase6_2026-06-14T20-43-40-390Z,EDIFICA,edifica.com.pe,https://edifica.com.pe/artinto-departamento-barranco,Artinto,,Affinity,41.94,unmatched_web,true,false,false,false,false,false,Sin score suficiente contra mejor candidato Nexo: Affinity; score=41.94 | agency=1 | project=0.46 | district=0.18 | address=0.11 | coords=0 | slug=0.28,true,,,
webs_propias_phase6_2026-06-14T20-43-40-390Z,INVENT INMOBILIARIA,invent.com.pe,https://invent.com.pe/departamentos-en-venta-magdalena/aliaga-435,ALIAGA 435 – Departamentos en Magdalena desde S/ 357 900,2056,Invent Juan de Aliaga,52.41,match_low,true,false,true,false,false,false,score=52.41 | agency=1 | project=0.33 | district=1 | address=0.22 | coords=0 | slug=0.5,true,,,
webs_propias_phase6_2026-06-14T20-43-40-390Z,INVENT INMOBILIARIA,invent.com.pe,https://invent.com.pe/departamentos-en-venta-barranco/patria,PATRIA – Departamentos en Barranco desde S/ 313 000,2430,PATRIA,78.07,match_medium,true,true,true,false,false,true,score=78.07 | agency=1 | project=1 | district=1 | address=0.2 | coords=0 | slug=1,true,,,
webs_propias_phase6_2026-06-14T20-43-40-390Z,Cresiente,esparq.com,https://eomgrupo.com/proyectos-filtro.php?codigod=001,EOM GRUPO,,BLUE,25.1,unmatched_web,true,false,false,false,false,false,Sin score suficiente contra mejor candidato Nexo: BLUE; score=25.1 | agency=1 | project=0 | district=0.18 | address=0.13 | coords=0 | slug=0.09,true,,,
webs_propias_phase6_2026-06-14T20-43-40-390Z,Cresiente,esparq.com,https://eomgrupo.com/proyectos-filtro.php?codigod=002,EOM GRUPO,,BLUE,25.59,unmatched_web,true,false,false,false,false,false,Sin score suficiente contra mejor candidato Nexo: BLUE; score=25.59 | agency=1 | project=0 | district=0.09 | address=0.25 | coords=0 | slug=0.09,true,,,
webs_propias_phase6_2026-06-14T20-43-40-390Z,PADOVA,padovasac.com,https://padovasac.com/proyectos/heliocercado,Helio,3186,HELIO SANTA BEATRIZ,70.6,match_medium,true,true,false,false,false,true,score=70.6 | agency=1 | project=1 | district=0.31 | address=0.4 | coords=0 | slug=1,true,,,
webs_propias_phase6_2026-06-14T20-43-40-390Z,PADOVA,padovasac.com,https://padovasac.com/proyectos/lomas-de-carabayllo-iv,Lomas de Carabayllo: IV ETAPA,3632,Lomas de Carabayllo Etapa 5,75,match_medium,true,true,true,false,false,true,score=75 | agency=1 | project=0.75 | district=1 | address=0.67 | coords=0 | slug=0.75,true,,,
webs_propias_phase6_2026-06-14T20-43-40-390Z,ABRIL GRUPO INMOBILIARIO,abril.pe,https://abril.pe/proyectos/proximos-proyectos/proximos-proyectos-gracias,Próximos Proyectos Gracias,,Máximo Abril,33.8,unmatched_web,true,false,false,false,false,false,Sin score suficiente contra mejor candidato Nexo: Máximo Abril; score=33.8 | agency=1 | project=0.35 | district=0 | address=0 | coords=0 | slug=0.35,true,,,
webs_propias_phase6_2026-06-14T20-43-40-390Z,ABRIL GRUPO INMOBILIARIO,abril.pe,https://abril.pe/proyectos/proximos-proyectos-4,Próximos proyectos,,Pino,33.46,unmatched_web,true,false,false,false,false,false,Sin score suficiente contra mejor candidato Nexo: Pino; score=33.46 | agency=1 | project=0.35 | district=0 | address=0 | coords=0 | slug=0.28,true,,,
webs_propias_phase6_2026-06-14T20-43-40-390Z,EE INMOBILIARIA,eeinmobiliaria.com,https://eeinmobiliaria.com/areas-comunes/facil-acceso-al-departamento,Fácil acceso al departamento,,BALBOA,29.81,unmatched_web,true,false,false,false,false,false,Sin score suficiente contra mejor candidato Nexo: BALBOA; score=29.81 | agency=1 | project=0.25 | district=0 | address=0 | coords=0 | slug=0.25,true,,,
webs_propias_phase6_2026-06-14T20-43-40-390Z,EE INMOBILIARIA,eeinmobiliaria.com,https://eeinmobiliaria.com/proyectos-sitemap.xml,proyectos sitemap.xml,,La Castellana 863,30.51,unmatched_web,true,false,false,false,false,false,Sin score suficiente contra mejor candidato Nexo: La Castellana 863; score=30.51 | agency=1 | project=0.26 | district=0 | address=0 | coords=0 | slug=0.26,true,,,
webs_propias_phase6_2026-06-14T20-43-40-390Z,ALBAMAR GRUPO INMOBILIARIO,albamar.com.pe,https://albamar.com.pe/departamentos/distrito/barranco,Venta de departamentos en Barranco I Albamar,3954,Albamar,61.84,match_low,true,true,false,false,false,false,score=61.84 | agency=1 | project=1 | district=0.35 | address=0 | coords=0 | slug=0.33,true,,,
webs_propias_phase6_2026-06-14T20-43-40-390Z,ALBAMAR GRUPO INMOBILIARIO,albamar.com.pe,https://albamar.com.pe/departamentos/distrito/brena,Breña,,Los Poetas,40.15,unmatched_web,false,false,true,false,false,false,Sin score suficiente contra mejor candidato Nexo: Los Poetas; score=40.15 | agency=0.64 | project=0.31 | district=1 | address=0 | coords=0 | slug=0.31,true,,,
webs_propias_phase6_2026-06-14T20-43-40-390Z,V&V GRUPO INMOBILIARIO,vyv.pe,https://vyv.pe/proyectos-en-venta/pedro-de-osma,PEDRO DE OSMA – VyV,,PARDO 669,48.58,unmatched_web,true,false,true,false,false,false,Sin score suficiente contra mejor candidato Nexo: PARDO 669; score=48.58 | agency=1 | project=0.26 | district=1 | address=0.2 | coords=0 | slug=0.28,true,,,
webs_propias_phase6_2026-06-14T20-43-40-390Z,V&V GRUPO INMOBILIARIO,vyv.pe,https://vyv.pe/proyectos-en-venta/santa-beatriz,MONTERO ROSAS 1080 – VyV,4145,MONTERO ROSAS 1080,71.05,match_medium,true,true,false,false,false,true,score=71.05 | agency=1 | project=1 | district=0.15 | address=0.67 | coords=0 | slug=0.75,true,,,
webs_propias_phase6_2026-06-14T20-43-40-390Z,GRUPO MG,grupomg.pe,https://grupomg.pe/departamentos-en-venta,Departamentos,,CENTRIUM - SANTA BEATRIZ,21.25,unmatched_web,true,false,false,false,false,false,Sin score suficiente contra mejor candidato Nexo: CENTRIUM - SANTA BEATRIZ; score=21.25 | agency=1 | project=0 | district=0 | address=0 | coords=0 | slug=0.25,true,,,
webs_propias_phase6_2026-06-14T20-43-40-390Z,GRUPO MG,grupomg.pe,https://grupomg.pe/departamentos/jesus-maria-allure,"Departamentos en venta Jesús María, mejor ubicación en Lima",3899,ALLURE - JESÚS MARÍA,78.33,match_medium,true,false,true,true,false,true,score=78.33 | agency=1 | project=0.67 | district=1 | address=1 | coords=0 | slug=1,true,,,
webs_propias_phase6_2026-06-14T20-43-40-390Z,GRUPO T&C,grupotyc.com,https://www.grupotyc.com/catalino-uno-de-los-proyectos-con-mas-areas-comunes-en-barranco,"CATALINO, UNO DE LOS PROYECTOS CON MÁS ÁREAS COMUNES EN BARRANCO",,LOOK&FEEL - Etapa 2,28,unmatched_web,true,false,false,false,false,false,Sin score suficiente contra mejor candidato Nexo: LOOK&FEEL - Etapa 2; score=28 | agency=1 | project=0.2 | district=0 | address=0 | coords=0 | slug=0.2,true,,,
webs_propias_phase6_2026-06-14T20-43-40-390Z,GRUPO T&C,grupotyc.com,https://www.grupotyc.com/la-primera-impresion-cuenta-los-lobbies-y-su-importancia-en-los-proyectos-inmobiliarios,LA PRIMERA IMPRESIÓN CUENTA: LOS LOBBIES Y SU IMPORTANCIA EN LOS PROYECTOS INMOBILIARIOS,,Tree San Isidro,26.76,unmatched_web,true,false,false,false,false,false,Sin score suficiente contra mejor candidato Nexo: Tree San Isidro; score=26.76 | agency=1 | project=0.17 | district=0 | address=0 | coords=0 | slug=0.18,true,,,
webs_propias_phase6_2026-06-14T20-43-40-390Z,HL DESARROLLOS INMOBILIARIOS,hldi.pe,https://hldi.pe/proyectos/friendz,Departamentos en Chorrillos en Entrega Inmediata,,Urban Mood Apartments,44.49,unmatched_web,true,false,true,false,false,false,Sin score suficiente contra mejor candidato Nexo: Urban Mood Apartments; score=44.49 | agency=1 | project=0.16 | district=1 | address=0.2 | coords=0 | slug=0.16,true,,,
webs_propias_phase6_2026-06-14T20-43-40-390Z,HL DESARROLLOS INMOBILIARIOS,hldi.pe,https://hldi.pe/proyectos/sq-2-work-living,Departamentos en Surquillo,,Urban Mood Apartments,43.52,unmatched_web,true,false,true,false,false,false,Sin score suficiente contra mejor candidato Nexo: Urban Mood Apartments; score=43.52 | agency=1 | project=0.13 | district=1 | address=0.2 | coords=0 | slug=0.18,true,,,
webs_propias_phase6_2026-06-14T20-43-40-390Z,REYNA INMOBILIARIA,reynainmobiliaria.pe,https://reynainmobiliaria.pe/como-elegir-tu-departamento-ideal-en-lima-familia-pareja-o-individual,"Cómo elegir tu departamento ideal en Lima: ¿familia, pareja o individual?",,Amber Park,24.6,unmatched_web,true,false,false,false,false,false,Sin score suficiente contra mejor candidato Nexo: Amber Park; score=24.6 | agency=1 | project=0.12 | district=0 | address=0 | coords=0 | slug=0.12,true,,,
webs_propias_phase6_2026-06-14T20-43-40-390Z,REYNA INMOBILIARIA,reynainmobiliaria.pe,https://reynainmobiliaria.pe/diseno-e-innovacion-en-inmuebles-que-hace-especial-a-una-vivienda-reyna,Diseño e innovación en inmuebles: ¿qué hace especial a una vivienda Reyna?,,Amber Park,24.21,unmatched_web,true,false,false,false,false,false,Sin score suficiente contra mejor candidato Nexo: Amber Park; score=24.21 | agency=1 | project=0.1 | district=0 | address=0 | coords=0 | slug=0.12,true,,,
webs_propias_phase6_2026-06-14T20-43-40-390Z,COSAPI,cosapiinmobiliaria.com.pe,https://cosapiinmobiliaria.com.pe/proyectos/pazea,Proyecto Pazea,3621,PAZEA,77.82,match_medium,true,true,true,false,false,true,score=77.82 | agency=1 | project=1 | district=1 | address=0.19 | coords=0 | slug=1,true,,,
webs_propias_phase6_2026-06-14T20-43-40-390Z,COSAPI,cosapiinmobiliaria.com.pe,https://cosapiinmobiliaria.com.pe/proyectos/bosqo,Proyecto Bosqo,3619,BOSQO,71.97,match_medium,true,true,false,false,false,true,score=71.97 | agency=1 | project=1 | district=0.13 | address=0.67 | coords=0 | slug=1,true,,,
webs_propias_phase6_2026-06-14T20-43-40-390Z,GRUPO TyC,grupotyc.com,https://www.grupotyc.com/catalino-uno-de-los-proyectos-con-mas-areas-comunes-en-barranco,"CATALINO, UNO DE LOS PROYECTOS CON MÁS ÁREAS COMUNES EN BARRANCO",,Bertolotto - Etapa III,25.6,unmatched_web,true,false,false,false,false,false,Sin score suficiente contra mejor candidato Nexo: Bertolotto - Etapa III; score=25.6 | agency=1 | project=0.14 | district=0 | address=0 | coords=0 | slug=0.14,true,,,
webs_propias_phase6_2026-06-14T20-43-40-390Z,GRUPO TyC,grupotyc.com,https://www.grupotyc.com/la-primera-impresion-cuenta-los-lobbies-y-su-importancia-en-los-proyectos-inmobiliarios,LA PRIMERA IMPRESIÓN CUENTA: LOS LOBBIES Y SU IMPORTANCIA EN LOS PROYECTOS INMOBILIARIOS,,Bertolotto - Etapa III,27.25,unmatched_web,true,false,false,false,false,false,Sin score suficiente contra mejor candidato Nexo: Bertolotto - Etapa III; score=27.25 | agency=1 | project=0.18 | district=0 | address=0 | coords=0 | slug=0.18,true,,,
webs_propias_phase6_2026-06-14T20-43-40-390Z,ABRIL GRUPO INMOBILIARIO,abril.pe,https://abril.pe/departamentos/cercado-de-lima/roble,Roble,3693,Roble,90,match_high,true,true,true,true,false,true,score=90 | agency=1 | project=1 | district=1 | address=1 | coords=0 | slug=1,false,,,
webs_propias_phase6_2026-06-14T20-43-40-390Z,ABRIL GRUPO INMOBILIARIO,abril.pe,https://abril.pe/departamentos/cercado-de-lima/cedro33,Cedro 33,3453,Cedro 33,67.35,match_low,true,true,false,false,false,true,score=67.35 | agency=1 | project=1 | district=0.23 | address=0.26 | coords=0 | slug=1,true,,,
webs_propias_phase6_2026-06-14T20-43-40-390Z,EE INMOBILIARIA,eeinmobiliaria.com,https://eeinmobiliaria.com/proyectos/centrix-28,Centrix 28,3025,Centrix 28,81.82,match_medium,true,true,true,false,false,true,score=81.82 | agency=1 | project=1 | district=1 | address=0.45 | coords=0 | slug=1,true,,,
webs_propias_phase6_2026-06-14T20-43-40-390Z,EE INMOBILIARIA,eeinmobiliaria.com,https://eeinmobiliaria.com/proyectos/bosquia-living,Bosquia Living,3968,Bosquia Living,76.97,match_medium,true,true,false,true,false,true,score=76.97 | agency=1 | project=1 | district=0.13 | address=1 | coords=0 | slug=1,true,,,
webs_propias_phase6_2026-06-14T20-43-40-390Z,GRUPO MG,grupomg.pe,https://grupomg.pe/departamentos/jesus-maria-huiracocha,"Departamentos en Jesús María, Lima",3797,HUIRACOCHA - JESÚS MARÍA,78.33,match_medium,true,false,true,true,false,true,score=78.33 | agency=1 | project=0.67 | district=1 | address=1 | coords=0 | slug=1,true,,,
webs_propias_phase6_2026-06-14T20-43-40-390Z,GRUPO T&C,grupotyc.com,https://www.grupotyc.com/proyectos/minimal,Minimal Santa Beatriz,3053,MINIMAL,67.27,match_low,false,true,false,true,false,true,score=67.27 | agency=0.61 | project=1 | district=0 | address=1 | coords=0 | slug=1,true,,,
webs_propias_phase6_2026-06-14T20-43-40-390Z,GRUPO T&C,grupotyc.com,https://www.grupotyc.com/proyectos/aspiria,Grupo TyC,1631,ASPIRIA,53.23,match_low,true,false,true,true,false,true,score=53.23 | agency=1 | project=0 | district=1 | address=0.88 | coords=0 | slug=1,true,,,
webs_propias_phase6_2026-06-14T20-43-40-390Z,REYNA INMOBILIARIA,reynainmobiliaria.pe,https://reynainmobiliaria.pe/vivum-inicio-obras,Proyecto Vivum celebra su inicio de obras,3581,Vivum,76.38,match_medium,true,true,false,true,false,true,score=76.38 | agency=1 | project=1 | district=0.09 | address=1 | coords=0 | slug=1,true,,,
webs_propias_phase6_2026-06-14T20-43-40-390Z,REYNA INMOBILIARIA,reynainmobiliaria.pe,https://reynainmobiliaria.pe/proyectos-entregados,Proyectos entregados,,BRAN,30.81,unmatched_web,true,false,false,false,false,false,Sin score suficiente contra mejor candidato Nexo: BRAN; score=30.81 | agency=1 | project=0.18 | district=0.23 | address=0 | coords=0 | slug=0.18,true,,,
webs_propias_phase6_2026-06-14T20-43-40-390Z,GRUPO TyC,grupotyc.com,https://www.grupotyc.com/proyectos/minimal,Minimal Santa Beatriz,3053,MINIMAL,75,match_medium,true,true,false,true,false,true,score=75 | agency=1 | project=1 | district=0 | address=1 | coords=0 | slug=1,true,,,
webs_propias_phase6_2026-06-14T20-43-40-390Z,GRUPO TyC,grupotyc.com,https://www.grupotyc.com/proyectos/aspiria,Grupo TyC,,ASPIRIA,45.49,unmatched_web,false,false,true,true,false,true,Sin score suficiente contra mejor candidato Nexo: ASPIRIA; score=45.49 | agency=0.61 | project=0 | district=1 | address=0.88 | coords=0 | slug=1,true,,,
webs_propias_phase6_2026-06-14T20-43-40-390Z,GRUPO SOL,gruposol.com.pe,https://gruposol.com.pe/proyecto/prime-santa-cruz,Prime Santa Cruz,4065,PRIME SANTA CRUZ,78.68,match_medium,true,true,true,false,false,true,score=78.68 | agency=1 | project=1 | district=1 | address=0.25 | coords=0 | slug=1,true,,,
webs_propias_phase6_2026-06-14T20-43-40-390Z,GRUPO SOL,gruposol.com.pe,https://gruposol.com.pe/proyecto/nuovavita,NuovaVita,3371,NUOVA VITA,75.02,match_medium,true,true,true,false,false,true,score=75.02 | agency=1 | project=0.83 | district=1 | address=0.46 | coords=0 | slug=0.83,true,,,
webs_propias_phase6_2026-06-14T20-43-40-390Z,MADRID INMOBILIARIA,madridinmobiliaria.pe,https://madridinmobiliaria.pe/departamentos-venta/jesus-maria-park-side,Nuestros Proyectos Inmobiliarios en Lima,,Mareia,44.61,unmatched_web,true,false,true,false,false,false,Sin score suficiente contra mejor candidato Nexo: Mareia; score=44.61 | agency=1 | project=0.18 | district=1 | address=0.14 | coords=0 | slug=0.22,true,,,
webs_propias_phase6_2026-06-14T20-43-40-390Z,MADRID INMOBILIARIA,madridinmobiliaria.pe,https://madridinmobiliaria.pe/departamentos-venta,Nuestros Proyectos Inmobiliarios en Lima,,Mareia,44.58,unmatched_web,true,false,true,false,false,false,Sin score suficiente contra mejor candidato Nexo: Mareia; score=44.58 | agency=1 | project=0.18 | district=1 | address=0.14 | coords=0 | slug=0.21,true,,,
webs_propias_phase6_2026-06-14T20-43-40-390Z,ACTUAL,actual.pe,https://actual.pe/proyecto/edificio-salaverry-1,Edificio Salaverry I,4007,Salaverry I,88.33,match_high,true,true,true,true,false,false,score=88.33 | agency=1 | project=1 | district=1 | address=1 | coords=0 | slug=0.67,false,,,
webs_propias_phase6_2026-06-14T20-43-40-390Z,ACTUAL,actual.pe,https://actual.pe/proyecto/edificio-park-orquideas,Edificio Park Orquídeas,3666,Park Orquídeas,76.93,match_medium,true,true,true,false,false,true,score=76.93 | agency=1 | project=1 | district=1 | address=0.13 | coords=0 | slug=1,true,,,
webs_propias_phase6_2026-06-14T20-43-40-390Z,INMGENIO,inmgenio.pe,https://www.inmgenio.pe/cotiza-tu-proyecto,Cotiza Departamentos En Preventa Lima,,GRETA,45.54,unmatched_web,true,false,true,false,false,false,Sin score suficiente contra mejor candidato Nexo: GRETA; score=45.54 | agency=1 | project=0.16 | district=1 | address=0.26 | coords=0 | slug=0.2,true,,,
webs_propias_phase6_2026-06-14T20-43-40-390Z,INMGENIO,inmgenio.pe,https://www.inmgenio.pe/proyectos/alonso,Alonso,4046,ALONSO,68.12,match_low,true,true,false,false,false,true,score=68.12 | agency=1 | project=1 | district=0.18 | address=0.36 | coords=0 | slug=1,true,,,
webs_propias_phase6_2026-06-14T20-43-40-390Z,GRV CORPORATIVA,grvcorp.com,https://grvcorp.com/proyectos/solara,Condominio Club Playa en Tumbes,,CASTILLO DE ARENA - CONDOMINIO CLUB DE PLAYA,48.95,unmatched_web,true,false,false,false,false,false,Sin score suficiente contra mejor candidato Nexo: CASTILLO DE ARENA - CONDOMINIO CLUB DE PLAYA; score=48.95 | agency=1 | project=0.6 | district=0.18 | address=0.15 | coords=0 | slug=0.6,true,,,
webs_propias_phase6_2026-06-14T20-43-40-390Z,GRV CORPORATIVA,grvcorp.com,https://grvcorp.com/proyectos/baiona,"Baiona, el único condominio de playa en Casma",3617,BAIONA,64.11,match_low,true,true,false,false,false,true,score=64.11 | agency=1 | project=1 | district=0.09 | address=0.18 | coords=0 | slug=1,true,,,
webs_propias_phase6_2026-06-14T20-43-40-390Z,CONSTRUCTORA INARCO,inarco.com.pe,https://inarco.com.pe/proyectos-ejecutados,Proyectos Ejecutados,,MAZ - Etapa 1,35.13,unmatched_web,true,false,false,false,false,false,Sin score suficiente contra mejor candidato Nexo: MAZ - Etapa 1; score=35.13 | agency=1 | project=0.17 | district=0.18 | address=0.38 | coords=0 | slug=0.17,true,,,
webs_propias_phase6_2026-06-14T20-43-40-390Z,CONSTRUCTORA INARCO,inarco.com.pe,https://inarco.com.pe/proyectos-ejecutados-varios,Proyectos Ejecutados varios,,MAZ - Etapa 1,34.94,unmatched_web,true,false,false,false,false,false,Sin score suficiente contra mejor candidato Nexo: MAZ - Etapa 1; score=34.94 | agency=1 | project=0.16 | district=0.18 | address=0.38 | coords=0 | slug=0.16,true,,,
webs_propias_phase6_2026-06-14T20-43-40-390Z,LUGANO,luganosac.com,https://lugano.pe/otros/analisis-exhaustivo-sobre-oportunidades-en-los-proyectos-de-departamentos-en-lima,Análisis Exhaustivo Sobre Oportunidades En Los Proyectos De Departamentos En Lima,,EDIFICIO BLEND,45.37,unmatched_web,true,false,true,false,false,false,Sin score suficiente contra mejor candidato Nexo: EDIFICIO BLEND; score=45.37 | agency=1 | project=0.17 | district=1 | address=0.25 | coords=0 | slug=0.17,true,,,
webs_propias_phase6_2026-06-14T20-43-40-390Z,LUGANO,luganosac.com,https://lugano.pe/otros/nuevos-proyectos-residenciales-en-jesus-maria-con-lugano,- Nuevos Proyectos Residenciales En Jesús María Con,,EDIFICIO BLEND,43.24,unmatched_web,true,false,true,false,false,false,Sin score suficiente contra mejor candidato Nexo: EDIFICIO BLEND; score=43.24 | agency=1 | project=0.14 | district=1 | address=0.16 | coords=0 | slug=0.17,true,,,
webs_propias_phase6_2026-06-14T20-43-40-390Z,GDC INMOBILIARIA,gdcinmobiliaria.pe,https://gdc.pe/proyecto/park-canevaro,Único Canevaro,,Único Magdalena,46.43,unmatched_web,true,false,false,false,false,false,Sin score suficiente contra mejor candidato Nexo: Único Magdalena; score=46.43 | agency=1 | project=0.5 | district=0.21 | address=0.22 | coords=0 | slug=0.5,true,,,
webs_propias_phase6_2026-06-14T20-43-40-390Z,GDC INMOBILIARIA,gdcinmobiliaria.pe,https://gdc.pe/proyecto/casadeosma_chorrillos,Casa de Osma,3834,Casa de Osma,79.14,match_medium,true,true,false,true,false,true,score=79.14 | agency=1 | project=1 | district=0.28 | address=1 | coords=0 | slug=1,true,,,
webs_propias_phase6_2026-06-14T20-43-40-390Z,AURORA GRUPO INMOBILIARIO,grupoaurora.pe,https://grupoaurora.pe/proyecto/vasco-nunez-141,Departamentos en Miraflores,3518,Vasco Núñez 141,52.5,match_low,true,false,true,true,false,true,score=52.5 | agency=1 | project=0 | district=1 | address=0.83 | coords=0 | slug=1,true,,,
webs_propias_phase6_2026-06-14T20-43-40-390Z,AURORA GRUPO INMOBILIARIO,grupoaurora.pe,https://grupoaurora.pe/proyecto/parque-blume,Parque Blume,3206,Parque Córdova 2,56.99,match_low,true,false,true,false,false,false,score=56.99 | agency=1 | project=0.5 | district=1 | address=0.13 | coords=0 | slug=0.5,true,,,
webs_propias_phase6_2026-06-14T20-43-40-390Z,CANTABRIA,inmobiliariacantabria.com,https://cantabriainmobiliaria.pe/proyecto/versia-miraflores,Versia,3981,VERSIA,87,match_high,true,true,true,true,false,true,score=87 | agency=1 | project=1 | district=1 | address=0.8 | coords=0 | slug=1,false,,,
webs_propias_phase6_2026-06-14T20-43-40-390Z,CANTABRIA,inmobiliariacantabria.com,https://cantabriainmobiliaria.pe/proyecto/west-prado,West Prado,3976,WEST PRADO,83.08,match_medium,true,true,true,false,false,true,score=83.08 | agency=1 | project=1 | district=1 | address=0.54 | coords=0 | slug=1,true,,,
webs_propias_phase6_2026-06-14T20-43-40-390Z,FRONTERA,frontera.pe,https://www.frontera.pe/proyectos_del_extranjero,Invierte en Proyectos Inmobiliarios en el Extranjero,,Malecón Costa Sur 658,26.49,unmatched_web,true,false,false,false,false,false,Sin score suficiente contra mejor candidato Nexo: Malecón Costa Sur 658; score=26.49 | agency=1 | project=0.17 | district=0 | address=0 | coords=0 | slug=0.14,true,,,
webs_propias_phase6_2026-06-14T20-43-40-390Z,FRONTERA,frontera.pe,https://www.frontera.pe/proyectos/proyecto-chacaltana,Chacaltana 361,4155,Chacaltana 361,77.76,match_medium,true,true,false,true,false,true,score=77.76 | agency=1 | project=1 | district=0.18 | address=1 | coords=0 | slug=1,true,,,
webs_propias_phase6_2026-06-14T20-43-40-390Z,SEMBRA INMOBILIARIA,sembra.pe,https://sembra.pe/proyecto/re-evolucion,Re-evolución,,Salaverry,41.07,unmatched_web,true,false,true,false,false,false,Sin score suficiente contra mejor candidato Nexo: Salaverry; score=41.07 | agency=1 | project=0.08 | district=1 | address=0.2 | coords=0 | slug=0.08,true,,,
webs_propias_phase6_2026-06-14T20-43-40-390Z,SEMBRA INMOBILIARIA,sembra.pe,https://sembra.pe/proyecto/qabal,Qabal,,Salaverry,46.18,unmatched_web,true,false,true,false,false,false,Sin score suficiente contra mejor candidato Nexo: Salaverry; score=46.18 | agency=1 | project=0.2 | district=1 | address=0.2 | coords=0 | slug=0.2,true,,,
webs_propias_phase6_2026-06-14T20-43-40-390Z,TORATTO GRUPO INMOBILIARIO,grupotoratto.com,https://www.grupotoratto.com/departamento/vernazza,Vernazza,3328,VERNAZZA,83.57,match_medium,true,true,true,false,false,true,score=83.57 | agency=1 | project=1 | district=1 | address=0.57 | coords=0 | slug=1,true,,,
webs_propias_phase6_2026-06-14T20-43-40-390Z,TORATTO GRUPO INMOBILIARIO,grupotoratto.com,https://www.grupotoratto.com/departamento/monterosso,Monterosso,1940,MONTEROSSO,87.5,match_high,true,true,true,true,false,true,score=87.5 | agency=1 | project=1 | district=1 | address=0.83 | coords=0 | slug=1,false,,,
webs_propias_phase6_2026-06-14T20-43-40-390Z,VITAIN,vitain.pe,https://vitain.pe/proyecto/inprime,Edificio Inprime,4165,Edificio InPrime,76.93,match_medium,true,true,false,true,false,true,score=76.93 | agency=1 | project=1 | district=0.33 | address=0.8 | coords=0 | slug=1,true,,,
webs_propias_phase6_2026-06-14T20-43-40-390Z,VITAIN,vitain.pe,https://vitain.pe/proyecto/intower,Edificio InTower,3678,Edificio Incentric,61.73,match_low,true,false,true,false,false,false,score=61.73 | agency=1 | project=0.61 | district=1 | address=0.18 | coords=0 | slug=0.5,true,,,
webs_propias_phase6_2026-06-14T20-43-40-390Z,VIENNA GRUPO INMOBILIARIO,vienna.pe,https://vienna.pe/proyectos-entregado,Proyectos entregado,,Astre,32.27,unmatched_web,true,false,false,false,false,false,Sin score suficiente contra mejor candidato Nexo: Astre; score=32.27 | agency=1 | project=0.31 | district=0 | address=0 | coords=0 | slug=0.31,true,,,
webs_propias_phase6_2026-06-14T20-43-40-390Z,VIENNA GRUPO INMOBILIARIO,vienna.pe,https://vienna.pe/proyecto/sukha,Sukha,3241,Residencial Sukha,90,match_high,true,true,true,true,false,true,score=90 | agency=1 | project=1 | district=1 | address=1 | coords=0 | slug=1,false,,,
webs_propias_phase6_2026-06-14T20-43-40-390Z,MS INMOBILIARIA,msinmobiliaria.pe,https://msinmobiliaria.pe/proyectos/oli,OLI,4166,Oli - All inclusive vive pueblo libre,74.3,match_medium,true,true,false,true,false,true,score=74.3 | agency=1 | project=1 | district=0.15 | address=0.8 | coords=0 | slug=1,true,,,
webs_propias_phase6_2026-06-14T20-43-40-390Z,MS INMOBILIARIA,msinmobiliaria.pe,https://msinmobiliaria.pe/proyectos/top-living,Top Living,3422,TOP LIVING,77.3,match_medium,true,true,false,true,false,true,score=77.3 | agency=1 | project=1 | district=0.15 | address=1 | coords=0 | slug=1,true,,,
webs_propias_phase6_2026-06-14T20-43-40-390Z,TER INMOBILIARIA,terinmobiliaria.com,https://terinmobiliaria.com/proyectos/bolivar,Bolivar,2445,BOLIVAR 1209,84,match_medium,true,true,true,false,false,true,score=84 | agency=1 | project=1 | district=1 | address=0.6 | coords=0 | slug=1,true,,,
webs_propias_phase6_2026-06-14T20-43-40-390Z,TER INMOBILIARIA,terinmobiliaria.com,https://terinmobiliaria.com/proyectos/morar,Morar,2241,MORAR,76.38,match_medium,true,true,false,true,false,true,score=76.38 | agency=1 | project=1 | district=0.09 | address=1 | coords=0 | slug=1,true,,,
webs_propias_phase6_2026-06-14T20-43-40-390Z,EVERGRAN GRUPO INMOBILIARIO,evergran.pe,https://evergran.pe/proyectos/aliaga-garden,Aliaga Garden Etapa 1,1654,ALIAGA GARDEN,77.12,match_medium,true,true,false,true,false,true,score=77.12 | agency=1 | project=1 | district=0.14 | address=1 | coords=0 | slug=1,true,,,
webs_propias_phase6_2026-06-14T20-43-40-390Z,EVERGRAN GRUPO INMOBILIARIO,evergran.pe,https://evergran.pe/proyectos/aliaga-garden-2,Aliaga Garden Etapa 2,2918,Aliaga Garden - Etapa 2,64.88,match_low,true,true,false,false,false,true,score=64.88 | agency=1 | project=1 | district=0.14 | address=0.18 | coords=0 | slug=1,true,,,
webs_propias_phase6_2026-06-14T20-43-40-390Z,AVENIR GRUPO INMOBILIARIO,avenir.pe,https://www.avenirperu.pe/post/es-buen-momento-para-invertir-en-proyectos-inmobiliarios-en-preventa,¿Es buen momento para invertir en proyectos inmobiliarios en preventa?,,SB NORTE 1189,43.73,unmatched_web,false,false,true,false,false,false,Sin score suficiente contra mejor candidato Nexo: SB NORTE 1189; score=43.73 | agency=0.7 | project=0.14 | district=1 | address=0.6 | coords=0 | slug=0.14,true,,,
webs_propias_phase6_2026-06-14T20-43-40-390Z,AVENIR GRUPO INMOBILIARIO,avenir.pe,https://www.avenirperu.pe/proyectosenventa,Proyectos en venta,2861,MIXXO,50.46,match_low,true,false,true,true,false,false,score=50.46 | agency=1 | project=0 | district=1 | address=1 | coords=0 | slug=0.09,true,,,
webs_propias_phase6_2026-06-14T20-43-40-390Z,INHOUSE,inhouse.com.pe,https://www.inhouse.com.pe/proyecto/ibiza,Grupo Inmobiliario,,IBIZA,40.84,unmatched_web,true,false,false,false,false,true,Sin score suficiente contra mejor candidato Nexo: IBIZA; score=40.84 | agency=1 | project=0.31 | district=0.14 | address=0.2 | coords=0 | slug=1,true,,,
webs_propias_phase6_2026-06-14T20-43-40-390Z,INHOUSE,inhouse.com.pe,https://www.inhouse.com.pe/proyecto/sienna,Grupo Inmobiliario,,IBIZA,37.37,unmatched_web,true,false,false,false,false,false,Sin score suficiente contra mejor candidato Nexo: IBIZA; score=37.37 | agency=1 | project=0.31 | district=0.14 | address=0.2 | coords=0 | slug=0.31,true,,,
webs_propias_phase6_2026-06-14T20-43-40-390Z,VIVE PLM,viveplm.com,https://www.viveplm.com/proyectoconstruido-losnaranjos294,Inversiones Inmobiliarias,,SAN FELIPE TOWERS,33.57,unmatched_web,true,false,false,false,false,false,Sin score suficiente contra mejor candidato Nexo: SAN FELIPE TOWERS; score=33.57 | agency=1 | project=0.22 | district=0.08 | address=0.25 | coords=0 | slug=0.17,true,,,
webs_propias_phase6_2026-06-14T20-43-40-390Z,VIVE PLM,viveplm.com,https://www.viveplm.com/proyectoconstruido-carolinavargas22,Inversiones Inmobiliarias,,BERNALES 442,34.69,unmatched_web,true,false,false,false,false,false,Sin score suficiente contra mejor candidato Nexo: BERNALES 442; score=34.69 | agency=1 | project=0.18 | district=0.28 | address=0.23 | coords=0 | slug=0.13,true,,,
webs_propias_phase6_2026-06-14T20-43-40-390Z,LOS PORTALES DEPARTAMENTOS,losportales.com.pe,https://www.losportales.com.pe/vista-ventanales,Los Portales,,Gran Parque Norte - Etapa 1,33.23,unmatched_web,true,false,false,false,false,false,Sin score suficiente contra mejor candidato Nexo: Gran Parque Norte - Etapa 1; score=33.23 | agency=1 | project=0.18 | district=0.14 | address=0.25 | coords=0 | slug=0.18,true,,,
webs_propias_phase6_2026-06-14T20-43-40-390Z,LOS PORTALES DEPARTAMENTOS,losportales.com.pe,https://www.losportales.com.pe/venta-terreno,Los Portales,,Gran Parque Norte - Etapa 1,31.32,unmatched_web,true,false,false,false,false,false,Sin score suficiente contra mejor candidato Nexo: Gran Parque Norte - Etapa 1; score=31.32 | agency=1 | project=0.18 | district=0.14 | address=0.12 | coords=0 | slug=0.18,true,,,
webs_propias_phase6_2026-06-14T20-43-40-390Z,BECA INMOBILIARIA,beca.pe,https://beca.pe/proyectos-inmobiliarios-en-pueblo-libre-departamentos-frente-a-parque,Proyectos Inmobiliarios en Pueblo Libre: Departamentos Frente a Parque,,Eighth Avenue,43.54,unmatched_web,true,false,true,false,false,false,Sin score suficiente contra mejor candidato Nexo: Eighth Avenue; score=43.54 | agency=1 | project=0.14 | district=1 | address=0.18 | coords=0 | slug=0.16,true,,,
webs_propias_phase6_2026-06-14T20-43-40-390Z,BECA INMOBILIARIA,beca.pe,https://beca.pe/proyectos-inmobiliarios-en-magdalena-encuentra-el-departamento-ideal-segun-tu-estilo-de-vida,Proyectos inmobiliarios en Magdalena: Encuentra el departamento ideal según tu estilo de vida,,Eighth Avenue,43.05,unmatched_web,true,false,true,false,false,false,Sin score suficiente contra mejor candidato Nexo: Eighth Avenue; score=43.05 | agency=1 | project=0.13 | district=1 | address=0.18 | coords=0 | slug=0.15,true,,,
webs_propias_phase6_2026-06-14T20-43-40-390Z,DKASA,dkasa.com.pe,https://www.dkasa.com.pe/proyectos/pre-venta/kora,Proyecto Kora,,Plaza Bertello,40.39,unmatched_web,true,false,true,false,false,false,Sin score suficiente contra mejor candidato Nexo: Plaza Bertello; score=40.39 | agency=1 | project=0.07 | district=1 | address=0.18 | coords=0 | slug=0.07,true,,,
webs_propias_phase6_2026-06-14T20-43-40-390Z,DKASA,dkasa.com.pe,https://www.dkasa.com.pe/proyectos/pre-lanzamiento/san-miguel-lucca,Proyecto Lucca,3911,Lucca,76.15,match_medium,true,true,false,true,false,true,score=76.15 | agency=1 | project=1 | district=0.08 | address=1 | coords=0 | slug=1,true,,,
webs_propias_phase6_2026-06-14T20-43-40-390Z,MULTIURBE,multiurbe.com,https://www.multiurbe.com/proyecto/libertador,Libertador,4210,Libertador,87,match_high,true,true,true,true,false,true,score=87 | agency=1 | project=1 | district=1 | address=0.8 | coords=0 | slug=1,false,,,
webs_propias_phase6_2026-06-14T20-43-40-390Z,MULTIURBE,multiurbe.com,https://www.multiurbe.com/proyecto/polo-park,Polo Park,3957,Polo Park,79.18,match_medium,true,true,true,false,false,true,score=79.18 | agency=1 | project=1 | district=1 | address=0.28 | coords=0 | slug=1,true,,,
webs_propias_phase6_2026-06-14T20-43-40-390Z,SAN CHARBEL EDIFICACIONES,sancharbel.pe,https://sancharbel.pe/cotizar-departamento,Cotizar Departamentos en venta en Lima,,OCEANIKA,34.71,unmatched_web,true,false,false,false,false,false,Sin score suficiente contra mejor candidato Nexo: OCEANIKA; score=34.71 | agency=1 | project=0.23 | district=0.17 | address=0.2 | coords=0 | slug=0.23,true,,,
webs_propias_phase6_2026-06-14T20-43-40-390Z,SAN CHARBEL EDIFICACIONES,sancharbel.pe,https://sancharbel.pe/departamentos-lima,Proyectos en Venta,,FREE,38.15,unmatched_web,true,false,false,true,false,false,Sin score suficiente contra mejor candidato Nexo: FREE; score=38.15 | agency=1 | project=0.12 | district=0.14 | address=0.8 | coords=0 | slug=0,true,,,
webs_propias_phase6_2026-06-14T20-43-40-390Z,ORTIZ INMOBILIARIA,oiperu.com,https://oiperu.com/proyectos/masias,Masías,3326,MASIAS,77.41,match_medium,true,true,true,false,false,true,score=77.41 | agency=1 | project=1 | district=1 | address=0.16 | coords=0 | slug=1,true,,,
webs_propias_phase6_2026-06-14T20-43-40-390Z,ORTIZ INMOBILIARIA,oiperu.com,https://oiperu.com/proyectos/vizuale3,Vizuale 3,3945,Vizuale 3,85,match_high,true,true,true,false,false,true,score=85 | agency=1 | project=1 | district=1 | address=0.67 | coords=0 | slug=1,false,,,
webs_propias_phase6_2026-06-14T20-43-40-390Z,URBALIMA,urbalima.pe,https://urbalima.pe/proyecto/ascend,Ascend,3511,ASCEND,63.68,match_low,true,true,false,false,false,true,score=63.68 | agency=1 | project=1 | district=0.13 | address=0.11 | coords=0 | slug=1,true,,,
webs_propias_phase6_2026-06-14T20-43-40-390Z,URBALIMA,urbalima.pe,https://urbalima.pe/proyecto/ecopark,Ecopark,,PARQUE CORREA ELIAS,33.57,unmatched_web,false,false,true,false,false,false,Sin score suficiente contra mejor candidato Nexo: PARQUE CORREA ELIAS; score=33.57 | agency=0.35 | project=0.19 | district=1 | address=0.25 | coords=0 | slug=0.19,true,,,
webs_propias_phase6_2026-06-14T20-43-40-390Z,GRANADERO INMOBILIARIA,granadero.com.pe,https://granadero.com.pe/proyecto/zegarra-920,Zegarra 920 –,4174,ZEGARRA 920,86.25,match_high,true,true,true,true,false,true,score=86.25 | agency=1 | project=1 | district=1 | address=0.75 | coords=0 | slug=1,false,,,
webs_propias_phase6_2026-06-14T20-43-40-390Z,GRANADERO INMOBILIARIA,granadero.com.pe,https://granadero.com.pe/proyecto/cross,Cross –,3392,Cross,80,match_medium,true,true,true,false,false,true,score=80 | agency=1 | project=1 | district=1 | address=0.33 | coords=0 | slug=1,true,,,
webs_propias_phase6_2026-06-14T20-43-40-390Z,Morada,morada.pe,https://morada.pe/proyectos/basadre-1101,Basadre 1101,4057,Bustamante 175,50.86,match_low,true,false,true,false,false,false,score=50.86 | agency=1 | project=0.33 | district=1 | address=0.18 | coords=0 | slug=0.33,true,,,
webs_propias_phase6_2026-06-14T20-43-40-390Z,Morada,morada.pe,https://morada.pe/proyectos/eucaliptos-385,Eucaliptos 385,,Bustamante 175,48.23,unmatched_web,true,false,true,false,false,false,Sin score suficiente contra mejor candidato Nexo: Bustamante 175; score=48.23 | agency=1 | project=0.26 | district=1 | address=0.18 | coords=0 | slug=0.26,true,,,
webs_propias_phase6_2026-06-14T20-43-40-390Z,ARTECO,arteco.pe,https://www.arteco.pe/proyectos/depasmart-lince,DepaSmart Lince,,Arteco,38.31,unmatched_web,true,false,false,false,false,false,Sin score suficiente contra mejor candidato Nexo: Arteco; score=38.31 | agency=1 | project=0.25 | district=0.23 | address=0.33 | coords=0 | slug=0.26,true,,,
webs_propias_phase6_2026-06-14T20-43-40-390Z,ARTECO,arteco.pe,https://www.arteco.pe/proyectos/depasmart-brena,DepaSmart Breña,,Arteco,46.32,unmatched_web,true,false,true,false,false,false,Sin score suficiente contra mejor candidato Nexo: Arteco; score=46.32 | agency=1 | project=0.25 | district=1 | address=0.1 | coords=0 | slug=0.25,true,,,
webs_propias_phase6_2026-06-14T20-43-40-390Z,LA VENTUROSA,laventurosa.com,https://www.laventurosa.com/proyectos/magdalena,Edificio Magda,3998,Edificio Magda,75,match_medium,true,true,false,true,false,true,score=75 | agency=1 | project=1 | district=0 | address=1 | coords=0 | slug=1,true,,,
webs_propias_phase6_2026-06-14T20-43-40-390Z,LA VENTUROSA,laventurosa.com,https://www.laventurosa.com/proyectos/solboulevard,Condominio Sol Boulevard,3932,Sol Boulevard,89.25,match_high,true,true,true,true,false,true,score=89.25 | agency=1 | project=1 | district=1 | address=1 | coords=0 | slug=0.85,false,,,
webs_propias_phase6_2026-06-14T20-43-40-390Z,SENDA,senda.pe,https://senda.pe/proyecto/side,Side,,Inspira 2,34.49,unmatched_web,false,false,true,false,false,false,Sin score suficiente contra mejor candidato Nexo: Inspira 2; score=34.49 | agency=0.46 | project=0.2 | district=1 | address=0.14 | coords=0 | slug=0.2,true,,,
webs_propias_phase6_2026-06-14T20-43-40-390Z,SENDA,senda.pe,https://senda.pe/proyecto/vemia,Vemiá,,Inspira 2,34.49,unmatched_web,false,false,true,false,false,false,Sin score suficiente contra mejor candidato Nexo: Inspira 2; score=34.49 | agency=0.46 | project=0.2 | district=1 | address=0.14 | coords=0 | slug=0.2,true,,,
webs_propias_phase6_2026-06-14T20-43-40-390Z,VIDARQ,performanceperu.pe,https://performanceperu.pe/proyecto/castilla-park,CASTILLA PARK – Performance Perú,,Atria,44.1,unmatched_web,true,false,true,false,false,false,Sin score suficiente contra mejor candidato Nexo: Atria; score=44.1 | agency=1 | project=0.12 | district=1 | address=0.25 | coords=0 | slug=0.21,true,,,
webs_propias_phase6_2026-06-14T20-43-40-390Z,VIDARQ,performanceperu.pe,https://performanceperu.pe/proyecto/catalina-park,CATALINA PARK – Performance Perú,,Atria,44.46,unmatched_web,true,false,true,false,false,false,Sin score suficiente contra mejor candidato Nexo: Atria; score=44.46 | agency=1 | project=0.12 | district=1 | address=0.25 | coords=0 | slug=0.28,true,,,
webs_propias_phase6_2026-06-14T20-43-40-390Z,Grupo Santa Maria,gruposantamaria.com,https://gruposantamaria.com/plantas-decorar-departamento-playa,Plantas ideales para decorar tu departamento en la playa,,Miramar Etapa III,34.37,unmatched_web,true,false,false,false,false,false,Sin score suficiente contra mejor candidato Nexo: Miramar Etapa III; score=34.37 | agency=1 | project=0.18 | district=0.25 | address=0.2 | coords=0 | slug=0.22,true,,,
webs_propias_phase6_2026-06-14T20-43-40-390Z,Grupo Santa Maria,gruposantamaria.com,https://gruposantamaria.com/caracteristicas-departamento-ideal-playa,Características del departamento de playa ideal,,Miramar Etapa III,38.76,unmatched_web,true,false,false,false,false,false,Sin score suficiente contra mejor candidato Nexo: Miramar Etapa III; score=38.76 | agency=1 | project=0.31 | district=0.25 | address=0.2 | coords=0 | slug=0.24,true,,,
webs_propias_phase6_2026-06-14T20-43-40-390Z,PUERTA DE TIERRA,puertadetierra.pe,https://puertadetierra.pe/proyecto-realizado/teatro-la-plaza,Teatro La Plaza – puertadetierra.pe,,PARQUE CORREA ELIAS,46.78,unmatched_web,true,false,true,false,false,false,Sin score suficiente contra mejor candidato Nexo: PARQUE CORREA ELIAS; score=46.78 | agency=1 | project=0.25 | district=1 | address=0.14 | coords=0 | slug=0.21,true,,,
webs_propias_phase6_2026-06-14T20-43-40-390Z,PUERTA DE TIERRA,puertadetierra.pe,https://puertadetierra.pe/proyecto-realizado/colegio-inmaculada,Colegio Inmaculada – puertadetierra.pe,,PARQUE CORREA ELIAS,44.41,unmatched_web,true,false,true,false,false,false,Sin score suficiente contra mejor candidato Nexo: PARQUE CORREA ELIAS; score=44.41 | agency=1 | project=0.18 | district=1 | address=0.14 | coords=0 | slug=0.2,true,,,
webs_propias_phase6_2026-06-14T20-43-40-390Z,REDBAY INMOBILIARIA,redbayperu.pe,https://redbayperu.pe/departamentos/alameda-las-gaviotas-iii,ALAMEDA LAS GAVIOTAS III – Redbay Grupo,,HANAN,41.53,unmatched_web,true,false,true,false,false,false,Sin score suficiente contra mejor candidato Nexo: HANAN; score=41.53 | agency=1 | project=0.07 | district=1 | address=0.23 | coords=0 | slug=0.14,true,,,
webs_propias_phase6_2026-06-14T20-43-40-390Z,REDBAY INMOBILIARIA,redbayperu.pe,https://redbayperu.pe/departamentos/alameda-las-gaviotas-ii,ALAMEDA LAS GAVIOTAS II – Redbay Grupo,,HANAN,41.44,unmatched_web,true,false,true,false,false,false,Sin score suficiente contra mejor candidato Nexo: HANAN; score=41.44 | agency=1 | project=0.07 | district=1 | address=0.22 | coords=0 | slug=0.15,true,,,
webs_propias_phase6_2026-06-14T20-43-40-390Z,BALANCE GRUPO INMOBILIARIO,balance.pe,https://balance.pe/proyecto/vive-en-chacarilla,Monte Carmelo 551,3722,Monte Carmelo 551,60,match_low,true,true,false,false,false,true,score=60 | agency=1 | project=1 | district=0 | address=0 | coords=0 | slug=1,true,,,
webs_propias_phase6_2026-06-14T20-43-40-390Z,BALANCE GRUPO INMOBILIARIO,balance.pe,https://balance.pe/proyecto/vive-en-santa-catalina,Hercelles,3119,HERCELLES,60,match_low,true,true,false,false,false,true,score=60 | agency=1 | project=1 | district=0 | address=0 | coords=0 | slug=1,true,,,
webs_propias_phase6_2026-06-14T20-43-40-390Z,ANDEN,anden.com.pe,https://anden.com.pe/anden-inmobiliaria-alcanza-con-exito-la-preventa-de-luzzo-su-proyecto-en-cerro-colorado,"alcanza con éxito la preventa de Luzzo, su proyecto en Cerro Colorado",3197,LUZZO Cerro Colorado,60,match_low,true,true,false,false,false,true,score=60 | agency=1 | project=1 | district=0 | address=0 | coords=0 | slug=1,true,,,
webs_propias_phase6_2026-06-14T20-43-40-390Z,ANDEN,anden.com.pe,https://anden.com.pe/vende-tu-propiedad,Vende tu propiedad,,RESIDENCIAL PROGRESO 36,35.25,unmatched_web,true,false,false,false,false,false,Sin score suficiente contra mejor candidato Nexo: RESIDENCIAL PROGRESO 36; score=35.25 | agency=1 | project=0.32 | district=0 | address=0.16 | coords=0 | slug=0.32,true,,,
webs_propias_phase6_2026-06-14T20-43-40-390Z,RB GRUPO INMOBILIARIO,rbgrupoinmobiliario.pe,https://rbgrupoinmobiliario.pe/proyecto-toscanini-129-san-borja,Proyecto Toscanini 129 – San Borja,,San Fernando 455,45.99,unmatched_web,false,false,true,false,false,false,Sin score suficiente contra mejor candidato Nexo: San Fernando 455; score=45.99 | agency=0.68 | project=0.33 | district=1 | address=0.27 | coords=0 | slug=0.33,true,,,
webs_propias_phase6_2026-06-14T20-43-40-390Z,RB GRUPO INMOBILIARIO,rbgrupoinmobiliario.pe,https://rbgrupoinmobiliario.pe/proyecto-lumina-magdalena,Proyecto Lumina – Magdalena,3544,Lumina,77.12,match_medium,true,true,false,true,false,true,score=77.12 | agency=1 | project=1 | district=0.14 | address=1 | coords=0 | slug=1,true,,,
webs_propias_phase6_2026-06-14T20-43-40-390Z,BARQUEROS INMOBILIARIA,barqueros.com,https://barqueros.com/proyectos/impettu,Barqueros Inmobiliaria,,Ímpettu,45.73,unmatched_web,true,false,true,false,false,true,Sin score suficiente contra mejor candidato Nexo: Ímpettu; score=45.73 | agency=1 | project=0.1 | district=1 | address=0.14 | coords=0 | slug=1,true,,,
webs_propias_phase6_2026-06-14T20-43-40-390Z,BARQUEROS INMOBILIARIA,barqueros.com,https://barqueros.com/proyectos/allegra-living,Barqueros Inmobiliaria,,Allegra Living,45.45,unmatched_web,true,false,true,false,false,true,Sin score suficiente contra mejor candidato Nexo: Allegra Living; score=45.45 | agency=1 | project=0.07 | district=1 | address=0.21 | coords=0 | slug=1,true,,,
webs_propias_phase6_2026-06-14T20-43-40-390Z,Grupo Magbis,magbisconstrucciones.com,https://magbisconstrucciones.com/departamentos/duplex-801-parque-nu,Duplex 801 – Parque NU,4157,PARQUE NU,90,match_high,true,true,true,true,false,true,score=90 | agency=1 | project=1 | district=1 | address=1 | coords=0 | slug=1,false,,,
webs_propias_phase6_2026-06-14T20-43-40-390Z,Grupo Magbis,magbisconstrucciones.com,https://magbisconstrucciones.com/departamentos/tipico-2-502-parque-nu,Típico 2 502 – Parque NU,4157,PARQUE NU,90,match_high,true,true,true,true,false,true,score=90 | agency=1 | project=1 | district=1 | address=1 | coords=0 | slug=1,false,,,
webs_propias_phase6_2026-06-14T20-43-40-390Z,NEXO INGENIERÍA,nexoingenieria.com,https://nexoingenieria.com/proyecto/edificio-vive-20-2,Edificio VIVE 20 II – Nexo Ingenier&iacute;a,3837,Vive 20 II,88.75,match_high,true,true,true,true,false,true,score=88.75 | agency=1 | project=1 | district=1 | address=1 | coords=0 | slug=0.75,false,,,
webs_propias_phase6_2026-06-14T20-43-40-390Z,NEXO INGENIERÍA,nexoingenieria.com,https://nexoingenieria.com/proyecto/edificio-avila-park,Edificio Ávila Park – Nexo Ingenier&iacute;a,3842,Ávila Park,82.5,match_medium,true,true,true,false,false,true,score=82.5 | agency=1 | project=1 | district=1 | address=0.5 | coords=0 | slug=1,true,,,
webs_propias_phase6_2026-06-14T20-43-40-390Z,FAI INMOBILIARIA,flesan.com.pe,https://flesan.com.pe/cero-accidentes-y-alta-productividad-dvc-lanza-su-campana-de-sst-2026-para-la-continuidad-operativa-en-proyectos-de-infraestructura,Cero accidentes y alta productividad: DVC lanza su campaña de SST 2026 para la continuidad operativa en proyectos de infraestructura,,Vanguardia,45.5,unmatched_web,true,false,true,false,false,false,Sin score suficiente contra mejor candidato Nexo: Vanguardia; score=45.5 | agency=1 | project=0.07 | district=1 | address=0.5 | coords=0 | slug=0.08,true,,,
webs_propias_phase6_2026-06-14T20-43-40-390Z,FAI INMOBILIARIA,flesan.com.pe,https://flesan.com.pe/flesan-energia-afianza-proyectos-y-un-crecimiento-positivo-durante-este-2022,Flesan Energía afianza proyectos y un crecimiento positivo durante este 2022,,Vanguardia,46.4,unmatched_web,true,false,true,false,false,false,Sin score suficiente contra mejor candidato Nexo: Vanguardia; score=46.4 | agency=1 | project=0.1 | district=1 | address=0.5 | coords=0 | slug=0.1,true,,,
webs_propias_phase6_2026-06-14T20-43-40-390Z,Gratto Inmobiliaria,grattoinmobiliaria.com,https://grattoinmobiliaria.com/proyectos/lord-nelson-124,Lord Nelson 124 –,,Benavides 1361,47.76,unmatched_web,true,false,true,false,false,false,Sin score suficiente contra mejor candidato Nexo: Benavides 1361; score=47.76 | agency=1 | project=0.12 | district=1 | address=0.5 | coords=0 | slug=0.19,true,,,
webs_propias_phase6_2026-06-14T20-43-40-390Z,Gratto Inmobiliaria,grattoinmobiliaria.com,https://grattoinmobiliaria.com/proyectos/benavides-1361,Benavides 1361 –,4146,Benavides 1361,90,match_high,true,true,true,true,false,true,score=90 | agency=1 | project=1 | district=1 | address=1 | coords=0 | slug=1,false,,,
webs_propias_phase6_2026-06-14T20-43-40-390Z,GRUPO BROCKSA,grupobrocksa.com,https://www.grupobrocksa.com/proyectos/en-venta/centrica,Departamentos en venta,,Entrenos,42.2,unmatched_web,false,false,true,false,false,false,Sin score suficiente contra mejor candidato Nexo: Entrenos; score=42.2 | agency=0.39 | project=0.46 | district=1 | address=0.1 | coords=0 | slug=0.35,true,,,
webs_propias_phase6_2026-06-14T20-43-40-390Z,GRUPO BROCKSA,grupobrocksa.com,https://www.grupobrocksa.com/proyectos/en-venta/patriotas-624,patriotas,,SERIE 20,28.57,unmatched_web,true,false,false,false,false,false,Sin score suficiente contra mejor candidato Nexo: SERIE 20; score=28.57 | agency=1 | project=0.2 | district=0 | address=0 | coords=0 | slug=0.28,true,,,
webs_propias_phase6_2026-06-14T20-43-40-390Z,BAUMHAUS,optimainmobiliaria.com,https://optimainmobiliaria.com/para-agentes-y-proyectos,Marketing Inmobiliario,,BOULEVARD,37.66,unmatched_web,true,false,false,false,false,false,Sin score suficiente contra mejor candidato Nexo: BOULEVARD; score=37.66 | agency=1 | project=0.13 | district=0.33 | address=0.5 | coords=0 | slug=0.17,true,,,
webs_propias_phase6_2026-06-14T20-43-40-390Z,BAUMHAUS,optimainmobiliaria.com,https://optimainmobiliaria.com/mundial-futbol-2026-estrategia-comercial-proyectos-inmobiliarios,Mundial de Fútbol 2026: cómo adaptar la estrategia comercial de proyectos inmobiliarios,,BOULEVARD,35.43,unmatched_web,true,false,false,false,false,false,Sin score suficiente contra mejor candidato Nexo: BOULEVARD; score=35.43 | agency=1 | project=0.07 | district=0.33 | address=0.5 | coords=0 | slug=0.12,true,,,
webs_propias_phase6_2026-06-14T20-43-40-390Z,BRAZIL GRUPO INMOBILIARIO,brazilgrupoinmobiliario.com,https://brazil.pe/proyecto/santorini,Santorini,2965,Santorini,90,match_high,true,true,true,true,false,true,score=90 | agency=1 | project=1 | district=1 | address=1 | coords=0 | slug=1,false,,,
webs_propias_phase6_2026-06-14T20-43-40-390Z,BRAZIL GRUPO INMOBILIARIO,brazilgrupoinmobiliario.com,https://brazil.pe/proyecto/alejandria,Alejandría,3485,Alejandria,85,match_high,true,true,true,false,false,true,score=85 | agency=1 | project=1 | district=1 | address=0.67 | coords=0 | slug=1,false,,,
webs_propias_phase6_2026-06-14T20-43-40-390Z,MAAS INMOBILIARIA,maas.com.pe,https://maas.com.pe/cosas-fundamentales-para-vivir-solo-en-tu-nuevo-departamento-preparate-para-la-independencia,Cosas fundamentales para vivir solo en tu nuevo departamento: ¡Prepárate para la independencia! –,,INDIGO,24.12,unmatched_web,true,false,false,false,false,false,Sin score suficiente contra mejor candidato Nexo: INDIGO; score=24.12 | agency=1 | project=0.05 | district=0.14 | address=0 | coords=0 | slug=0.06,true,,,
webs_propias_phase6_2026-06-14T20-43-40-390Z,MAAS INMOBILIARIA,maas.com.pe,https://maas.com.pe/crea-tu-lugar-perfecto-evitando-estos-errores-comunes-al-decorar-tu-nuevo-departamento,Crea tu lugar perfecto evitando estos errores comunes al decorar tu nuevo departamento –,,OLIVA,36.58,unmatched_web,true,false,true,false,false,false,Sin score suficiente contra mejor candidato Nexo: OLIVA; score=36.58 | agency=1 | project=0.04 | district=1 | address=0 | coords=0 | slug=0.05,true,,,
webs_propias_phase6_2026-06-14T20-43-40-390Z,MY HOME,myhomeoi.com,https://myhomeoi.com/proyecto/aura,Aura –,,AZARA,35.14,unmatched_web,false,false,false,false,false,false,Sin score suficiente contra mejor candidato Nexo: AZARA; score=35.14 | agency=0.39 | project=0.55 | district=0.2 | address=0.15 | coords=0 | slug=0.55,true,,,
webs_propias_phase6_2026-06-14T20-43-40-390Z,MY HOME,myhomeoi.com,https://myhomeoi.com/proyecto/novo-4,Novo 4 –,3685,Novo 4 - Surquillo,75,match_medium,true,true,false,true,false,true,score=75 | agency=1 | project=1 | district=0 | address=1 | coords=0 | slug=1,true,,,
webs_propias_phase6_2026-06-14T20-43-40-390Z,NOI INMOBILIARIA,noi.pe,https://noi.pe/proyectos-entregados,NOI Inmobiliaria,,560 Place,26.57,unmatched_web,true,false,false,false,false,false,Sin score suficiente contra mejor candidato Nexo: 560 Place; score=26.57 | agency=1 | project=0 | district=0.28 | address=0.13 | coords=0 | slug=0.09,true,,,
webs_propias_phase6_2026-06-14T20-43-40-390Z,VIBRANT,albamar.com.pe,https://albamar.com.pe/departamentos/distrito/barranco,Venta de departamentos en Barranco I Albamar,,VIBRANT,42.69,unmatched_web,true,false,true,false,false,false,Sin score suficiente contra mejor candidato Nexo: VIBRANT; score=42.69 | agency=1 | project=0.17 | district=1 | address=0 | coords=0 | slug=0.35,true,,,
webs_propias_phase6_2026-06-14T20-43-40-390Z,VIBRANT,albamar.com.pe,https://albamar.com.pe/departamentos/distrito/brena,Breña,3623,VIBRANT,50.77,match_low,true,false,true,false,false,false,score=50.77 | agency=1 | project=0.39 | district=1 | address=0 | coords=0 | slug=0.39,true,,,
webs_propias_phase6_2026-06-14T20-43-40-390Z,GHS CONSTRUCTORA,ghsconstructora.com,https://ghsconstructora.com/proyectos/catalina-view,Edificio Catalina View – GHS Grupo Inmobiliario,3864,Catalina View,87,match_high,true,true,true,true,false,true,score=87 | agency=1 | project=1 | district=1 | address=0.8 | coords=0 | slug=1,false,,,
webs_propias_phase6_2026-06-14T20-43-40-390Z,GHS CONSTRUCTORA,ghsconstructora.com,https://ghsconstructora.com/proyectos/centric-ii,Edificio Centric II – GHS Grupo Inmobiliario,,Catalina View,43.93,unmatched_web,true,false,true,false,false,false,Sin score suficiente contra mejor candidato Nexo: Catalina View; score=43.93 | agency=1 | project=0.13 | district=1 | address=0.2 | coords=0 | slug=0.28,true,,,
webs_propias_phase6_2026-06-14T20-43-40-390Z,Galeon Inmobiliaria,galeon.com.pe,https://www.galeon.com.pe/proyectos/velasco-astete-1080-chacarilla,Velasco Astete 1080,,MARISCAL CASTILLA,35.03,unmatched_web,false,false,true,false,false,false,Sin score suficiente contra mejor candidato Nexo: MARISCAL CASTILLA; score=35.03 | agency=0.46 | project=0.19 | district=1 | address=0.17 | coords=0 | slug=0.31,true,,,
webs_propias_phase6_2026-06-14T20-43-40-390Z,Galeon Inmobiliaria,galeon.com.pe,https://www.galeon.com.pe/proyectos/lamar1250-miraflores,LA MAR 1250,,Menta,48.72,unmatched_web,true,false,true,false,false,false,Sin score suficiente contra mejor candidato Nexo: Menta; score=48.72 | agency=1 | project=0.12 | district=1 | address=0.6 | coords=0 | slug=0.14,true,,,
webs_propias_phase6_2026-06-14T20-43-40-390Z,OLED INMOBILIARIA,oledinmobiliaria.com,https://oledinmobiliaria.com/proyecto/natural-urban,Natural Urban,3936,Natural Urban,85,match_high,true,true,true,false,false,true,score=85 | agency=1 | project=1 | district=1 | address=0.67 | coords=0 | slug=1,false,,,
webs_propias_phase6_2026-06-14T20-43-40-390Z,OLED INMOBILIARIA,oledinmobiliaria.com,https://oledinmobiliaria.com/proyectos-inmobiliarios-modernos,Proyectos inmobiliarios modernos: espacios diseñados para vivir mejor,,Natural Urban,39.17,unmatched_web,true,false,true,false,false,false,Sin score suficiente contra mejor candidato Nexo: Natural Urban; score=39.17 | agency=1 | project=0.1 | district=1 | address=0 | coords=0 | slug=0.17,true,,,
webs_propias_phase6_2026-06-14T20-43-40-390Z,TECTONICA GRUPO INMOBILIARIO,tectonica.com.pe,https://tectonica.com.pe/proyectos/pelletier,Pelletier,,Parque Gladiolos,42.81,unmatched_web,false,false,true,false,false,false,Sin score suficiente contra mejor candidato Nexo: Parque Gladiolos; score=42.81 | agency=0.59 | project=0.23 | district=1 | address=0.46 | coords=0 | slug=0.23,true,,,
webs_propias_phase6_2026-06-14T20-43-40-390Z,TECTONICA GRUPO INMOBILIARIO,tectonica.com.pe,https://tectonica.com.pe/proyectos/florencia,Florencia,,OPHERA,40.72,unmatched_web,false,false,true,false,false,false,Sin score suficiente contra mejor candidato Nexo: OPHERA; score=40.72 | agency=0.63 | project=0.2 | district=1 | address=0.33 | coords=0 | slug=0.2,true,,,
webs_propias_phase6_2026-06-14T20-43-40-390Z,ARQUIMIA,arquimia.pe,https://arquimia.pe/proyecto/muv,MUV,1689,MUV,74.91,match_medium,true,true,false,false,false,true,score=74.91 | agency=1 | project=1 | district=0.39 | address=0.6 | coords=0 | slug=1,true,,,
webs_propias_phase6_2026-06-14T20-43-40-390Z,ARQUIMIA,arquimia.pe,https://arquimia.pe/proyecto/wow,WOW,,MUV,34.91,unmatched_web,true,false,false,false,false,false,Sin score suficiente contra mejor candidato Nexo: MUV; score=34.91 | agency=1 | project=0 | district=0.39 | address=0.6 | coords=0 | slug=0,true,,,
webs_propias_phase6_2026-06-14T20-43-40-390Z,INMOVISION,inmovision.pe,https://inmovision.pe/proyecto-entregado/vert-1,VERT 1 – .pe,3394,VISIÓN PRADO,58.86,match_low,true,false,true,true,false,false,score=58.86 | agency=1 | project=0.23 | district=1 | address=1 | coords=0 | slug=0.16,true,,,
webs_propias_phase6_2026-06-14T20-43-40-390Z,INMOVISION,inmovision.pe,https://inmovision.pe/proyecto-entregado/eco-alcala,ECO – ALCALA – .pe,3394,VISIÓN PRADO,53.29,match_low,true,false,true,true,false,false,score=53.29 | agency=1 | project=0.07 | district=1 | address=1 | coords=0 | slug=0.16,true,,,
webs_propias_phase6_2026-06-14T20-43-40-390Z,MC INVERSIONES INMOBILIARIAS,mcinversionesinmobiliarias.pe,https://mcinversionesinmobiliarias.pe/proyectos-en-venta/edificio-aguirre,Edificio Aguirre,,ESCUDERO,38.42,unmatched_web,false,false,true,false,false,false,Sin score suficiente contra mejor candidato Nexo: ESCUDERO; score=38.42 | agency=0.58 | project=0.23 | district=1 | address=0.18 | coords=0 | slug=0.23,true,,,
webs_propias_phase6_2026-06-14T20-43-40-390Z,MC INVERSIONES INMOBILIARIAS,mcinversionesinmobiliarias.pe,https://mcinversionesinmobiliarias.pe/proyectos-en-venta/edificio-nicolas-de-ribera-460,Edificio Nicolás de Ribera 460,,Vasco Núñez 141,35.62,unmatched_web,false,false,true,false,false,false,Sin score suficiente contra mejor candidato Nexo: Vasco Núñez 141; score=35.62 | agency=0.46 | project=0.2 | district=1 | address=0.22 | coords=0 | slug=0.2,true,,,
webs_propias_phase6_2026-06-14T20-43-40-390Z,MUNDO VERDE,inmobiliariamundoverde.com,https://inmobiliariamundoverde.com/proyecto/barcelona-pueblo-libre,Barcelona,,EDIFICIO MATISSE,39.68,unmatched_web,true,false,true,false,false,false,Sin score suficiente contra mejor candidato Nexo: EDIFICIO MATISSE; score=39.68 | agency=1 | project=0.12 | district=1 | address=0 | coords=0 | slug=0.13,true,,,
webs_propias_phase6_2026-06-14T20-43-40-390Z,MUNDO VERDE,inmobiliariamundoverde.com,https://inmobiliariamundoverde.com/proyecto/caballeros-punta-hermosa,Caballeros – Punta Hermosa,,EDIFICIO MATISSE,26.13,unmatched_web,true,false,false,false,false,false,Sin score suficiente contra mejor candidato Nexo: EDIFICIO MATISSE; score=26.13 | agency=1 | project=0.15 | district=0 | address=0 | coords=0 | slug=0.15,true,,,
webs_propias_phase6_2026-06-14T20-43-40-390Z,QUARK GRUPO INMOBILIARIO,quarkgrupoinmobiliario.com,https://quarkgrupoinmobiliario.com/proyectos-realizados,Proyectos realizados,,Alicanto,45.76,unmatched_web,false,false,true,false,false,false,Sin score suficiente contra mejor candidato Nexo: Alicanto; score=45.76 | agency=0.63 | project=0.37 | district=1 | address=0.23 | coords=0 | slug=0.37,true,,,
webs_propias_phase6_2026-06-14T20-43-40-390Z,QUARK GRUPO INMOBILIARIO,quarkgrupoinmobiliario.com,https://quarkgrupoinmobiliario.com/inmueble/dali,Dalí,,Eucalipto,44.01,unmatched_web,false,false,true,false,false,false,Sin score suficiente contra mejor candidato Nexo: Eucalipto; score=44.01 | agency=0.66 | project=0.31 | district=1 | address=0.23 | coords=0 | slug=0.31,true,,,
webs_propias_phase6_2026-06-14T20-43-40-390Z,ENACORP,enacorp.pe,https://enacorp.pe/proyecto/olive-miraflores,Olive Miraflores,2886,OLIVE,70.65,match_medium,true,true,false,false,false,true,score=70.65 | agency=1 | project=1 | district=0.18 | address=0.53 | coords=0 | slug=1,true,,,
webs_propias_phase6_2026-06-14T20-43-40-390Z,ENACORP,enacorp.pe,https://enacorp.pe/proyecto/valles-de-lurin,Proyecto Valles de Lurín,4022,VALLES DE LURÍN 2,90,match_high,true,true,true,true,false,true,score=90 | agency=1 | project=1 | district=1 | address=1 | coords=0 | slug=1,false,,,
webs_propias_phase6_2026-06-14T20-43-40-390Z,PROYEC INMOBILIARIA,proyec.com.pe,https://www.proyec.com.pe/proyecto/patriotas,Departamentos en San Miguel,2894,PATRIOTAS SAN MIGUEL,63.33,match_low,true,false,false,true,false,true,score=63.33 | agency=1 | project=0.67 | district=0 | address=1 | coords=0 | slug=1,true,,,
webs_propias_phase6_2026-06-14T20-43-40-390Z,PROYEC INMOBILIARIA,proyec.com.pe,https://www.proyec.com.pe/proyecto/capri,Capri,3746,CAPRI Santa Catalina,77.07,match_medium,true,true,true,false,false,true,score=77.07 | agency=1 | project=1 | district=1 | address=0.14 | coords=0 | slug=1,true,,,
webs_propias_phase6_2026-06-14T20-43-40-390Z,FRANCA INMOBILIARIA,francainmobiliaria.pe,https://francainmobiliaria.pe/proyectos/preston,Preston – Franca,3530,Preston,65.18,match_low,true,true,false,false,false,true,score=65.18 | agency=1 | project=1 | district=0.35 | address=0 | coords=0 | slug=1,true,,,
webs_propias_phase6_2026-06-14T20-43-40-390Z,FRANCA INMOBILIARIA,francainmobiliaria.pe,https://francainmobiliaria.pe/proyectos/atahualpa,Atahualpa 448 – Franca,3528,Atahualpa 448,67.76,match_low,true,true,false,false,false,true,score=67.76 | agency=1 | project=1 | district=0.18 | address=0.33 | coords=0 | slug=1,true,,,
webs_propias_phase6_2026-06-14T20-43-40-390Z,MAXX GRUPO INMOBILIARIO,grupomaxx.pe,https://grupomaxx.pe/proyectos/palace-700-residencial,Palace 700 Residencial,,PRADA,47.69,unmatched_web,true,false,true,false,false,false,Sin score suficiente contra mejor candidato Nexo: PRADA; score=47.69 | agency=1 | project=0.17 | district=1 | address=0.4 | coords=0 | slug=0.17,true,,,
webs_propias_phase6_2026-06-14T20-43-40-390Z,MAXX GRUPO INMOBILIARIO,grupomaxx.pe,https://grupomaxx.pe/proyectos/beyond-residencial,Beyond Residencial,3589,BEYOND,90,match_high,true,true,true,true,false,true,score=90 | agency=1 | project=1 | district=1 | address=1 | coords=0 | slug=1,false,,,
webs_propias_phase6_2026-06-14T20-43-40-390Z,ESPARQ EOM,esparq.com,https://eomgrupo.com/proyectos-filtro.php?codigod=001,EOM GRUPO,,Hometown Condominio,32.29,unmatched_web,true,false,false,false,false,false,Sin score suficiente contra mejor candidato Nexo: Hometown Condominio; score=32.29 | agency=1 | project=0.15 | district=0.31 | address=0.14 | coords=0 | slug=0.12,true,,,
webs_propias_phase6_2026-06-14T20-43-40-390Z,ESPARQ EOM,esparq.com,https://eomgrupo.com/proyectos-filtro.php?codigod=002,EOM GRUPO,,ESPARQ 170,31.11,unmatched_web,true,false,false,false,false,false,Sin score suficiente contra mejor candidato Nexo: ESPARQ 170; score=31.11 | agency=1 | project=0.09 | district=0.13 | address=0.33 | coords=0 | slug=0.18,true,,,
webs_propias_phase6_2026-06-14T20-43-40-390Z,CHECOR INMOBILIARIA,checor.com,https://checor.com/proyecto/los-cerezos,Los cerezos,3849,Los Cerezos,82.5,match_medium,true,true,true,false,false,true,score=82.5 | agency=1 | project=1 | district=1 | address=0.5 | coords=0 | slug=1,true,,,
webs_propias_phase6_2026-06-14T20-43-40-390Z,CHECOR INMOBILIARIA,checor.com,https://checor.com/proyecto/porta-360,Porta 360,,Checor,42.76,unmatched_web,true,false,false,true,false,true,Sin score suficiente contra mejor candidato Nexo: Checor; score=42.76 | agency=1 | project=0 | district=0.18 | address=1 | coords=0 | slug=1,true,,,
webs_propias_phase6_2026-06-14T20-43-40-390Z,ANDIAMO,andiamo.com.pe,https://www.andiamo.com.pe/proyectos-en-venta/vertice-chorrillos,Vértice – Chorrillos,3965,Vértice,82.39,match_medium,true,true,false,true,true,true,score=82.39 | agency=1 | project=1 | district=0.28 | address=0.75 | coords=0.7 | slug=1,true,,,
webs_propias_phase6_2026-06-14T20-43-40-390Z,ANDIAMO,andiamo.com.pe,https://www.andiamo.com.pe/proyectos-en-venta/proyecto-oficinas,Andiamo Inmobiliaria,,Condominio La Riaza,34.72,unmatched_web,true,false,false,false,false,false,Sin score suficiente contra mejor candidato Nexo: Condominio La Riaza; score=34.72 | agency=1 | project=0.23 | district=0.23 | address=0.14 | coords=0 | slug=0.23,true,,,
webs_propias_phase6_2026-06-14T20-43-40-390Z,Mohëm Inmobiliaria,fcmconstrucciones.pe,https://mohem.pe/vende-tu-propiedad,Mohëm,,ALMENDRA,39.79,unmatched_web,true,false,true,false,false,false,Sin score suficiente contra mejor candidato Nexo: ALMENDRA; score=39.79 | agency=1 | project=0.12 | district=1 | address=0 | coords=0 | slug=0.15,true,,,
webs_propias_phase6_2026-06-14T20-43-40-390Z,DITRENZZO,ditrenzzo.com,https://www.ditrenzzo.com/proyecto/inca-ripac,"Proyecto Inca Rípac: Jesús María Depas de 1, 2 y 3 ambientes",3902,INCA RÍPAC,76.16,match_medium,true,true,true,false,false,true,score=76.16 | agency=1 | project=1 | district=1 | address=0.08 | coords=0 | slug=1,true,,,
webs_propias_phase6_2026-06-14T20-43-40-390Z,DITRENZZO,ditrenzzo.com,https://www.ditrenzzo.com/proyecto/sanchez-cerro-1915,"Depas de 1, 2 y 3 dorms",,Huáscar 21,43.42,unmatched_web,true,false,true,false,false,false,Sin score suficiente contra mejor candidato Nexo: Huáscar 21; score=43.42 | agency=1 | project=0.15 | district=1 | address=0.14 | coords=0 | slug=0.26,true,,,
webs_propias_phase6_2026-06-14T20-43-40-390Z,ASTER HOMES,aster-homes.com,https://www.asterhomes.com.pe/proyectos/lanzamiento,Proyectos,,ASTER REDUCTO,36.06,unmatched_web,true,false,true,false,false,false,Sin score suficiente contra mejor candidato Nexo: ASTER REDUCTO; score=36.06 | agency=1 | project=0 | district=1 | address=0 | coords=0 | slug=0.21,true,,,
webs_propias_phase6_2026-06-14T20-43-40-390Z,ASTER HOMES,aster-homes.com,https://www.asterhomes.com.pe/proyecto-reducto,Proyecto Reducto,3391,ASTER REDUCTO,90,match_high,true,true,true,true,false,true,score=90 | agency=1 | project=1 | district=1 | address=1 | coords=0 | slug=1,false,,,
webs_propias_phase6_2026-06-14T20-43-40-390Z,IN URBAN,inurban.pe,https://inurban.pe/adquiere-un-departamento-seguro,InUrban Norte,,RESIDENCIAL VILLA FATIMA,41,unmatched_web,true,false,true,false,false,false,Sin score suficiente contra mejor candidato Nexo: RESIDENCIAL VILLA FATIMA; score=41 | agency=1 | project=0.15 | district=1 | address=0 | coords=0 | slug=0.13,true,,,
webs_propias_phase6_2026-06-14T20-43-40-390Z,IN URBAN,inurban.pe,https://inurban.pe/https-inurban-pe-multifamiliares-departamentos-residencial-los-saucos-recaudadores-32,InUrban Norte,,RESIDENCIAL VILLA FATIMA,42.03,unmatched_web,true,false,true,false,false,false,Sin score suficiente contra mejor candidato Nexo: RESIDENCIAL VILLA FATIMA; score=42.03 | agency=1 | project=0.15 | district=1 | address=0 | coords=0 | slug=0.33,true,,,
webs_propias_phase6_2026-06-14T20-43-40-390Z,INFINITY GROUP,infinitygroup.pe,https://infinitygroup.pe/proyectos-entregados,Proyectos entregados,,La Rosa Park,40,unmatched_web,true,false,true,false,false,false,Sin score suficiente contra mejor candidato Nexo: La Rosa Park; score=40 | agency=1 | project=0.09 | district=1 | address=0.07 | coords=0 | slug=0.13,true,,,
webs_propias_phase6_2026-06-14T20-43-40-390Z,INFINITY GROUP,infinitygroup.pe,https://infinitygroup.pe/proyecto?url=centriko,Centriko,,PARK LIVING,26.72,unmatched_web,true,false,false,false,false,false,Sin score suficiente contra mejor candidato Nexo: PARK LIVING; score=26.72 | agency=1 | project=0.08 | district=0.13 | address=0.08 | coords=0 | slug=0.12,true,,,
webs_propias_phase6_2026-06-14T20-43-40-390Z,Val Grupo Inmobiliario,val.com.pe,https://val.com.pe/en-venta/proyecto/bonavista,VAL Grupo Inmobiliario,,Bonavista Condominio,48.65,unmatched_web,true,false,true,false,false,true,Sin score suficiente contra mejor candidato Nexo: Bonavista Condominio; score=48.65 | agency=1 | project=0.18 | district=1 | address=0.15 | coords=0 | slug=1,true,,,
webs_propias_phase6_2026-06-14T20-43-40-390Z,Val Grupo Inmobiliario,val.com.pe,https://val.com.pe/en-venta/proyecto/top-life,VAL Grupo Inmobiliario,,Bonavista Condominio,44.57,unmatched_web,true,false,true,false,false,false,Sin score suficiente contra mejor candidato Nexo: Bonavista Condominio; score=44.57 | agency=1 | project=0.18 | district=1 | address=0.15 | coords=0 | slug=0.18,true,,,
webs_propias_phase6_2026-06-14T20-43-40-390Z,INMOBILIARIA CESIA,icesia.com,https://icesia.com/proyecto/proyecto-2,Proyecto #2 l,3925,RESIDENCIAL RECUAY,52.39,match_low,true,false,true,true,false,false,score=52.39 | agency=1 | project=0.05 | district=1 | address=1 | coords=0 | slug=0.12,true,,,
webs_propias_phase6_2026-06-14T20-43-40-390Z,INMOBILIARIA CESIA,icesia.com,https://icesia.com/proyecto/proyecto-1,Proyecto #1 l,3925,RESIDENCIAL RECUAY,52.19,match_low,true,false,true,true,false,false,score=52.19 | agency=1 | project=0.05 | district=1 | address=1 | coords=0 | slug=0.08,true,,,
webs_propias_phase6_2026-06-14T20-43-40-390Z,ODIMA INMOBILIARIA,odima.pe,https://odima.pe/proyecto/seika,Seika,3906,SEIKA,86.25,match_high,true,true,true,true,false,true,score=86.25 | agency=1 | project=1 | district=1 | address=0.75 | coords=0 | slug=1,false,,,
webs_propias_phase6_2026-06-14T20-43-40-390Z,ODIMA INMOBILIARIA,odima.pe,https://odima.pe/proyecto/eiko,Eiko,3948,EIKO,90,match_high,true,true,true,true,false,true,score=90 | agency=1 | project=1 | district=1 | address=1 | coords=0 | slug=1,false,,,
webs_propias_phase6_2026-06-14T20-43-40-390Z,DALIA INMOBILIARIA,daliainmobiliaria.com,https://daliainmobiliaria.com/proyectos-inmobiliarios-san-miguel,Proyectos Inmobiliario en las zonas mejor ubicadas de San Miguel,,Alameda San Miguel,35.09,unmatched_web,false,false,false,false,false,false,Sin score suficiente contra mejor candidato Nexo: Alameda San Miguel; score=35.09 | agency=0.37 | project=0.67 | district=0.07 | address=0 | coords=0 | slug=0.67,true,,,
webs_propias_phase6_2026-06-14T20-43-40-390Z,DALIA INMOBILIARIA,daliainmobiliaria.com,https://daliainmobiliaria.com/proyecto-inmobiliario/independencia-park,🏠️ Proyecto Inmobiliario Independencia Park,,PRIME,32.19,unmatched_web,true,false,false,false,false,false,Sin score suficiente contra mejor candidato Nexo: PRIME; score=32.19 | agency=1 | project=0.09 | district=0.07 | address=0.5 | coords=0 | slug=0.1,true,,,
webs_propias_phase6_2026-06-14T20-43-40-390Z,ROSIAM,rosiam.com,https://rosiam.com/proyectos-venta/los-tucanes,Los Tucanes,3863,Los Tucanes,90,match_high,true,true,true,true,false,true,score=90 | agency=1 | project=1 | district=1 | address=1 | coords=0 | slug=1,false,,,
webs_propias_phase6_2026-06-14T20-43-40-390Z,ROSIAM,rosiam.com,https://rosiam.com/proyectos-venta/san-isidro,San Isidro,3063,PARQUE NORTE,51.13,match_low,true,false,true,false,false,false,score=51.13 | agency=1 | project=0.15 | district=1 | address=0.67 | coords=0 | slug=0.15,true,,,
webs_propias_phase6_2026-06-14T20-43-40-390Z,EFRON ARQUITECTOS,efronarq.com,https://efronarq.com/proyectos.html,EFRON ARQUITECTOS - Proyectos,,Parque Castilla,43.8,unmatched_web,true,false,true,false,false,false,Sin score suficiente contra mejor candidato Nexo: Parque Castilla; score=43.8 | agency=1 | project=0.11 | district=1 | address=0.26 | coords=0 | slug=0.23,true,,,
webs_propias_phase6_2026-06-14T20-43-40-390Z,EFRON ARQUITECTOS,efronarq.com,https://efronarq.com/proyecto-mendiburu-1290.html,EFRON ARQUITECTOS - Proyecto Mendiburu 1290,3212,Mendiburu 1290,77.76,match_medium,true,true,false,true,false,true,score=77.76 | agency=1 | project=1 | district=0.18 | address=1 | coords=0 | slug=1,true,,,
webs_propias_phase6_2026-06-14T20-43-40-390Z,VERDANT INMOBILIARIA,verdant.pe,https://verdant.pe/venta-departamentos,Proyectos Inmobiliarios en Lima,,ROOTS,42.74,unmatched_web,true,false,true,false,false,false,Sin score suficiente contra mejor candidato Nexo: ROOTS; score=42.74 | agency=1 | project=0.09 | district=1 | address=0.25 | coords=0 | slug=0.18,true,,,
webs_propias_phase6_2026-06-14T20-43-40-390Z,VERDANT INMOBILIARIA,verdant.pe,https://verdant.pe/venta-departamentos/pueblo-libre-soil,Proyecto Soil,,ROOTS,44.43,unmatched_web,true,false,true,false,false,false,Sin score suficiente contra mejor candidato Nexo: ROOTS; score=44.43 | agency=1 | project=0.18 | district=1 | address=0.15 | coords=0 | slug=0.16,true,,,
webs_propias_phase6_2026-06-14T20-43-40-390Z,CASAIDEAL INMOBILIARIA,casaideal.com.pe,https://casaideal.com.pe/departamentos-en-venta/link,Link,3543,LINK,79.14,match_medium,true,true,false,true,false,true,score=79.14 | agency=1 | project=1 | district=0.28 | address=1 | coords=0 | slug=1,true,,,
webs_propias_phase6_2026-06-14T20-43-40-390Z,ELSVAN CONSTRUCCIONES INMOBILIARIAS,elsvan.pe,https://elsvan.pe/proyectos/calera-ix,Elsvan,,KAVA,38.09,unmatched_web,false,false,true,false,false,false,Sin score suficiente contra mejor candidato Nexo: KAVA; score=38.09 | agency=0.39 | project=0.31 | district=1 | address=0.23 | coords=0 | slug=0.2,true,,,
webs_propias_phase6_2026-06-14T20-43-40-390Z,ELSVAN CONSTRUCCIONES INMOBILIARIAS,elsvan.pe,https://elsvan.pe/proyectos/calera-viii,Elsvan,,KAVA,37.3,unmatched_web,false,false,true,false,false,false,Sin score suficiente contra mejor candidato Nexo: KAVA; score=37.3 | agency=0.39 | project=0.31 | district=1 | address=0.19 | coords=0 | slug=0.17,true,,,
webs_propias_phase6_2026-06-14T20-43-40-390Z,Alegra Inmobiliaria,marverde.pe,https://marverde.pe/proyectos/lotes-terrenos-chiclayo,Nueva Balta,,Orquídeas,29.1,unmatched_web,true,false,false,false,false,false,Sin score suficiente contra mejor candidato Nexo: Orquídeas; score=29.1 | agency=1 | project=0.08 | district=0.18 | address=0.17 | coords=0 | slug=0.16,true,,,
webs_propias_phase6_2026-06-14T20-43-40-390Z,Alegra Inmobiliaria,marverde.pe,https://marverde.pe/proyectos/terrenos-piura,Los Ejidos,,Orquídeas,35.93,unmatched_web,true,false,false,false,false,false,Sin score suficiente contra mejor candidato Nexo: Orquídeas; score=35.93 | agency=1 | project=0.31 | district=0.18 | address=0.1 | coords=0 | slug=0.2,true,,,
webs_propias_phase6_2026-06-14T20-43-40-390Z,ILUMINA INMOBILIARIA,ilumina.com.pe,https://ilumina.com.pe/proyectos/en-venta/broadway,broadway,,Polo Springs,23.07,unmatched_web,true,false,false,false,false,false,Sin score suficiente contra mejor candidato Nexo: Polo Springs; score=23.07 | agency=1 | project=0.08 | district=0 | address=0 | coords=0 | slug=0.08,true,,,
webs_propias_phase6_2026-06-14T20-43-40-390Z,ILUMINA INMOBILIARIA,ilumina.com.pe,https://ilumina.com.pe/proyectos/lanzamiento/von-leonard,von leonard,,Polo Springs,26.18,unmatched_web,true,false,false,false,false,false,Sin score suficiente contra mejor candidato Nexo: Polo Springs; score=26.18 | agency=1 | project=0.15 | district=0 | address=0 | coords=0 | slug=0.16,true,,,
webs_propias_phase6_2026-06-14T20-43-40-390Z,VITTORIA INMOBILIARIA,vittoriainmobiliaria.com,https://www.vittoriainmobiliaria.com/proyectos/en-lanzamiento/talara-702,Talara 702,,MaytaCapac1248,47.09,unmatched_web,true,false,true,false,false,false,Sin score suficiente contra mejor candidato Nexo: MaytaCapac1248; score=47.09 | agency=1 | project=0.26 | district=1 | address=0.1 | coords=0 | slug=0.26,true,,,
webs_propias_phase6_2026-06-14T20-43-40-390Z,VITTORIA INMOBILIARIA,vittoriainmobiliaria.com,https://www.vittoriainmobiliaria.com/proyectos/en-venta/mayta-capac-1276,Mayta Capac 1276,3962,MaytaCapac1248,73.85,match_medium,true,false,true,true,false,false,score=73.85 | agency=1 | project=0.69 | district=1 | address=0.75 | coords=0 | slug=0.69,true,,,
webs_propias_phase6_2026-06-14T20-43-40-390Z,ORIZZONTE GRUPO INMOBILIARIO,orizzonte.pe,https://orizzonte.pe/proyecto/parque-ugarriza,Orizzonte,,Parque Gladiolos,46.53,unmatched_web,true,false,true,false,false,false,Sin score suficiente contra mejor candidato Nexo: Parque Gladiolos; score=46.53 | agency=1 | project=0.12 | district=1 | address=0.33 | coords=0 | slug=0.5,true,,,
webs_propias_phase6_2026-06-14T20-43-40-390Z,ORIZZONTE GRUPO INMOBILIARIO,orizzonte.pe,https://orizzonte.pe/proyecto/parque-aurora,Orizzonte,,Parque Gladiolos,46.61,unmatched_web,true,false,true,false,false,false,Sin score suficiente contra mejor candidato Nexo: Parque Gladiolos; score=46.61 | agency=1 | project=0.12 | district=1 | address=0.33 | coords=0 | slug=0.52,true,,,
webs_propias_phase6_2026-06-14T20-43-40-390Z,CC17,cc17.pe,https://www.cc17.pe/proyectos/independencia-teruel,CC17,,INDEPENDENCIA & TERUEL,31.96,unmatched_web,true,false,false,false,false,true,Sin score suficiente contra mejor candidato Nexo: INDEPENDENCIA & TERUEL; score=31.96 | agency=1 | project=0.05 | district=0.07 | address=0.29 | coords=0 | slug=1,true,,,
webs_propias_phase6_2026-06-14T20-43-40-390Z,CC17,cc17.pe,https://www.cc17.pe/proyectos/parque-paget,CC17,,INDEPENDENCIA & TERUEL,28.48,unmatched_web,true,false,false,false,false,false,Sin score suficiente contra mejor candidato Nexo: INDEPENDENCIA & TERUEL; score=28.48 | agency=1 | project=0.05 | district=0.18 | address=0.23 | coords=0 | slug=0.14,true,,,
webs_propias_phase6_2026-06-14T20-43-40-390Z,EUREKA,inmobiliariaeureka.com,https://inmobiliariaeureka.com/proyectos/viridian,Inmobiliraria,3429,VIRIDIAN,58.68,match_low,true,false,true,true,false,true,score=58.68 | agency=1 | project=0.21 | district=1 | address=0.75 | coords=0 | slug=1,true,,,
webs_propias_phase6_2026-06-14T20-43-40-390Z,EUREKA,inmobiliariaeureka.com,https://inmobiliariaeureka.com/proyectos/park-living,Inmobiliraria,,VIRIDIAN,32.14,unmatched_web,true,false,false,false,false,false,Sin score suficiente contra mejor candidato Nexo: VIRIDIAN; score=32.14 | agency=1 | project=0.21 | district=0.08 | address=0.15 | coords=0 | slug=0.25,true,,,
webs_propias_phase6_2026-06-14T20-43-40-390Z,PRAGA DESARROLLO INMOBILIARIO,pragadi.com.pe,https://www.pragadi.com.pe/proyectos-venta/acosta-131,Parque Acosta 131 – San Isidro,3798,Parque Acosta 131,90,match_high,true,true,true,true,false,true,score=90 | agency=1 | project=1 | district=1 | address=1 | coords=0 | slug=1,false,,,
webs_propias_phase6_2026-06-14T20-43-40-390Z,PRAGA DESARROLLO INMOBILIARIO,pragadi.com.pe,https://www.pragadi.com.pe/proyectos-venta/meliton-291,PRAGA,,PRADA,40.44,unmatched_web,false,true,false,false,false,false,Sin score suficiente contra mejor candidato Nexo: PRADA; score=40.44 | agency=0.5 | project=0.74 | district=0.08 | address=0.11 | coords=0 | slug=0.37,true,,,
webs_propias_phase6_2026-06-14T20-43-40-390Z,CASA BONITA,casabonita.com.pe,https://casabonita.com.pe/2026/02/16/la-clave-de-un-buen-proyecto-distribucion-y-acabados,La clave de un buen proyecto: distribución y acabados,,Aura Apartments,45.97,unmatched_web,true,false,true,false,false,false,Sin score suficiente contra mejor candidato Nexo: Aura Apartments; score=45.97 | agency=1 | project=0.15 | district=1 | address=0.33 | coords=0 | slug=0.15,true,,,
webs_propias_phase6_2026-06-14T20-43-40-390Z,CASA BONITA,casabonita.com.pe,https://casabonita.com.pe/departamentos-venta,Departamentos venta,,Aura Apartments,47.36,unmatched_web,true,false,true,false,false,false,Sin score suficiente contra mejor candidato Nexo: Aura Apartments; score=47.36 | agency=1 | project=0.18 | district=1 | address=0.33 | coords=0 | slug=0.18,true,,,
webs_propias_phase6_2026-06-14T20-43-40-390Z,MYE GRUPO INMOBILIARIO,myegrupoinmobiliario.com,https://myegrupoinmobiliario.com/proyecto/santa-maria,Proyecto Santa María,3168,SANTA RAFAELA,60.96,match_low,true,false,true,false,false,false,score=60.96 | agency=1 | project=0.57 | district=1 | address=0.22 | coords=0 | slug=0.57,true,,,
webs_propias_phase6_2026-06-14T20-43-40-390Z,MYE GRUPO INMOBILIARIO,myegrupoinmobiliario.com,https://myegrupoinmobiliario.com/proyecto/santa-rafaela,Proyecto Santa Rafaela,3168,SANTA RAFAELA,90,match_high,true,true,true,true,false,true,score=90 | agency=1 | project=1 | district=1 | address=1 | coords=0 | slug=1,false,,,
webs_propias_phase6_2026-06-14T20-43-40-390Z,VERONES GRUPO INMOBILIARIO,grupo-verones.com,https://grupo-verones.com/proyectos-en-venta/miraflores-1,Grupo Verones,,Residencial Green Life Etapa 2,40.98,unmatched_web,true,false,true,false,false,false,Sin score suficiente contra mejor candidato Nexo: Residencial Green Life Etapa 2; score=40.98 | agency=1 | project=0.12 | district=1 | address=0.06 | coords=0 | slug=0.15,true,,,
webs_propias_phase6_2026-06-14T20-43-40-390Z,VERONES GRUPO INMOBILIARIO,grupo-verones.com,https://grupo-verones.com/proyectos-en-venta/chorrillos,Grupo Verones,4161,Residencial Green Life Etapa 2,54.82,match_low,true,false,true,true,false,false,score=54.82 | agency=1 | project=0.12 | district=1 | address=1 | coords=0 | slug=0.11,true,,,
webs_propias_phase6_2026-06-14T20-43-40-390Z,NADLAN,nadlan.com.pe,https://nadlan.com.pe/propiedad/local-gambetta,"Local Nestor Gambetta 3,223 m2",,TERRAZAS DE BELLAVISTA,43.92,unmatched_web,true,false,true,false,false,false,Sin score suficiente contra mejor candidato Nexo: TERRAZAS DE BELLAVISTA; score=43.92 | agency=1 | project=0.15 | district=1 | address=0.17 | coords=0 | slug=0.19,true,,,
webs_propias_phase6_2026-06-14T20-43-40-390Z,NADLAN,nadlan.com.pe,https://nadlan.com.pe/propiedad/local-reynel,"Local Reynel 12,641 m2",,TERRAZAS DE BELLAVISTA,42.1,unmatched_web,true,false,true,false,false,false,Sin score suficiente contra mejor candidato Nexo: TERRAZAS DE BELLAVISTA; score=42.1 | agency=1 | project=0.08 | district=1 | address=0.23 | coords=0 | slug=0.15,true,,,
webs_propias_phase6_2026-06-14T20-43-40-390Z,CONFORTA INMOBILIARIA,confortainmobiliaria.com,https://confortainmobiliaria.com/proyectos,Proyectos – Conforta,,Bosco,30.48,unmatched_web,true,false,false,false,false,false,Sin score suficiente contra mejor candidato Nexo: Bosco; score=30.48 | agency=1 | project=0.23 | district=0.13 | address=0 | coords=0 | slug=0.09,true,,,
webs_propias_phase6_2026-06-14T20-43-40-390Z,PROMSAL,promsal.com,https://promsal.com/proyectos,Promsal inmobiliaria | Venta de departamentos,,Cool Living,30.77,unmatched_web,true,false,false,false,false,false,Sin score suficiente contra mejor candidato Nexo: Cool Living; score=30.77 | agency=1 | project=0.28 | district=0 | address=0 | coords=0 | slug=0.17,true,,,
webs_propias_phase6_2026-06-14T20-43-40-390Z,2K INMOBILIARIA,2kinmobiliaria.com,https://2kinmobiliaria.com/proyectos/mar-de-grau-207-chorrillos,Mar de Grau 207 – Chorrillos – 2kinmobiliaria,3273,MAR DE GRAU,65.87,match_low,true,true,false,false,false,true,score=65.87 | agency=1 | project=1 | district=0.28 | address=0.12 | coords=0 | slug=1,true,,,
webs_propias_phase6_2026-06-14T20-43-40-390Z,2K INMOBILIARIA,2kinmobiliaria.com,https://2kinmobiliaria.com/proyectos/ingenieros-943-surco,Ingenieros 943 – Surco – 2kinmobiliaria,3627,INGENIEROS 943,65.91,match_low,true,true,false,false,false,true,score=65.91 | agency=1 | project=1 | district=0.13 | address=0.26 | coords=0 | slug=1,true,,,
webs_propias_phase6_2026-06-14T20-43-40-390Z,LA MURALLA,lamuralla.com.pe,https://lamuralla.com.pe/roomie-departamentos-en-barranco,roomie,,BOHEME,38.36,unmatched_web,true,false,false,false,false,false,Sin score suficiente contra mejor candidato Nexo: BOHEME; score=38.36 | agency=1 | project=0.31 | district=0.28 | address=0.18 | coords=0 | slug=0.17,true,,,
webs_propias_phase6_2026-06-14T20-43-40-390Z,FLAT,flat-peru.com,https://flat-peru.com/explora-nuestros-proyectos-en-video,Explora Nuestros Proyectos en Video –,4055,FLAT JOSÉ LEAL,55.08,match_low,true,false,true,true,false,false,score=55.08 | agency=1 | project=0.22 | district=1 | address=0.75 | coords=0 | slug=0.22,true,,,
webs_propias_phase6_2026-06-14T20-43-40-390Z,AKAMAI,alpunto.com.pe,https://alpunto.com.pe/proyectos,Portal Inmobiliario Lima,,Simpli Life,42.7,unmatched_web,true,false,false,false,false,false,Sin score suficiente contra mejor candidato Nexo: Simpli Life; score=42.7 | agency=1 | project=0.27 | district=0.13 | address=0.67 | coords=0 | slug=0.27,true,,,
webs_propias_phase6_2026-06-14T20-43-40-390Z,EFICAXX GRUPO INMOBILIARIO,eficaxx.pe,https://eficaxx.pe/proyectos,PROYECTOS,,Residencial Salamanca de Monterrico 19,37.3,unmatched_web,true,false,true,false,false,false,Sin score suficiente contra mejor candidato Nexo: Residencial Salamanca de Monterrico 19; score=37.3 | agency=1 | project=0 | district=1 | address=0.15 | coords=0 | slug=0,true,,,
webs_propias_phase6_2026-06-14T20-43-40-390Z,CP BUILDING,cpbuilding.com.pe,https://www.cpbuilding.com.pe/proyectos-realizados,Proyectos realizados,,EDIFICIO EL MOLINO,42.05,unmatched_web,true,false,true,false,false,false,Sin score suficiente contra mejor candidato Nexo: EDIFICIO EL MOLINO; score=42.05 | agency=1 | project=0.12 | district=1 | address=0.14 | coords=0 | slug=0.14,true,,,
webs_propias_phase6_2026-06-14T20-43-40-390Z,PALACE,palacepropertiesperu.com,https://palacepropertiesperu.com/proyectos-entregados,Proyectos entregados,,NOA,45.65,unmatched_web,true,false,true,false,false,false,Sin score suficiente contra mejor candidato Nexo: NOA; score=45.65 | agency=1 | project=0.18 | district=1 | address=0.22 | coords=0 | slug=0.18,true,,,
webs_propias_phase6_2026-06-14T20-43-40-390Z,PALACE,palacepropertiesperu.com,https://palacepropertiesperu.com/proyecto?url=residencial-noa,Residencial Noa,3950,NOA,80,match_medium,true,true,true,false,false,false,score=80 | agency=1 | project=1 | district=1 | address=0.5 | coords=0 | slug=0.5,true,,,
webs_propias_phase6_2026-06-14T20-43-40-390Z,CALICANTO,grupocalicanto.pe,https://www.grupocalicanto.pe/proyecto-saphi,Proyecto Saphi –   Perú,,Horne,45.05,unmatched_web,true,false,true,false,false,false,Sin score suficiente contra mejor candidato Nexo: Horne; score=45.05 | agency=1 | project=0.18 | district=1 | address=0.21 | coords=0 | slug=0.09,true,,,
webs_propias_phase6_2026-06-14T20-43-40-390Z,CALICANTO,grupocalicanto.pe,https://www.grupocalicanto.pe/proyecto-horne-137,Proyecto Horne 137 –   Perú,3360,Horne,78.15,match_medium,true,true,true,false,false,true,score=78.15 | agency=1 | project=1 | district=1 | address=0.21 | coords=0 | slug=1,true,,,
webs_propias_phase6_2026-06-14T20-43-40-390Z,TRIADA,triada.com.pe,https://www.triada.com.pe/departamentos-en-lince-tower27,S.A.C.,,TOWER 27,43.87,unmatched_web,true,false,true,false,false,false,Sin score suficiente contra mejor candidato Nexo: TOWER 27; score=43.87 | agency=1 | project=0.12 | district=1 | address=0.19 | coords=0 | slug=0.4,true,,,
webs_propias_phase6_2026-06-14T20-43-40-390Z,ANTARES CONTRATISTAS,antares.pe,https://antares.pe/proyectos-entregados,Proyectos entregados – Antares,,Edificio Sauces,34.77,unmatched_web,true,false,false,false,false,false,Sin score suficiente contra mejor candidato Nexo: Edificio Sauces; score=34.77 | agency=1 | project=0.26 | district=0.09 | address=0.24 | coords=0 | slug=0.18,true,,,
webs_propias_phase6_2026-06-14T20-43-40-390Z,GRUPO TOSCANA,constructoratoscana.com,https://constructoratoscana.com/vende-tu-propiedad,vende tu propiedad,,Los Gorriones 5,24.34,unmatched_web,true,false,false,false,false,false,Sin score suficiente contra mejor candidato Nexo: Los Gorriones 5; score=24.34 | agency=1 | project=0.1 | district=0 | address=0 | coords=0 | slug=0.15,true,,,
webs_propias_phase6_2026-06-14T20-43-40-390Z,INVERSIONES TIERRA BLANCA,tierrablanca.pe,https://tierrablanca.pe/proyectos,Proyectos – TIERRA BLANCA,,ELEVA 155,31.4,unmatched_web,true,false,false,false,false,false,Sin score suficiente contra mejor candidato Nexo: ELEVA 155; score=31.4 | agency=1 | project=0.21 | district=0.08 | address=0.17 | coords=0 | slug=0.07,true,,,
webs_propias_phase6_2026-06-14T20-43-40-390Z,INVERSIONES TIERRA BLANCA,tierrablanca.pe,https://tierrablanca.pe/proyectos-entregados,Proyectos entregados – TIERRA BLANCA,,ELEVA 155,27.44,unmatched_web,true,false,false,false,false,false,Sin score suficiente contra mejor candidato Nexo: ELEVA 155; score=27.44 | agency=1 | project=0.15 | district=0.08 | address=0 | coords=0 | slug=0.18,true,,,
webs_propias_phase6_2026-06-14T20-43-40-390Z,JOPESA,jopesa.pe,https://www.jopesa.pe/menu-de-proyectos,Menú de proyectos,,Lambayeque 197,36.77,unmatched_web,true,false,false,false,false,false,Sin score suficiente contra mejor candidato Nexo: Lambayeque 197; score=36.77 | agency=1 | project=0.2 | district=0.09 | address=0.5 | coords=0 | slug=0.2,true,,,
webs_propias_phase6_2026-06-14T20-43-40-390Z,MARTE,constructoramartesa.com,https://martegrupoinmobiliario.com/proyectos-en-venta,Proyectos en Venta –,3008,Amatista,59.2,match_low,true,false,true,true,false,false,score=59.2 | agency=1 | project=0.23 | district=1 | address=1 | coords=0 | slug=0.23,true,,,
webs_propias_phase6_2026-06-14T20-43-40-390Z,MARTE,constructoramartesa.com,https://martegrupoinmobiliario.com/proyectos-entregados,Proyectos Entregados –,,Zircon,43.7,unmatched_web,true,false,true,false,false,false,Sin score suficiente contra mejor candidato Nexo: Zircon; score=43.7 | agency=1 | project=0.18 | district=1 | address=0.09 | coords=0 | slug=0.18,true,,,
webs_propias_phase6_2026-06-14T20-43-40-390Z,STELLA INMOBILIARIA,stellainmobiliaria.pe,https://stellainmobiliaria.pe/proyectos,Proyectos –,,CANAVAL 185,28.49,unmatched_web,false,false,true,false,false,false,Sin score suficiente contra mejor candidato Nexo: CANAVAL 185; score=28.49 | agency=0.46 | project=0 | district=1 | address=0.29 | coords=0 | slug=0,true,,,
webs_propias_phase6_2026-06-14T20-43-40-390Z,CONSTRUCTORA ATLAS,constructoraatlas.com.pe,https://constructoraatlas.com.pe/proyectos-en-ejecucion,Proyectos en ejecución,,KENKO II,46.13,unmatched_web,true,false,true,false,false,false,Sin score suficiente contra mejor candidato Nexo: KENKO II; score=46.13 | agency=1 | project=0.15 | district=1 | address=0.33 | coords=0 | slug=0.15,true,,,
webs_propias_phase6_2026-06-14T20-43-40-390Z,CONSTRUCTORA ATLAS,constructoraatlas.com.pe,https://constructoraatlas.com.pe/proyectos-entregados,Proyectos Entregados,,LAS DOÑAS,33.77,unmatched_web,true,false,false,false,false,false,Sin score suficiente contra mejor candidato Nexo: LAS DOÑAS; score=33.77 | agency=1 | project=0.18 | district=0.2 | address=0.23 | coords=0 | slug=0.18,true,,,
webs_propias_phase6_2026-06-14T20-43-40-390Z,INITALIA,initalia.pe,https://www.initalia.pe/proyectos-anteriores,Italia SA,,CENTRIC Dos de Mayo- Lince,41.69,unmatched_web,true,false,true,false,false,false,Sin score suficiente contra mejor candidato Nexo: CENTRIC Dos de Mayo- Lince; score=41.69 | agency=1 | project=0.17 | district=1 | address=0 | coords=0 | slug=0.17,true,,,
webs_propias_phase6_2026-06-14T20-43-40-390Z,GRATIA CONSTRUCTORA,gratia.com.pe,https://gratia.com.pe/propiedad/proyecto-hub-lince,HUB – Lince –,3919,HUB,90,match_high,true,true,true,true,false,true,score=90 | agency=1 | project=1 | district=1 | address=1 | coords=0 | slug=1,false,,,
webs_propias_phase6_2026-06-14T20-43-40-390Z,GRATIA CONSTRUCTORA,gratia.com.pe,https://gratia.com.pe/vende-tu-propiedad,Vende tu propiedad –,,HUB,37.3,unmatched_web,true,false,true,false,false,false,Sin score suficiente contra mejor candidato Nexo: HUB; score=37.3 | agency=1 | project=0.05 | district=1 | address=0 | coords=0 | slug=0.1,true,,,
webs_propias_phase6_2026-06-14T20-43-40-390Z,INMOBILIARIA ARES,inmobiliariaares.pe,https://inmobiliariaares.pe/inmueble/edificio-centrik,Edificio CENTRIK,2509,CENTRIK,75,match_medium,true,true,true,false,false,true,score=75 | agency=1 | project=1 | district=1 | address=0 | coords=0 | slug=1,true,,,
webs_propias_phase6_2026-06-14T20-43-40-390Z,KALLPA,constructorakallpa.pe,https://constructorakallpa.pe/proyectos-entregados,Proyectos entregados – constructorakallpa.pe,,CATENA,29.92,unmatched_web,true,false,false,false,false,false,Sin score suficiente contra mejor candidato Nexo: CATENA; score=29.92 | agency=1 | project=0.12 | district=0.09 | address=0.21 | coords=0 | slug=0.28,true,,,
webs_propias_phase6_2026-06-14T20-43-40-390Z,KALLPA,constructorakallpa.pe,https://constructorakallpa.pe/proyectos-en-venta,Proyectos en venta – constructorakallpa.pe,,CATENA,30.38,unmatched_web,true,false,false,false,false,false,Sin score suficiente contra mejor candidato Nexo: CATENA; score=30.38 | agency=1 | project=0.09 | district=0.15 | address=0.21 | coords=0 | slug=0.35,true,,,
webs_propias_phase6_2026-06-14T20-43-40-390Z,YOPLAC ASOCIADOS,yoplacasociados.com,https://yoplacasociados.com/remate-total-de-departamentos,Remate de Departamentos,,Residencial Santa Susana,44.21,unmatched_web,true,false,true,false,false,false,Sin score suficiente contra mejor candidato Nexo: Residencial Santa Susana; score=44.21 | agency=1 | project=0.15 | district=1 | address=0.18 | coords=0 | slug=0.23,true,,,
webs_propias_phase6_2026-06-14T20-43-40-390Z,GRUPO CHACARILLA SUR,grupochacarillasur.com,https://grupochacarillasur.com/en-venta,EN VENTA,,GARDEN HOMES,29.2,unmatched_web,true,false,false,false,false,false,Sin score suficiente contra mejor candidato Nexo: GARDEN HOMES; score=29.2 | agency=1 | project=0.23 | district=0 | address=0 | coords=0 | slug=0.23,true,,,
webs_propias_phase6_2026-06-14T20-43-40-390Z,GRUPO CHACARILLA SUR,grupochacarillasur.com,https://grupochacarillasur.com/proyectos-entregados,PROYECTOS ENTREGADOS,,GARDEN HOMES,29.4,unmatched_web,true,false,false,false,false,false,Sin score suficiente contra mejor candidato Nexo: GARDEN HOMES; score=29.4 | agency=1 | project=0.23 | district=0 | address=0 | coords=0 | slug=0.27,true,,,
webs_propias_phase6_2026-06-14T20-43-40-390Z,LOS PORTALES,losportales.com.pe,https://www.losportales.com.pe/venta-terreno,Los Portales,,Gran Parque Norte - Etapa 1,31.32,unmatched_web,true,false,false,false,false,false,Sin score suficiente contra mejor candidato Nexo: Gran Parque Norte - Etapa 1; score=31.32 | agency=1 | project=0.18 | district=0.14 | address=0.12 | coords=0 | slug=0.18,true,,,
webs_propias_phase6_2026-06-14T20-43-40-390Z,LOS PORTALES,losportales.com.pe,https://www.losportales.com.pe/vista-ventanales,Los Portales,,Gran Parque Norte - Etapa 1,33.23,unmatched_web,true,false,false,false,false,false,Sin score suficiente contra mejor candidato Nexo: Gran Parque Norte - Etapa 1; score=33.23 | agency=1 | project=0.18 | district=0.14 | address=0.25 | coords=0 | slug=0.18,true,,,
webs_propias_phase6_2026-06-14T20-43-40-390Z,PAQARI INMOBILIARIA,grupopaqari.pe,https://grupopaqari.pe/proyectos-en-venta,proyectos en venta,,Samay,27.65,unmatched_web,true,false,false,false,false,false,Sin score suficiente contra mejor candidato Nexo: Samay; score=27.65 | agency=1 | project=0 | district=0.26 | address=0.22 | coords=0 | slug=0.09,true,,,
webs_propias_phase6_2026-06-14T20-43-40-390Z,PAQARI INMOBILIARIA,grupopaqari.pe,https://grupopaqari.pe/,Paqari,,Samay,38.38,unmatched_web,true,false,false,false,false,false,Sin score suficiente contra mejor candidato Nexo: Samay; score=38.38 | agency=1 | project=0.31 | district=0.26 | address=0.22 | coords=0 | slug=0.09,true,,,
webs_propias_phase6_2026-06-14T20-43-40-390Z,LIMA METRO CUADRADO,limametrocuadrado.pe,https://limametrocuadrado.pe/ventas@lm2.pe,ventas@lm2.pe,,Live Apts,23.13,unmatched_web,true,false,false,false,false,false,Sin score suficiente contra mejor candidato Nexo: Live Apts; score=23.13 | agency=1 | project=0.07 | district=0 | address=0 | coords=0 | slug=0.13,true,,,
webs_propias_phase6_2026-06-14T20-43-40-390Z,LIMA METRO CUADRADO,limametrocuadrado.pe,https://limametrocuadrado.pe/postventa.php,Post Venta,,Live Apts,27.86,unmatched_web,true,false,false,false,false,false,Sin score suficiente contra mejor candidato Nexo: Live Apts; score=27.86 | agency=1 | project=0.18 | district=0 | address=0 | coords=0 | slug=0.28,true,,,
webs_propias_phase6_2026-06-14T20-43-40-390Z,MAHPSA  CORPORACION INMOBILIARIA,mahpsa.com.pe,https://mahpsa.com.pe/proyecto/rosaura,Mahpsa,,BAIONA,25.08,unmatched_web,false,false,false,false,false,false,Sin score suficiente contra mejor candidato Nexo: BAIONA; score=25.08 | agency=0.46 | project=0.31 | district=0.13 | address=0.17 | coords=0 | slug=0.13,true,,,
webs_propias_phase6_2026-06-14T20-43-40-390Z,MAHPSA  CORPORACION INMOBILIARIA,mahpsa.com.pe,https://mahpsa.com.pe/proyecto/eugeniogarzon,Mahpsa,,BAIONA,27.42,unmatched_web,false,false,false,false,false,false,Sin score suficiente contra mejor candidato Nexo: BAIONA; score=27.42 | agency=0.46 | project=0.31 | district=0.25 | address=0.18 | coords=0 | slug=0.21,true,,,
webs_propias_phase6_2026-06-14T20-43-40-390Z,Becamm Inversiones SAC,becamm.com,https://becamm.com/proyectos-realizados,Proyectos Realizados – Becamm,,KILLA,32.58,unmatched_web,true,false,false,false,false,false,Sin score suficiente contra mejor candidato Nexo: KILLA; score=32.58 | agency=1 | project=0.11 | district=0.18 | address=0.34 | coords=0 | slug=0.18,true,,,
webs_propias_phase6_2026-06-14T20-43-40-390Z,INMOBILIARIA HUANWIL,alpunto.com.pe,https://alpunto.com.pe/proyectos,Portal Inmobiliario Lima,,Máximo Abril,35.95,unmatched_web,false,false,true,false,false,false,Sin score suficiente contra mejor candidato Nexo: Máximo Abril; score=35.95 | agency=0.39 | project=0.27 | district=1 | address=0.18 | coords=0 | slug=0.19,true,,,
webs_propias_phase6_2026-06-14T20-43-40-390Z,CONSTRUCTORA MALLORCA,constructoramallorca.com,,,3110,8 DE OCTUBRE,0,unmatched_nexo,true,false,false,false,false,false,Proyecto Nexo sin match medio/alto en la muestra Fase 5 de esta inmobiliaria; no implica ausencia en la web completa.,true,,,
webs_propias_phase6_2026-06-14T20-43-40-390Z,CONSTRUCTORA MALLORCA,constructoramallorca.com,,,3691,Piura,0,unmatched_nexo,true,false,false,false,false,false,Proyecto Nexo sin match medio/alto en la muestra Fase 5 de esta inmobiliaria; no implica ausencia en la web completa.,true,,,
webs_propias_phase6_2026-06-14T20-43-40-390Z,EDIFICA,edifica.com.pe,,,2353,Condominio HOME - II Etapa,0,unmatched_nexo,true,false,false,false,false,false,Proyecto Nexo sin match medio/alto en la muestra Fase 5 de esta inmobiliaria; no implica ausencia en la web completa.,true,,,
webs_propias_phase6_2026-06-14T20-43-40-390Z,EDIFICA,edifica.com.pe,,,3051,Upper 28,0,unmatched_nexo,true,false,false,false,false,false,Proyecto Nexo sin match medio/alto en la muestra Fase 5 de esta inmobiliaria; no implica ausencia en la web completa.,true,,,
webs_propias_phase6_2026-06-14T20-43-40-390Z,EDIFICA,edifica.com.pe,,,3215,Urban Heights,0,unmatched_nexo,true,false,false,false,false,false,Proyecto Nexo sin match medio/alto en la muestra Fase 5 de esta inmobiliaria; no implica ausencia en la web completa.,true,,,
webs_propias_phase6_2026-06-14T20-43-40-390Z,EDIFICA,edifica.com.pe,,,3476,Element,0,unmatched_nexo,true,false,false,false,false,false,Proyecto Nexo sin match medio/alto en la muestra Fase 5 de esta inmobiliaria; no implica ausencia en la web completa.,true,,,
webs_propias_phase6_2026-06-14T20-43-40-390Z,EDIFICA,edifica.com.pe,,,3487,Francisco Del Castillo 252,0,unmatched_nexo,true,false,false,false,false,false,Proyecto Nexo sin match medio/alto en la muestra Fase 5 de esta inmobiliaria; no implica ausencia en la web completa.,true,,,
webs_propias_phase6_2026-06-14T20-43-40-390Z,EDIFICA,edifica.com.pe,,,3524,Affinity,0,unmatched_nexo,true,false,false,false,false,false,Proyecto Nexo sin match medio/alto en la muestra Fase 5 de esta inmobiliaria; no implica ausencia en la web completa.,true,,,
webs_propias_phase6_2026-06-14T20-43-40-390Z,EDIFICA,edifica.com.pe,,,3593,Monument,0,unmatched_nexo,true,false,false,false,false,false,Proyecto Nexo sin match medio/alto en la muestra Fase 5 de esta inmobiliaria; no implica ausencia en la web completa.,true,,,
webs_propias_phase6_2026-06-14T20-43-40-390Z,EDIFICA,edifica.com.pe,,,3642,ACACIAS,0,unmatched_nexo,true,false,false,false,false,false,Proyecto Nexo sin match medio/alto en la muestra Fase 5 de esta inmobiliaria; no implica ausencia en la web completa.,true,,,
webs_propias_phase6_2026-06-14T20-43-40-390Z,EDIFICA,edifica.com.pe,,,3852,Ascent,0,unmatched_nexo,true,false,false,false,false,false,Proyecto Nexo sin match medio/alto en la muestra Fase 5 de esta inmobiliaria; no implica ausencia en la web completa.,true,,,
webs_propias_phase6_2026-06-14T20-43-40-390Z,EDIFICA,edifica.com.pe,,,3866,Bloom,0,unmatched_nexo,true,false,false,false,false,false,Proyecto Nexo sin match medio/alto en la muestra Fase 5 de esta inmobiliaria; no implica ausencia en la web completa.,true,,,
webs_propias_phase6_2026-06-14T20-43-40-390Z,EDIFICA,edifica.com.pe,,,3946,The Muse,0,unmatched_nexo,true,false,false,false,false,false,Proyecto Nexo sin match medio/alto en la muestra Fase 5 de esta inmobiliaria; no implica ausencia en la web completa.,true,,,
webs_propias_phase6_2026-06-14T20-43-40-390Z,EDIFICA,edifica.com.pe,,,4069,Legacy,0,unmatched_nexo,true,false,false,false,false,false,Proyecto Nexo sin match medio/alto en la muestra Fase 5 de esta inmobiliaria; no implica ausencia en la web completa.,true,,,
webs_propias_phase6_2026-06-14T20-43-40-390Z,EDIFICA,edifica.com.pe,,,4218,Skyline,0,unmatched_nexo,true,false,false,false,false,false,Proyecto Nexo sin match medio/alto en la muestra Fase 5 de esta inmobiliaria; no implica ausencia en la web completa.,true,,,
webs_propias_phase6_2026-06-14T20-43-40-390Z,INVENT INMOBILIARIA,invent.com.pe,,,1974,Invent Chorrillos,0,unmatched_nexo,true,false,false,false,false,false,Proyecto Nexo sin match medio/alto en la muestra Fase 5 de esta inmobiliaria; no implica ausencia en la web completa.,true,,,
webs_propias_phase6_2026-06-14T20-43-40-390Z,INVENT INMOBILIARIA,invent.com.pe,,,2056,Invent Juan de Aliaga,0,unmatched_nexo,true,false,false,false,false,false,Proyecto Nexo sin match medio/alto en la muestra Fase 5 de esta inmobiliaria; no implica ausencia en la web completa.,true,,,
webs_propias_phase6_2026-06-14T20-43-40-390Z,INVENT INMOBILIARIA,invent.com.pe,,,2253,Invent Tirado,0,unmatched_nexo,true,false,false,false,false,false,Proyecto Nexo sin match medio/alto en la muestra Fase 5 de esta inmobiliaria; no implica ausencia en la web completa.,true,,,
webs_propias_phase6_2026-06-14T20-43-40-390Z,INVENT INMOBILIARIA,invent.com.pe,,,2596,LEGADO,0,unmatched_nexo,true,false,false,false,false,false,Proyecto Nexo sin match medio/alto en la muestra Fase 5 de esta inmobiliaria; no implica ausencia en la web completa.,true,,,
webs_propias_phase6_2026-06-14T20-43-40-390Z,INVENT INMOBILIARIA,invent.com.pe,,,2912,Nueva Metrópolis,0,unmatched_nexo,true,false,false,false,false,false,Proyecto Nexo sin match medio/alto en la muestra Fase 5 de esta inmobiliaria; no implica ausencia en la web completa.,true,,,
webs_propias_phase6_2026-06-14T20-43-40-390Z,INVENT INMOBILIARIA,invent.com.pe,,,3665,FORTIVA,0,unmatched_nexo,true,false,false,false,false,false,Proyecto Nexo sin match medio/alto en la muestra Fase 5 de esta inmobiliaria; no implica ausencia en la web completa.,true,,,
webs_propias_phase6_2026-06-14T20-43-40-390Z,INVENT INMOBILIARIA,invent.com.pe,,,3986,THE BRICKELL TOWER,0,unmatched_nexo,true,false,false,false,false,false,Proyecto Nexo sin match medio/alto en la muestra Fase 5 de esta inmobiliaria; no implica ausencia en la web completa.,true,,,
webs_propias_phase6_2026-06-14T20-43-40-390Z,INVENT INMOBILIARIA,invent.com.pe,,,3988,ALTANOVA,0,unmatched_nexo,true,false,false,false,false,false,Proyecto Nexo sin match medio/alto en la muestra Fase 5 de esta inmobiliaria; no implica ausencia en la web completa.,true,,,
webs_propias_phase6_2026-06-14T20-43-40-390Z,Cresiente,esparq.com,,,2695,BLUE,0,unmatched_nexo,true,false,false,false,false,false,Proyecto Nexo sin match medio/alto en la muestra Fase 5 de esta inmobiliaria; no implica ausencia en la web completa.,true,,,
webs_propias_phase6_2026-06-14T20-43-40-390Z,ABRIL GRUPO INMOBILIARIO,abril.pe,,,2314,Aquilaria,0,unmatched_nexo,true,false,false,false,false,false,Proyecto Nexo sin match medio/alto en la muestra Fase 5 de esta inmobiliaria; no implica ausencia en la web completa.,true,,,
webs_propias_phase6_2026-06-14T20-43-40-390Z,ABRIL GRUPO INMOBILIARIO,abril.pe,,,2940,Amaranta,0,unmatched_nexo,true,false,false,false,false,false,Proyecto Nexo sin match medio/alto en la muestra Fase 5 de esta inmobiliaria; no implica ausencia en la web completa.,true,,,
webs_propias_phase6_2026-06-14T20-43-40-390Z,BRAZIL GRUPO INMOBILIARIO,abril.pe,,,2965,Santorini,0,unmatched_nexo,true,false,false,false,false,false,Proyecto Nexo sin match medio/alto en la muestra Fase 5 de esta inmobiliaria; no implica ausencia en la web completa.,true,,,
webs_propias_phase6_2026-06-14T20-43-40-390Z,ABRIL GRUPO INMOBILIARIO,abril.pe,,,3209,Tulipán,0,unmatched_nexo,true,false,false,false,false,false,Proyecto Nexo sin match medio/alto en la muestra Fase 5 de esta inmobiliaria; no implica ausencia en la web completa.,true,,,
webs_propias_phase6_2026-06-14T20-43-40-390Z,ABRIL GRUPO INMOBILIARIO,abril.pe,,,3210,Orquídea,0,unmatched_nexo,true,false,false,false,false,false,Proyecto Nexo sin match medio/alto en la muestra Fase 5 de esta inmobiliaria; no implica ausencia en la web completa.,true,,,
webs_propias_phase6_2026-06-14T20-43-40-390Z,ABRIL GRUPO INMOBILIARIO,abril.pe,,,3274,Magnolia,0,unmatched_nexo,true,false,false,false,false,false,Proyecto Nexo sin match medio/alto en la muestra Fase 5 de esta inmobiliaria; no implica ausencia en la web completa.,true,,,
webs_propias_phase6_2026-06-14T20-43-40-390Z,ABRIL GRUPO INMOBILIARIO,abril.pe,,,3322,Avellana,0,unmatched_nexo,true,false,false,false,false,false,Proyecto Nexo sin match medio/alto en la muestra Fase 5 de esta inmobiliaria; no implica ausencia en la web completa.,true,,,
webs_propias_phase6_2026-06-14T20-43-40-390Z,ABRIL GRUPO INMOBILIARIO,abril.pe,,,3346,Kaurí,0,unmatched_nexo,true,false,false,false,false,false,Proyecto Nexo sin match medio/alto en la muestra Fase 5 de esta inmobiliaria; no implica ausencia en la web completa.,true,,,
webs_propias_phase6_2026-06-14T20-43-40-390Z,ABRIL GRUPO INMOBILIARIO,abril.pe,,,3347,Máximo Abril,0,unmatched_nexo,true,false,false,false,false,false,Proyecto Nexo sin match medio/alto en la muestra Fase 5 de esta inmobiliaria; no implica ausencia en la web completa.,true,,,
webs_propias_phase6_2026-06-14T20-43-40-390Z,ABRIL GRUPO INMOBILIARIO,abril.pe,,,3453,Cedro 33,0,unmatched_nexo,true,false,false,false,false,false,Proyecto Nexo sin match medio/alto en la muestra Fase 5 de esta inmobiliaria; no implica ausencia en la web completa.,true,,,
webs_propias_phase6_2026-06-14T20-43-40-390Z,ABRIL GRUPO INMOBILIARIO,abril.pe,,,3472,Cannelle,0,unmatched_nexo,true,false,false,false,false,false,Proyecto Nexo sin match medio/alto en la muestra Fase 5 de esta inmobiliaria; no implica ausencia en la web completa.,true,,,
webs_propias_phase6_2026-06-14T20-43-40-390Z,BRAZIL GRUPO INMOBILIARIO,abril.pe,,,3485,Alejandria,0,unmatched_nexo,true,false,false,false,false,false,Proyecto Nexo sin match medio/alto en la muestra Fase 5 de esta inmobiliaria; no implica ausencia en la web completa.,true,,,
webs_propias_phase6_2026-06-14T20-43-40-390Z,ABRIL GRUPO INMOBILIARIO,abril.pe,,,3578,Loto,0,unmatched_nexo,true,false,false,false,false,false,Proyecto Nexo sin match medio/alto en la muestra Fase 5 de esta inmobiliaria; no implica ausencia en la web completa.,true,,,
webs_propias_phase6_2026-06-14T20-43-40-390Z,ABRIL GRUPO INMOBILIARIO,abril.pe,,,3579,Pino,0,unmatched_nexo,true,false,false,false,false,false,Proyecto Nexo sin match medio/alto en la muestra Fase 5 de esta inmobiliaria; no implica ausencia en la web completa.,true,,,
webs_propias_phase6_2026-06-14T20-43-40-390Z,ABRIL GRUPO INMOBILIARIO,abril.pe,,,3659,KAVA,0,unmatched_nexo,true,false,false,false,false,false,Proyecto Nexo sin match medio/alto en la muestra Fase 5 de esta inmobiliaria; no implica ausencia en la web completa.,true,,,
webs_propias_phase6_2026-06-14T20-43-40-390Z,ABRIL GRUPO INMOBILIARIO,abril.pe,,,3664,Catleya,0,unmatched_nexo,true,false,false,false,false,false,Proyecto Nexo sin match medio/alto en la muestra Fase 5 de esta inmobiliaria; no implica ausencia en la web completa.,true,,,
webs_propias_phase6_2026-06-14T20-43-40-390Z,ABRIL GRUPO INMOBILIARIO,abril.pe,,,3697,Gran Manzano,0,unmatched_nexo,true,false,false,false,false,false,Proyecto Nexo sin match medio/alto en la muestra Fase 5 de esta inmobiliaria; no implica ausencia en la web completa.,true,,,
webs_propias_phase6_2026-06-14T20-43-40-390Z,ABRIL GRUPO INMOBILIARIO,abril.pe,,,3724,Sauce Zen,0,unmatched_nexo,true,false,false,false,false,false,Proyecto Nexo sin match medio/alto en la muestra Fase 5 de esta inmobiliaria; no implica ausencia en la web completa.,true,,,
webs_propias_phase6_2026-06-14T20-43-40-390Z,ABRIL GRUPO INMOBILIARIO,abril.pe,,,3784,Bugambilias,0,unmatched_nexo,true,false,false,false,false,false,Proyecto Nexo sin match medio/alto en la muestra Fase 5 de esta inmobiliaria; no implica ausencia en la web completa.,true,,,
webs_propias_phase6_2026-06-14T20-43-40-390Z,ABRIL GRUPO INMOBILIARIO,abril.pe,,,3831,Bonsái,0,unmatched_nexo,true,false,false,false,false,false,Proyecto Nexo sin match medio/alto en la muestra Fase 5 de esta inmobiliaria; no implica ausencia en la web completa.,true,,,
webs_propias_phase6_2026-06-14T20-43-40-390Z,ABRIL GRUPO INMOBILIARIO,abril.pe,,,3855,Bromelia,0,unmatched_nexo,true,false,false,false,false,false,Proyecto Nexo sin match medio/alto en la muestra Fase 5 de esta inmobiliaria; no implica ausencia en la web completa.,true,,,
webs_propias_phase6_2026-06-14T20-43-40-390Z,ABRIL GRUPO INMOBILIARIO,abril.pe,,,3927,Olivo,0,unmatched_nexo,true,false,false,false,false,false,Proyecto Nexo sin match medio/alto en la muestra Fase 5 de esta inmobiliaria; no implica ausencia en la web completa.,true,,,
webs_propias_phase6_2026-06-14T20-43-40-390Z,ABRIL GRUPO INMOBILIARIO,abril.pe,,,3942,Eucalipto,0,unmatched_nexo,true,false,false,false,false,false,Proyecto Nexo sin match medio/alto en la muestra Fase 5 de esta inmobiliaria; no implica ausencia en la web completa.,true,,,
webs_propias_phase6_2026-06-14T20-43-40-390Z,ABRIL GRUPO INMOBILIARIO,abril.pe,,,3944,Mora,0,unmatched_nexo,true,false,false,false,false,false,Proyecto Nexo sin match medio/alto en la muestra Fase 5 de esta inmobiliaria; no implica ausencia en la web completa.,true,,,
webs_propias_phase6_2026-06-14T20-43-40-390Z,ABRIL GRUPO INMOBILIARIO,abril.pe,,,4000,Capulí,0,unmatched_nexo,true,false,false,false,false,false,Proyecto Nexo sin match medio/alto en la muestra Fase 5 de esta inmobiliaria; no implica ausencia en la web completa.,true,,,
webs_propias_phase6_2026-06-14T20-43-40-390Z,ABRIL GRUPO INMOBILIARIO,abril.pe,,,4039,MONTECARLO,0,unmatched_nexo,true,false,false,false,false,false,Proyecto Nexo sin match medio/alto en la muestra Fase 5 de esta inmobiliaria; no implica ausencia en la web completa.,true,,,
webs_propias_phase6_2026-06-14T20-43-40-390Z,ABRIL GRUPO INMOBILIARIO,abril.pe,,,4096,Bosque Real,0,unmatched_nexo,true,false,false,false,false,false,Proyecto Nexo sin match medio/alto en la muestra Fase 5 de esta inmobiliaria; no implica ausencia en la web completa.,true,,,
webs_propias_phase6_2026-06-14T20-43-40-390Z,ABRIL GRUPO INMOBILIARIO,abril.pe,,,4143,Las Begonias,0,unmatched_nexo,true,false,false,false,false,false,Proyecto Nexo sin match medio/alto en la muestra Fase 5 de esta inmobiliaria; no implica ausencia en la web completa.,true,,,
webs_propias_phase6_2026-06-14T20-43-40-390Z,ABRIL GRUPO INMOBILIARIO,abril.pe,,,4182,Canela,0,unmatched_nexo,true,false,false,false,false,false,Proyecto Nexo sin match medio/alto en la muestra Fase 5 de esta inmobiliaria; no implica ausencia en la web completa.,true,,,
webs_propias_phase6_2026-06-14T20-43-40-390Z,ABRIL GRUPO INMOBILIARIO,abril.pe,,,4225,Cedro 33 - Bloque B,0,unmatched_nexo,true,false,false,false,false,false,Proyecto Nexo sin match medio/alto en la muestra Fase 5 de esta inmobiliaria; no implica ausencia en la web completa.,true,,,
webs_propias_phase6_2026-06-14T20-43-40-390Z,ABRIL GRUPO INMOBILIARIO,abril.pe,,,4229,Roble - Etapa 2,0,unmatched_nexo,true,false,false,false,false,false,Proyecto Nexo sin match medio/alto en la muestra Fase 5 de esta inmobiliaria; no implica ausencia en la web completa.,true,,,
webs_propias_phase6_2026-06-14T20-43-40-390Z,EE INMOBILIARIA,eeinmobiliaria.com,,,2378,BALBOA,0,unmatched_nexo,true,false,false,false,false,false,Proyecto Nexo sin match medio/alto en la muestra Fase 5 de esta inmobiliaria; no implica ausencia en la web completa.,true,,,
webs_propias_phase6_2026-06-14T20-43-40-390Z,EE INMOBILIARIA,eeinmobiliaria.com,,,2728,Monte Real,0,unmatched_nexo,true,false,false,false,false,false,Proyecto Nexo sin match medio/alto en la muestra Fase 5 de esta inmobiliaria; no implica ausencia en la web completa.,true,,,
webs_propias_phase6_2026-06-14T20-43-40-390Z,EE INMOBILIARIA,eeinmobiliaria.com,,,3285,Boloña 256,0,unmatched_nexo,true,false,false,false,false,false,Proyecto Nexo sin match medio/alto en la muestra Fase 5 de esta inmobiliaria; no implica ausencia en la web completa.,true,,,
webs_propias_phase6_2026-06-14T20-43-40-390Z,EE INMOBILIARIA,eeinmobiliaria.com,,,3316,POP,0,unmatched_nexo,true,false,false,false,false,false,Proyecto Nexo sin match medio/alto en la muestra Fase 5 de esta inmobiliaria; no implica ausencia en la web completa.,true,,,
webs_propias_phase6_2026-06-14T20-43-40-390Z,EE INMOBILIARIA,eeinmobiliaria.com,,,3320,Fontana,0,unmatched_nexo,true,false,false,false,false,false,Proyecto Nexo sin match medio/alto en la muestra Fase 5 de esta inmobiliaria; no implica ausencia en la web completa.,true,,,
webs_propias_phase6_2026-06-14T20-43-40-390Z,EE INMOBILIARIA,eeinmobiliaria.com,,,3357,Samoa,0,unmatched_nexo,true,false,false,false,false,false,Proyecto Nexo sin match medio/alto en la muestra Fase 5 de esta inmobiliaria; no implica ausencia en la web completa.,true,,,
webs_propias_phase6_2026-06-14T20-43-40-390Z,EE INMOBILIARIA,eeinmobiliaria.com,,,3358,Central Home Chacarilla,0,unmatched_nexo,true,false,false,false,false,false,Proyecto Nexo sin match medio/alto en la muestra Fase 5 de esta inmobiliaria; no implica ausencia en la web completa.,true,,,
webs_propias_phase6_2026-06-14T20-43-40-390Z,EE INMOBILIARIA,eeinmobiliaria.com,,,3540,Navarra 360,0,unmatched_nexo,true,false,false,false,false,false,Proyecto Nexo sin match medio/alto en la muestra Fase 5 de esta inmobiliaria; no implica ausencia en la web completa.,true,,,
webs_propias_phase6_2026-06-14T20-43-40-390Z,EE INMOBILIARIA,eeinmobiliaria.com,,,3795,Floresta Living 444,0,unmatched_nexo,true,false,false,false,false,false,Proyecto Nexo sin match medio/alto en la muestra Fase 5 de esta inmobiliaria; no implica ausencia en la web completa.,true,,,
webs_propias_phase6_2026-06-14T20-43-40-390Z,EE INMOBILIARIA,eeinmobiliaria.com,,,3804,Castello,0,unmatched_nexo,true,false,false,false,false,false,Proyecto Nexo sin match medio/alto en la muestra Fase 5 de esta inmobiliaria; no implica ausencia en la web completa.,true,,,
webs_propias_phase6_2026-06-14T20-43-40-390Z,EE INMOBILIARIA,eeinmobiliaria.com,,,3817,Vista Park,0,unmatched_nexo,true,false,false,false,false,false,Proyecto Nexo sin match medio/alto en la muestra Fase 5 de esta inmobiliaria; no implica ausencia en la web completa.,true,,,
webs_propias_phase6_2026-06-14T20-43-40-390Z,EE INMOBILIARIA,eeinmobiliaria.com,,,3923,Málaga 257,0,unmatched_nexo,true,false,false,false,false,false,Proyecto Nexo sin match medio/alto en la muestra Fase 5 de esta inmobiliaria; no implica ausencia en la web completa.,true,,,
webs_propias_phase6_2026-06-14T20-43-40-390Z,EE INMOBILIARIA,eeinmobiliaria.com,,,3955,Velasco Astete,0,unmatched_nexo,true,false,false,false,false,false,Proyecto Nexo sin match medio/alto en la muestra Fase 5 de esta inmobiliaria; no implica ausencia en la web completa.,true,,,
webs_propias_phase6_2026-06-14T20-43-40-390Z,EE INMOBILIARIA,eeinmobiliaria.com,,,3973,Essenza 117,0,unmatched_nexo,true,false,false,false,false,false,Proyecto Nexo sin match medio/alto en la muestra Fase 5 de esta inmobiliaria; no implica ausencia en la web completa.,true,,,
webs_propias_phase6_2026-06-14T20-43-40-390Z,EE INMOBILIARIA,eeinmobiliaria.com,,,3995,Parque Martinelli,0,unmatched_nexo,true,false,false,false,false,false,Proyecto Nexo sin match medio/alto en la muestra Fase 5 de esta inmobiliaria; no implica ausencia en la web completa.,true,,,
webs_propias_phase6_2026-06-14T20-43-40-390Z,EE INMOBILIARIA,eeinmobiliaria.com,,,4004,MONTELIER,0,unmatched_nexo,true,false,false,false,false,false,Proyecto Nexo sin match medio/alto en la muestra Fase 5 de esta inmobiliaria; no implica ausencia en la web completa.,true,,,
webs_propias_phase6_2026-06-14T20-43-40-390Z,EE INMOBILIARIA,eeinmobiliaria.com,,,4035,Oslo Apartments,0,unmatched_nexo,true,false,false,false,false,false,Proyecto Nexo sin match medio/alto en la muestra Fase 5 de esta inmobiliaria; no implica ausencia en la web completa.,true,,,
webs_propias_phase6_2026-06-14T20-43-40-390Z,EE INMOBILIARIA,eeinmobiliaria.com,,,4047,Parque El Rosal 2,0,unmatched_nexo,true,false,false,false,false,false,Proyecto Nexo sin match medio/alto en la muestra Fase 5 de esta inmobiliaria; no implica ausencia en la web completa.,true,,,
webs_propias_phase6_2026-06-14T20-43-40-390Z,EE INMOBILIARIA,eeinmobiliaria.com,,,4085,Parque La Coruña,0,unmatched_nexo,true,false,false,false,false,false,Proyecto Nexo sin match medio/alto en la muestra Fase 5 de esta inmobiliaria; no implica ausencia en la web completa.,true,,,
webs_propias_phase6_2026-06-14T20-43-40-390Z,EE INMOBILIARIA,eeinmobiliaria.com,,,4108,Copenhague,0,unmatched_nexo,true,false,false,false,false,false,Proyecto Nexo sin match medio/alto en la muestra Fase 5 de esta inmobiliaria; no implica ausencia en la web completa.,true,,,
webs_propias_phase6_2026-06-14T20-43-40-390Z,EE INMOBILIARIA,eeinmobiliaria.com,,,4152,Parque Monte Carmelo,0,unmatched_nexo,true,false,false,false,false,false,Proyecto Nexo sin match medio/alto en la muestra Fase 5 de esta inmobiliaria; no implica ausencia en la web completa.,true,,,
webs_propias_phase6_2026-06-14T20-43-40-390Z,EE INMOBILIARIA,eeinmobiliaria.com,,,4160,Hub living,0,unmatched_nexo,true,false,false,false,false,false,Proyecto Nexo sin match medio/alto en la muestra Fase 5 de esta inmobiliaria; no implica ausencia en la web completa.,true,,,
webs_propias_phase6_2026-06-14T20-43-40-390Z,EE INMOBILIARIA,eeinmobiliaria.com,,,4179,Parque Bahamonde,0,unmatched_nexo,true,false,false,false,false,false,Proyecto Nexo sin match medio/alto en la muestra Fase 5 de esta inmobiliaria; no implica ausencia en la web completa.,true,,,
webs_propias_phase6_2026-06-14T20-43-40-390Z,EE INMOBILIARIA,eeinmobiliaria.com,,,4192,Nova Living,0,unmatched_nexo,true,false,false,false,false,false,Proyecto Nexo sin match medio/alto en la muestra Fase 5 de esta inmobiliaria; no implica ausencia en la web completa.,true,,,
webs_propias_phase6_2026-06-14T20-43-40-390Z,EE INMOBILIARIA,eeinmobiliaria.com,,,4201,La Castellana 863,0,unmatched_nexo,true,false,false,false,false,false,Proyecto Nexo sin match medio/alto en la muestra Fase 5 de esta inmobiliaria; no implica ausencia en la web completa.,true,,,
webs_propias_phase6_2026-06-14T20-43-40-390Z,EE INMOBILIARIA,eeinmobiliaria.com,,,4202,Parque Casuarinas,0,unmatched_nexo,true,false,false,false,false,false,Proyecto Nexo sin match medio/alto en la muestra Fase 5 de esta inmobiliaria; no implica ausencia en la web completa.,true,,,
webs_propias_phase6_2026-06-14T20-43-40-390Z,ALBAMAR GRUPO INMOBILIARIO,albamar.com.pe,,,2996,Albamar,0,unmatched_nexo,true,false,false,false,false,false,Proyecto Nexo sin match medio/alto en la muestra Fase 5 de esta inmobiliaria; no implica ausencia en la web completa.,true,,,
webs_propias_phase6_2026-06-14T20-43-40-390Z,ALBAMAR GRUPO INMOBILIARIO,albamar.com.pe,,,3165,Albamar,0,unmatched_nexo,true,false,false,false,false,false,Proyecto Nexo sin match medio/alto en la muestra Fase 5 de esta inmobiliaria; no implica ausencia en la web completa.,true,,,
webs_propias_phase6_2026-06-14T20-43-40-390Z,ALBAMAR GRUPO INMOBILIARIO,albamar.com.pe,,,3250,Albamar,0,unmatched_nexo,true,false,false,false,false,false,Proyecto Nexo sin match medio/alto en la muestra Fase 5 de esta inmobiliaria; no implica ausencia en la web completa.,true,,,
webs_propias_phase6_2026-06-14T20-43-40-390Z,ALBAMAR GRUPO INMOBILIARIO,albamar.com.pe,,,3258,Albamar,0,unmatched_nexo,true,false,false,false,false,false,Proyecto Nexo sin match medio/alto en la muestra Fase 5 de esta inmobiliaria; no implica ausencia en la web completa.,true,,,
webs_propias_phase6_2026-06-14T20-43-40-390Z,ALBAMAR GRUPO INMOBILIARIO,albamar.com.pe,,,3296,Albamar,0,unmatched_nexo,true,false,false,false,false,false,Proyecto Nexo sin match medio/alto en la muestra Fase 5 de esta inmobiliaria; no implica ausencia en la web completa.,true,,,
webs_propias_phase6_2026-06-14T20-43-40-390Z,ALBAMAR GRUPO INMOBILIARIO,albamar.com.pe,,,3385,Albamar,0,unmatched_nexo,true,false,false,false,false,false,Proyecto Nexo sin match medio/alto en la muestra Fase 5 de esta inmobiliaria; no implica ausencia en la web completa.,true,,,
webs_propias_phase6_2026-06-14T20-43-40-390Z,ALBAMAR GRUPO INMOBILIARIO,albamar.com.pe,,,3406,Albamar,0,unmatched_nexo,true,false,false,false,false,false,Proyecto Nexo sin match medio/alto en la muestra Fase 5 de esta inmobiliaria; no implica ausencia en la web completa.,true,,,
webs_propias_phase6_2026-06-14T20-43-40-390Z,ALBAMAR GRUPO INMOBILIARIO,albamar.com.pe,,,3663,Albamar,0,unmatched_nexo,true,false,false,false,false,false,Proyecto Nexo sin match medio/alto en la muestra Fase 5 de esta inmobiliaria; no implica ausencia en la web completa.,true,,,
webs_propias_phase6_2026-06-14T20-43-40-390Z,ALBAMAR GRUPO INMOBILIARIO,albamar.com.pe,,,3683,Albamar,0,unmatched_nexo,true,false,false,false,false,false,Proyecto Nexo sin match medio/alto en la muestra Fase 5 de esta inmobiliaria; no implica ausencia en la web completa.,true,,,
webs_propias_phase6_2026-06-14T20-43-40-390Z,ALBAMAR GRUPO INMOBILIARIO,albamar.com.pe,,,3684,Albamar,0,unmatched_nexo,true,false,false,false,false,false,Proyecto Nexo sin match medio/alto en la muestra Fase 5 de esta inmobiliaria; no implica ausencia en la web completa.,true,,,
webs_propias_phase6_2026-06-14T20-43-40-390Z,ALBAMAR GRUPO INMOBILIARIO,albamar.com.pe,,,3781,Albamar,0,unmatched_nexo,true,false,false,false,false,false,Proyecto Nexo sin match medio/alto en la muestra Fase 5 de esta inmobiliaria; no implica ausencia en la web completa.,true,,,
webs_propias_phase6_2026-06-14T20-43-40-390Z,ALBAMAR GRUPO INMOBILIARIO,albamar.com.pe,,,3953,Albamar,0,unmatched_nexo,true,false,false,false,false,false,Proyecto Nexo sin match medio/alto en la muestra Fase 5 de esta inmobiliaria; no implica ausencia en la web completa.,true,,,
webs_propias_phase6_2026-06-14T20-43-40-390Z,ALBAMAR GRUPO INMOBILIARIO,albamar.com.pe,,,3954,Albamar,0,unmatched_nexo,true,false,false,false,false,false,Proyecto Nexo sin match medio/alto en la muestra Fase 5 de esta inmobiliaria; no implica ausencia en la web completa.,true,,,
webs_propias_phase6_2026-06-14T20-43-40-390Z,ALBAMAR GRUPO INMOBILIARIO,albamar.com.pe,,,4086,Albamar,0,unmatched_nexo,true,false,false,false,false,false,Proyecto Nexo sin match medio/alto en la muestra Fase 5 de esta inmobiliaria; no implica ausencia en la web completa.,true,,,
webs_propias_phase6_2026-06-14T20-43-40-390Z,ALBAMAR GRUPO INMOBILIARIO,albamar.com.pe,,,4088,Albamar,0,unmatched_nexo,true,false,false,false,false,false,Proyecto Nexo sin match medio/alto en la muestra Fase 5 de esta inmobiliaria; no implica ausencia en la web completa.,true,,,
webs_propias_phase6_2026-06-14T20-43-40-390Z,ALBAMAR GRUPO INMOBILIARIO,albamar.com.pe,,,4092,Albamar,0,unmatched_nexo,true,false,false,false,false,false,Proyecto Nexo sin match medio/alto en la muestra Fase 5 de esta inmobiliaria; no implica ausencia en la web completa.,true,,,
webs_propias_phase6_2026-06-14T20-43-40-390Z,V&V GRUPO INMOBILIARIO,vyv.pe,,,2617,PARDO 669,0,unmatched_nexo,true,false,false,false,false,false,Proyecto Nexo sin match medio/alto en la muestra Fase 5 de esta inmobiliaria; no implica ausencia en la web completa.,true,,,
webs_propias_phase6_2026-06-14T20-43-40-390Z,V&V GRUPO INMOBILIARIO,vyv.pe,,,2652,LARCO 791,0,unmatched_nexo,true,false,false,false,false,false,Proyecto Nexo sin match medio/alto en la muestra Fase 5 de esta inmobiliaria; no implica ausencia en la web completa.,true,,,
webs_propias_phase6_2026-06-14T20-43-40-390Z,V&V GRUPO INMOBILIARIO,vyv.pe,,,2745,SALAVERRY 2431,0,unmatched_nexo,true,false,false,false,false,false,Proyecto Nexo sin match medio/alto en la muestra Fase 5 de esta inmobiliaria; no implica ausencia en la web completa.,true,,,
webs_propias_phase6_2026-06-14T20-43-40-390Z,V&V GRUPO INMOBILIARIO,vyv.pe,,,2764,SAN FELIPE 1190,0,unmatched_nexo,true,false,false,false,false,false,Proyecto Nexo sin match medio/alto en la muestra Fase 5 de esta inmobiliaria; no implica ausencia en la web completa.,true,,,
webs_propias_phase6_2026-06-14T20-43-40-390Z,V&V GRUPO INMOBILIARIO,vyv.pe,,,2800,DERBY 182,0,unmatched_nexo,true,false,false,false,false,false,Proyecto Nexo sin match medio/alto en la muestra Fase 5 de esta inmobiliaria; no implica ausencia en la web completa.,true,,,
webs_propias_phase6_2026-06-14T20-43-40-390Z,V&V GRUPO INMOBILIARIO,vyv.pe,,,2819,ALIAGA 750,0,unmatched_nexo,true,false,false,false,false,false,Proyecto Nexo sin match medio/alto en la muestra Fase 5 de esta inmobiliaria; no implica ausencia en la web completa.,true,,,
webs_propias_phase6_2026-06-14T20-43-40-390Z,V&V GRUPO INMOBILIARIO,vyv.pe,,,3318,GAVIOTAS,0,unmatched_nexo,true,false,false,false,false,false,Proyecto Nexo sin match medio/alto en la muestra Fase 5 de esta inmobiliaria; no implica ausencia en la web completa.,true,,,
webs_propias_phase6_2026-06-14T20-43-40-390Z,Val Grupo Inmobiliario,vyv.pe,,,3399,TOP LIFE JUAN DE ALIAGA,0,unmatched_nexo,true,false,false,false,false,false,Proyecto Nexo sin match medio/alto en la muestra Fase 5 de esta inmobiliaria; no implica ausencia en la web completa.,true,,,
webs_propias_phase6_2026-06-14T20-43-40-390Z,V&V GRUPO INMOBILIARIO,vyv.pe,,,3608,VILLARÁN,0,unmatched_nexo,true,false,false,false,false,false,Proyecto Nexo sin match medio/alto en la muestra Fase 5 de esta inmobiliaria; no implica ausencia en la web completa.,true,,,
webs_propias_phase6_2026-06-14T20-43-40-390Z,V&V GRUPO INMOBILIARIO,vyv.pe,,,3637,TORRE GERMANIA,0,unmatched_nexo,true,false,false,false,false,false,Proyecto Nexo sin match medio/alto en la muestra Fase 5 de esta inmobiliaria; no implica ausencia en la web completa.,true,,,
webs_propias_phase6_2026-06-14T20-43-40-390Z,Val Grupo Inmobiliario,vyv.pe,,,3857,Bonavista Condominio,0,unmatched_nexo,true,false,false,false,false,false,Proyecto Nexo sin match medio/alto en la muestra Fase 5 de esta inmobiliaria; no implica ausencia en la web completa.,true,,,
webs_propias_phase6_2026-06-14T20-43-40-390Z,V&V GRUPO INMOBILIARIO,vyv.pe,,,3868,VYVE PIURA,0,unmatched_nexo,true,false,false,false,false,false,Proyecto Nexo sin match medio/alto en la muestra Fase 5 de esta inmobiliaria; no implica ausencia en la web completa.,true,,,
webs_propias_phase6_2026-06-14T20-43-40-390Z,V&V GRUPO INMOBILIARIO,vyv.pe,,,3907,VYVE SULLANA,0,unmatched_nexo,true,false,false,false,false,false,Proyecto Nexo sin match medio/alto en la muestra Fase 5 de esta inmobiliaria; no implica ausencia en la web completa.,true,,,
webs_propias_phase6_2026-06-14T20-43-40-390Z,V&V GRUPO INMOBILIARIO,vyv.pe,,,3913,CATALINA PARK,0,unmatched_nexo,true,false,false,false,false,false,Proyecto Nexo sin match medio/alto en la muestra Fase 5 de esta inmobiliaria; no implica ausencia en la web completa.,true,,,
webs_propias_phase6_2026-06-14T20-43-40-390Z,V&V GRUPO INMOBILIARIO,vyv.pe,,,4105,CASTILLA PARK,0,unmatched_nexo,true,false,false,false,false,false,Proyecto Nexo sin match medio/alto en la muestra Fase 5 de esta inmobiliaria; no implica ausencia en la web completa.,true,,,
webs_propias_phase6_2026-06-14T20-43-40-390Z,V&V GRUPO INMOBILIARIO,vyv.pe,,,4148,TORRE ARICA,0,unmatched_nexo,true,false,false,false,false,false,Proyecto Nexo sin match medio/alto en la muestra Fase 5 de esta inmobiliaria; no implica ausencia en la web completa.,true,,,
webs_propias_phase6_2026-06-14T20-43-40-390Z,GRUPO MG,grupomg.pe,,,1415,VISTA BRASIL - MAGDALENA,0,unmatched_nexo,true,false,false,false,false,false,Proyecto Nexo sin match medio/alto en la muestra Fase 5 de esta inmobiliaria; no implica ausencia en la web completa.,true,,,
webs_propias_phase6_2026-06-14T20-43-40-390Z,GRUPO MG,grupomg.pe,,,1646,LIRI - PUEBLO LIBRE,0,unmatched_nexo,true,false,false,false,false,false,Proyecto Nexo sin match medio/alto en la muestra Fase 5 de esta inmobiliaria; no implica ausencia en la web completa.,true,,,
webs_propias_phase6_2026-06-14T20-43-40-390Z,GRUPO MG,grupomg.pe,,,1866,LOS PINOS III -SANTA BEATRIZ,0,unmatched_nexo,true,false,false,false,false,false,Proyecto Nexo sin match medio/alto en la muestra Fase 5 de esta inmobiliaria; no implica ausencia en la web completa.,true,,,
webs_propias_phase6_2026-06-14T20-43-40-390Z,GRUPO MG,grupomg.pe,,,2115,ALBORADA - SAN MIGUEL,0,unmatched_nexo,true,false,false,false,false,false,Proyecto Nexo sin match medio/alto en la muestra Fase 5 de esta inmobiliaria; no implica ausencia en la web completa.,true,,,
webs_propias_phase6_2026-06-14T20-43-40-390Z,GRUPO MG,grupomg.pe,,,2744,ALBORADA II - SAN MIGUEL,0,unmatched_nexo,true,false,false,false,false,false,Proyecto Nexo sin match medio/alto en la muestra Fase 5 de esta inmobiliaria; no implica ausencia en la web completa.,true,,,
webs_propias_phase6_2026-06-14T20-43-40-390Z,GRUPO MG,grupomg.pe,,,2905,BRAVO - SAN BORJA,0,unmatched_nexo,true,false,false,false,false,false,Proyecto Nexo sin match medio/alto en la muestra Fase 5 de esta inmobiliaria; no implica ausencia en la web completa.,true,,,
webs_propias_phase6_2026-06-14T20-43-40-390Z,GRUPO MG,grupomg.pe,,,3342,ALBORADA III - SAN MIGUEL,0,unmatched_nexo,true,false,false,false,false,false,Proyecto Nexo sin match medio/alto en la muestra Fase 5 de esta inmobiliaria; no implica ausencia en la web completa.,true,,,
webs_propias_phase6_2026-06-14T20-43-40-390Z,GRUPO MG,grupomg.pe,,,3491,CENTRIUM - SANTA BEATRIZ,0,unmatched_nexo,true,false,false,false,false,false,Proyecto Nexo sin match medio/alto en la muestra Fase 5 de esta inmobiliaria; no implica ausencia en la web completa.,true,,,
webs_propias_phase6_2026-06-14T20-43-40-390Z,GRUPO MG,grupomg.pe,,,3538,DULANTO - PUEBLO LIBRE,0,unmatched_nexo,true,false,false,false,false,false,Proyecto Nexo sin match medio/alto en la muestra Fase 5 de esta inmobiliaria; no implica ausencia en la web completa.,true,,,
webs_propias_phase6_2026-06-14T20-43-40-390Z,GRUPO MG,grupomg.pe,,,3668,FORESTA - SAN BORJA,0,unmatched_nexo,true,false,false,false,false,false,Proyecto Nexo sin match medio/alto en la muestra Fase 5 de esta inmobiliaria; no implica ausencia en la web completa.,true,,,
webs_propias_phase6_2026-06-14T20-43-40-390Z,GRUPO MG,grupomg.pe,,,3796,LUMA - SAN MIGUEL,0,unmatched_nexo,true,false,false,false,false,false,Proyecto Nexo sin match medio/alto en la muestra Fase 5 de esta inmobiliaria; no implica ausencia en la web completa.,true,,,
webs_propias_phase6_2026-06-14T20-43-40-390Z,GRUPO MG,grupomg.pe,,,4053,DANAUS - SURQUILLO,0,unmatched_nexo,true,false,false,false,false,false,Proyecto Nexo sin match medio/alto en la muestra Fase 5 de esta inmobiliaria; no implica ausencia en la web completa.,true,,,
webs_propias_phase6_2026-06-14T20-43-40-390Z,GRUPO T&C,grupotyc.com,,,1488,IQ SURCO OFICINAS,0,unmatched_nexo,true,false,false,false,false,false,Proyecto Nexo sin match medio/alto en la muestra Fase 5 de esta inmobiliaria; no implica ausencia en la web completa.,true,,,
webs_propias_phase6_2026-06-14T20-43-40-390Z,GRUPO T&C,grupotyc.com,,,1631,ASPIRIA,0,unmatched_nexo,true,false,false,false,false,false,Proyecto Nexo sin match medio/alto en la muestra Fase 5 de esta inmobiliaria; no implica ausencia en la web completa.,true,,,
webs_propias_phase6_2026-06-14T20-43-40-390Z,GRUPO T&C,grupotyc.com,,,1914,NIUS,0,unmatched_nexo,true,false,false,false,false,false,Proyecto Nexo sin match medio/alto en la muestra Fase 5 de esta inmobiliaria; no implica ausencia en la web completa.,true,,,
webs_propias_phase6_2026-06-14T20-43-40-390Z,GRUPO T&C,grupotyc.com,,,2192,Tree San Isidro,0,unmatched_nexo,true,false,false,false,false,false,Proyecto Nexo sin match medio/alto en la muestra Fase 5 de esta inmobiliaria; no implica ausencia en la web completa.,true,,,
webs_propias_phase6_2026-06-14T20-43-40-390Z,GRUPO T&C,grupotyc.com,,,2661,PALM LIVING,0,unmatched_nexo,true,false,false,false,false,false,Proyecto Nexo sin match medio/alto en la muestra Fase 5 de esta inmobiliaria; no implica ausencia en la web completa.,true,,,
webs_propias_phase6_2026-06-14T20-43-40-390Z,GRUPO T&C,grupotyc.com,,,2951,PARDO COAST,0,unmatched_nexo,true,false,false,false,false,false,Proyecto Nexo sin match medio/alto en la muestra Fase 5 de esta inmobiliaria; no implica ausencia en la web completa.,true,,,
webs_propias_phase6_2026-06-14T20-43-40-390Z,GRUPO T&C,grupotyc.com,,,3030,LOOK&FEEL - Etapa 2,0,unmatched_nexo,true,false,false,false,false,false,Proyecto Nexo sin match medio/alto en la muestra Fase 5 de esta inmobiliaria; no implica ausencia en la web completa.,true,,,
webs_propias_phase6_2026-06-14T20-43-40-390Z,GRUPO T&C,grupotyc.com,,,3323,ARAMBURU LIVING,0,unmatched_nexo,true,false,false,false,false,false,Proyecto Nexo sin match medio/alto en la muestra Fase 5 de esta inmobiliaria; no implica ausencia en la web completa.,true,,,
webs_propias_phase6_2026-06-14T20-43-40-390Z,GRUPO T&C,grupotyc.com,,,3469,Mural Lince,0,unmatched_nexo,true,false,false,false,false,false,Proyecto Nexo sin match medio/alto en la muestra Fase 5 de esta inmobiliaria; no implica ausencia en la web completa.,true,,,
webs_propias_phase6_2026-06-14T20-43-40-390Z,GRUPO T&C,grupotyc.com,,,3470,Catalina Sky,0,unmatched_nexo,true,false,false,false,false,false,Proyecto Nexo sin match medio/alto en la muestra Fase 5 de esta inmobiliaria; no implica ausencia en la web completa.,true,,,
webs_propias_phase6_2026-06-14T20-43-40-390Z,GRUPO T&C,grupotyc.com,,,3805,HUB ENCALADA,0,unmatched_nexo,true,false,false,false,false,false,Proyecto Nexo sin match medio/alto en la muestra Fase 5 de esta inmobiliaria; no implica ausencia en la web completa.,true,,,
webs_propias_phase6_2026-06-14T20-43-40-390Z,GRUPO T&C,grupotyc.com,,,3892,Costanova,0,unmatched_nexo,true,false,false,false,false,false,Proyecto Nexo sin match medio/alto en la muestra Fase 5 de esta inmobiliaria; no implica ausencia en la web completa.,true,,,
webs_propias_phase6_2026-06-14T20-43-40-390Z,GRUPO T&C,grupotyc.com,,,3975,THE SUMMIT,0,unmatched_nexo,true,false,false,false,false,false,Proyecto Nexo sin match medio/alto en la muestra Fase 5 de esta inmobiliaria; no implica ausencia en la web completa.,true,,,
webs_propias_phase6_2026-06-14T20-43-40-390Z,GRUPO T&C,grupotyc.com,,,4048,PRADO HARMONY,0,unmatched_nexo,true,false,false,false,false,false,Proyecto Nexo sin match medio/alto en la muestra Fase 5 de esta inmobiliaria; no implica ausencia en la web completa.,true,,,
webs_propias_phase6_2026-06-14T20-43-40-390Z,HL DESARROLLOS INMOBILIARIOS,hldi.pe,,,2671,SQ Work & Living Apartments,0,unmatched_nexo,true,false,false,false,false,false,Proyecto Nexo sin match medio/alto en la muestra Fase 5 de esta inmobiliaria; no implica ausencia en la web completa.,true,,,
webs_propias_phase6_2026-06-14T20-43-40-390Z,HL DESARROLLOS INMOBILIARIOS,hldi.pe,,,2796,Family Apartments,0,unmatched_nexo,true,false,false,false,false,false,Proyecto Nexo sin match medio/alto en la muestra Fase 5 de esta inmobiliaria; no implica ausencia en la web completa.,true,,,
webs_propias_phase6_2026-06-14T20-43-40-390Z,HL DESARROLLOS INMOBILIARIOS,hldi.pe,,,2990,Friendz 2,0,unmatched_nexo,true,false,false,false,false,false,Proyecto Nexo sin match medio/alto en la muestra Fase 5 de esta inmobiliaria; no implica ausencia en la web completa.,true,,,
webs_propias_phase6_2026-06-14T20-43-40-390Z,HL DESARROLLOS INMOBILIARIOS,hldi.pe,,,3004,MF Work & Living Apartments,0,unmatched_nexo,true,false,false,false,false,false,Proyecto Nexo sin match medio/alto en la muestra Fase 5 de esta inmobiliaria; no implica ausencia en la web completa.,true,,,
webs_propias_phase6_2026-06-14T20-43-40-390Z,HL DESARROLLOS INMOBILIARIOS,hldi.pe,,,3687,Millennium Magdalena,0,unmatched_nexo,true,false,false,false,false,false,Proyecto Nexo sin match medio/alto en la muestra Fase 5 de esta inmobiliaria; no implica ausencia en la web completa.,true,,,
webs_propias_phase6_2026-06-14T20-43-40-390Z,HL DESARROLLOS INMOBILIARIOS,hldi.pe,,,3909,Malena Family Apartments,0,unmatched_nexo,true,false,false,false,false,false,Proyecto Nexo sin match medio/alto en la muestra Fase 5 de esta inmobiliaria; no implica ausencia en la web completa.,true,,,
webs_propias_phase6_2026-06-14T20-43-40-390Z,HL DESARROLLOS INMOBILIARIOS,hldi.pe,,,4128,Urban Mood Apartments,0,unmatched_nexo,true,false,false,false,false,false,Proyecto Nexo sin match medio/alto en la muestra Fase 5 de esta inmobiliaria; no implica ausencia en la web completa.,true,,,
webs_propias_phase6_2026-06-14T20-43-40-390Z,HL DESARROLLOS INMOBILIARIOS,hldi.pe,,,4149,LLUMS FAMILY STYLE,0,unmatched_nexo,true,false,false,false,false,false,Proyecto Nexo sin match medio/alto en la muestra Fase 5 de esta inmobiliaria; no implica ausencia en la web completa.,true,,,
webs_propias_phase6_2026-06-14T20-43-40-390Z,HL DESARROLLOS INMOBILIARIOS,hldi.pe,,,4230,SQ2 Work & Living Apartments,0,unmatched_nexo,true,false,false,false,false,false,Proyecto Nexo sin match medio/alto en la muestra Fase 5 de esta inmobiliaria; no implica ausencia en la web completa.,true,,,
webs_propias_phase6_2026-06-14T20-43-40-390Z,REYNA INMOBILIARIA,reynainmobiliaria.pe,,,3175,Caserta,0,unmatched_nexo,true,false,false,false,false,false,Proyecto Nexo sin match medio/alto en la muestra Fase 5 de esta inmobiliaria; no implica ausencia en la web completa.,true,,,
webs_propias_phase6_2026-06-14T20-43-40-390Z,REYNA INMOBILIARIA,reynainmobiliaria.pe,,,3235,AKO,0,unmatched_nexo,true,false,false,false,false,false,Proyecto Nexo sin match medio/alto en la muestra Fase 5 de esta inmobiliaria; no implica ausencia en la web completa.,true,,,
webs_propias_phase6_2026-06-14T20-43-40-390Z,REYNA INMOBILIARIA,reynainmobiliaria.pe,,,3739,BRAN,0,unmatched_nexo,true,false,false,false,false,false,Proyecto Nexo sin match medio/alto en la muestra Fase 5 de esta inmobiliaria; no implica ausencia en la web completa.,true,,,
webs_propias_phase6_2026-06-14T20-43-40-390Z,REYNA INMOBILIARIA,reynainmobiliaria.pe,,,3818,NAÄRA,0,unmatched_nexo,true,false,false,false,false,false,Proyecto Nexo sin match medio/alto en la muestra Fase 5 de esta inmobiliaria; no implica ausencia en la web completa.,true,,,
webs_propias_phase6_2026-06-14T20-43-40-390Z,REYNA INMOBILIARIA,reynainmobiliaria.pe,,,4119,Salina,0,unmatched_nexo,true,false,false,false,false,false,Proyecto Nexo sin match medio/alto en la muestra Fase 5 de esta inmobiliaria; no implica ausencia en la web completa.,true,,,
webs_propias_phase6_2026-06-14T20-43-40-390Z,REYNA INMOBILIARIA,reynainmobiliaria.pe,,,4120,Amber Park,0,unmatched_nexo,true,false,false,false,false,false,Proyecto Nexo sin match medio/alto en la muestra Fase 5 de esta inmobiliaria; no implica ausencia en la web completa.,true,,,
webs_propias_phase6_2026-06-14T20-43-40-390Z,REYNA INMOBILIARIA,reynainmobiliaria.pe,,,4197,KAI,0,unmatched_nexo,true,false,false,false,false,false,Proyecto Nexo sin match medio/alto en la muestra Fase 5 de esta inmobiliaria; no implica ausencia en la web completa.,true,,,
webs_propias_phase6_2026-06-14T20-43-40-390Z,REYNA INMOBILIARIA,reynainmobiliaria.pe,,,4219,Glorieta,0,unmatched_nexo,true,false,false,false,false,false,Proyecto Nexo sin match medio/alto en la muestra Fase 5 de esta inmobiliaria; no implica ausencia en la web completa.,true,,,
webs_propias_phase6_2026-06-14T20-43-40-390Z,COSAPI,cosapiinmobiliaria.com.pe,,,1918,MUVIN,0,unmatched_nexo,true,false,false,false,false,false,Proyecto Nexo sin match medio/alto en la muestra Fase 5 de esta inmobiliaria; no implica ausencia en la web completa.,true,,,
webs_propias_phase6_2026-06-14T20-43-40-390Z,COSAPI,cosapiinmobiliaria.com.pe,,,2436,ATIVA FASE 1,0,unmatched_nexo,true,false,false,false,false,false,Proyecto Nexo sin match medio/alto en la muestra Fase 5 de esta inmobiliaria; no implica ausencia en la web completa.,true,,,
webs_propias_phase6_2026-06-14T20-43-40-390Z,COSAPI,cosapiinmobiliaria.com.pe,,,2837,MOMEN,0,unmatched_nexo,true,false,false,false,false,false,Proyecto Nexo sin match medio/alto en la muestra Fase 5 de esta inmobiliaria; no implica ausencia en la web completa.,true,,,
webs_propias_phase6_2026-06-14T20-43-40-390Z,COSAPI,cosapiinmobiliaria.com.pe,,,3029,MIDGO,0,unmatched_nexo,true,false,false,false,false,false,Proyecto Nexo sin match medio/alto en la muestra Fase 5 de esta inmobiliaria; no implica ausencia en la web completa.,true,,,
webs_propias_phase6_2026-06-14T20-43-40-390Z,COSAPI,cosapiinmobiliaria.com.pe,,,3222,ATIVA FASE 2,0,unmatched_nexo,true,false,false,false,false,false,Proyecto Nexo sin match medio/alto en la muestra Fase 5 de esta inmobiliaria; no implica ausencia en la web completa.,true,,,
webs_propias_phase6_2026-06-14T20-43-40-390Z,COSAPI,cosapiinmobiliaria.com.pe,,,4125,ATIVA FASE 3,0,unmatched_nexo,true,false,false,false,false,false,Proyecto Nexo sin match medio/alto en la muestra Fase 5 de esta inmobiliaria; no implica ausencia en la web completa.,true,,,
webs_propias_phase6_2026-06-14T20-43-40-390Z,GRUPO TyC,grupotyc.com,,,2504,VARELA LIVING,0,unmatched_nexo,true,false,false,false,false,false,Proyecto Nexo sin match medio/alto en la muestra Fase 5 de esta inmobiliaria; no implica ausencia en la web completa.,true,,,
webs_propias_phase6_2026-06-14T20-43-40-390Z,GRUPO TyC,grupotyc.com,,,2560,NOSSA,0,unmatched_nexo,true,false,false,false,false,false,Proyecto Nexo sin match medio/alto en la muestra Fase 5 de esta inmobiliaria; no implica ausencia en la web completa.,true,,,
webs_propias_phase6_2026-06-14T20-43-40-390Z,GRUPO TyC,grupotyc.com,,,2587,Bertolotto - Etapa III,0,unmatched_nexo,true,false,false,false,false,false,Proyecto Nexo sin match medio/alto en la muestra Fase 5 de esta inmobiliaria; no implica ausencia en la web completa.,true,,,
webs_propias_phase6_2026-06-14T20-43-40-390Z,GRUPO TyC,grupotyc.com,,,2588,MANDRA,0,unmatched_nexo,true,false,false,false,false,false,Proyecto Nexo sin match medio/alto en la muestra Fase 5 de esta inmobiliaria; no implica ausencia en la web completa.,true,,,
webs_propias_phase6_2026-06-14T20-43-40-390Z,GRUPO TyC,grupotyc.com,,,2665,Bertolotto - Etapa IV,0,unmatched_nexo,true,false,false,false,false,false,Proyecto Nexo sin match medio/alto en la muestra Fase 5 de esta inmobiliaria; no implica ausencia en la web completa.,true,,,
webs_propias_phase6_2026-06-14T20-43-40-390Z,GRUPO TyC,grupotyc.com,,,3363,SLIM,0,unmatched_nexo,true,false,false,false,false,false,Proyecto Nexo sin match medio/alto en la muestra Fase 5 de esta inmobiliaria; no implica ausencia en la web completa.,true,,,
webs_propias_phase6_2026-06-14T20-43-40-390Z,GRUPO TyC,grupotyc.com,,,4142,SKY HOUSE,0,unmatched_nexo,true,false,false,false,false,false,Proyecto Nexo sin match medio/alto en la muestra Fase 5 de esta inmobiliaria; no implica ausencia en la web completa.,true,,,
webs_propias_phase6_2026-06-14T20-43-40-390Z,GRUPO SOL,gruposol.com.pe,,,2384,GREEN VIEW,0,unmatched_nexo,true,false,false,false,false,false,Proyecto Nexo sin match medio/alto en la muestra Fase 5 de esta inmobiliaria; no implica ausencia en la web completa.,true,,,
webs_propias_phase6_2026-06-14T20-43-40-390Z,GRUPO SOL,gruposol.com.pe,,,2763,Belisario 967,0,unmatched_nexo,true,false,false,false,false,false,Proyecto Nexo sin match medio/alto en la muestra Fase 5 de esta inmobiliaria; no implica ausencia en la web completa.,true,,,
webs_propias_phase6_2026-06-14T20-43-40-390Z,GRUPO SOL,gruposol.com.pe,,,3223,PASEO JAZMINES,0,unmatched_nexo,true,false,false,false,false,false,Proyecto Nexo sin match medio/alto en la muestra Fase 5 de esta inmobiliaria; no implica ausencia en la web completa.,true,,,
webs_propias_phase6_2026-06-14T20-43-40-390Z,GRUPO SOL,gruposol.com.pe,,,3311,HOMELY,0,unmatched_nexo,true,false,false,false,false,false,Proyecto Nexo sin match medio/alto en la muestra Fase 5 de esta inmobiliaria; no implica ausencia en la web completa.,true,,,
webs_propias_phase6_2026-06-14T20-43-40-390Z,GRUPO SOL,gruposol.com.pe,,,3677,Beli 465,0,unmatched_nexo,true,false,false,false,false,false,Proyecto Nexo sin match medio/alto en la muestra Fase 5 de esta inmobiliaria; no implica ausencia en la web completa.,true,,,
webs_propias_phase6_2026-06-14T20-43-40-390Z,GRUPO SOL,gruposol.com.pe,,,3802,VIVE OLIVAR,0,unmatched_nexo,true,false,false,false,false,false,Proyecto Nexo sin match medio/alto en la muestra Fase 5 de esta inmobiliaria; no implica ausencia en la web completa.,true,,,
webs_propias_phase6_2026-06-14T20-43-40-390Z,MADRID INMOBILIARIA,madridinmobiliaria.pe,,,3257,Central Site,0,unmatched_nexo,true,false,false,false,false,false,Proyecto Nexo sin match medio/alto en la muestra Fase 5 de esta inmobiliaria; no implica ausencia en la web completa.,true,,,
webs_propias_phase6_2026-06-14T20-43-40-390Z,MADRID INMOBILIARIA,madridinmobiliaria.pe,,,3331,High Life,0,unmatched_nexo,true,false,false,false,false,false,Proyecto Nexo sin match medio/alto en la muestra Fase 5 de esta inmobiliaria; no implica ausencia en la web completa.,true,,,
webs_propias_phase6_2026-06-14T20-43-40-390Z,MADRID INMOBILIARIA,madridinmobiliaria.pe,,,3405,Serenity,0,unmatched_nexo,true,false,false,false,false,false,Proyecto Nexo sin match medio/alto en la muestra Fase 5 de esta inmobiliaria; no implica ausencia en la web completa.,true,,,
webs_propias_phase6_2026-06-14T20-43-40-390Z,MADRID INMOBILIARIA,madridinmobiliaria.pe,,,3647,Movento,0,unmatched_nexo,true,false,false,false,false,false,Proyecto Nexo sin match medio/alto en la muestra Fase 5 de esta inmobiliaria; no implica ausencia en la web completa.,true,,,
webs_propias_phase6_2026-06-14T20-43-40-390Z,MADRID INMOBILIARIA,madridinmobiliaria.pe,,,3816,Mareia,0,unmatched_nexo,true,false,false,false,false,false,Proyecto Nexo sin match medio/alto en la muestra Fase 5 de esta inmobiliaria; no implica ausencia en la web completa.,true,,,
webs_propias_phase6_2026-06-14T20-43-40-390Z,MADRID INMOBILIARIA,madridinmobiliaria.pe,,,3836,Altivé,0,unmatched_nexo,true,false,false,false,false,false,Proyecto Nexo sin match medio/alto en la muestra Fase 5 de esta inmobiliaria; no implica ausencia en la web completa.,true,,,
webs_propias_phase6_2026-06-14T20-43-40-390Z,MADRID INMOBILIARIA,madridinmobiliaria.pe,,,3985,Stellia,0,unmatched_nexo,true,false,false,false,false,false,Proyecto Nexo sin match medio/alto en la muestra Fase 5 de esta inmobiliaria; no implica ausencia en la web completa.,true,,,
webs_propias_phase6_2026-06-14T20-43-40-390Z,MADRID INMOBILIARIA,madridinmobiliaria.pe,,,4212,Alvia,0,unmatched_nexo,true,false,false,false,false,false,Proyecto Nexo sin match medio/alto en la muestra Fase 5 de esta inmobiliaria; no implica ausencia en la web completa.,true,,,
webs_propias_phase6_2026-06-14T20-43-40-390Z,ACTUAL,actual.pe,,,1988,Arequipa,0,unmatched_nexo,true,false,false,false,false,false,Proyecto Nexo sin match medio/alto en la muestra Fase 5 de esta inmobiliaria; no implica ausencia en la web completa.,true,,,
webs_propias_phase6_2026-06-14T20-43-40-390Z,ACTUAL,actual.pe,,,2774,Faisanes 343,0,unmatched_nexo,true,false,false,false,false,false,Proyecto Nexo sin match medio/alto en la muestra Fase 5 de esta inmobiliaria; no implica ausencia en la web completa.,true,,,
webs_propias_phase6_2026-06-14T20-43-40-390Z,ACTUAL,actual.pe,,,3060,San Felipe,0,unmatched_nexo,true,false,false,false,false,false,Proyecto Nexo sin match medio/alto en la muestra Fase 5 de esta inmobiliaria; no implica ausencia en la web completa.,true,,,
webs_propias_phase6_2026-06-14T20-43-40-390Z,ACTUAL,actual.pe,,,3434,Faisanes III,0,unmatched_nexo,true,false,false,false,false,false,Proyecto Nexo sin match medio/alto en la muestra Fase 5 de esta inmobiliaria; no implica ausencia en la web completa.,true,,,
webs_propias_phase6_2026-06-14T20-43-40-390Z,INMGENIO,inmgenio.pe,,,3496,Ingreen,0,unmatched_nexo,true,false,false,false,false,false,Proyecto Nexo sin match medio/alto en la muestra Fase 5 de esta inmobiliaria; no implica ausencia en la web completa.,true,,,
webs_propias_phase6_2026-06-14T20-43-40-390Z,INMGENIO,inmgenio.pe,,,3551,Antonia,0,unmatched_nexo,true,false,false,false,false,false,Proyecto Nexo sin match medio/alto en la muestra Fase 5 de esta inmobiliaria; no implica ausencia en la web completa.,true,,,
webs_propias_phase6_2026-06-14T20-43-40-390Z,INMGENIO,inmgenio.pe,,,3744,RAFAEL,0,unmatched_nexo,true,false,false,false,false,false,Proyecto Nexo sin match medio/alto en la muestra Fase 5 de esta inmobiliaria; no implica ausencia en la web completa.,true,,,
webs_propias_phase6_2026-06-14T20-43-40-390Z,INMGENIO,inmgenio.pe,,,3951,ANDALUCIA,0,unmatched_nexo,true,false,false,false,false,false,Proyecto Nexo sin match medio/alto en la muestra Fase 5 de esta inmobiliaria; no implica ausencia en la web completa.,true,,,
webs_propias_phase6_2026-06-14T20-43-40-390Z,INMGENIO,inmgenio.pe,,,4046,ALONSO,0,unmatched_nexo,true,false,false,false,false,false,Proyecto Nexo sin match medio/alto en la muestra Fase 5 de esta inmobiliaria; no implica ausencia en la web completa.,true,,,
webs_propias_phase6_2026-06-14T20-43-40-390Z,INMGENIO,inmgenio.pe,,,4158,GRETA,0,unmatched_nexo,true,false,false,false,false,false,Proyecto Nexo sin match medio/alto en la muestra Fase 5 de esta inmobiliaria; no implica ausencia en la web completa.,true,,,
webs_propias_phase6_2026-06-14T20-43-40-390Z,GRV CORPORATIVA,grvcorp.com,,,3073,CASTILLO DE ARENA - CONDOMINIO CLUB DE PLAYA,0,unmatched_nexo,true,false,false,false,false,false,Proyecto Nexo sin match medio/alto en la muestra Fase 5 de esta inmobiliaria; no implica ausencia en la web completa.,true,,,
webs_propias_phase6_2026-06-14T20-43-40-390Z,GRV CORPORATIVA,grvcorp.com,,,3074,CASTILLO DE MAR - CONDOMINIO CLUB DE PLAYA,0,unmatched_nexo,true,false,false,false,false,false,Proyecto Nexo sin match medio/alto en la muestra Fase 5 de esta inmobiliaria; no implica ausencia en la web completa.,true,,,
webs_propias_phase6_2026-06-14T20-43-40-390Z,GRV CORPORATIVA,grvcorp.com,,,3284,SOLARA,0,unmatched_nexo,true,false,false,false,false,false,Proyecto Nexo sin match medio/alto en la muestra Fase 5 de esta inmobiliaria; no implica ausencia en la web completa.,true,,,
webs_propias_phase6_2026-06-14T20-43-40-390Z,GRV CORPORATIVA,grvcorp.com,,,3614,HUAYRONA,0,unmatched_nexo,true,false,false,false,false,false,Proyecto Nexo sin match medio/alto en la muestra Fase 5 de esta inmobiliaria; no implica ausencia en la web completa.,true,,,
webs_propias_phase6_2026-06-14T20-43-40-390Z,GRV CORPORATIVA,grvcorp.com,,,3617,BAIONA,0,unmatched_nexo,true,false,false,false,false,false,Proyecto Nexo sin match medio/alto en la muestra Fase 5 de esta inmobiliaria; no implica ausencia en la web completa.,true,,,
webs_propias_phase6_2026-06-14T20-43-40-390Z,GRV CORPORATIVA,grvcorp.com,,,4050,Tiziano 335,0,unmatched_nexo,true,false,false,false,false,false,Proyecto Nexo sin match medio/alto en la muestra Fase 5 de esta inmobiliaria; no implica ausencia en la web completa.,true,,,
webs_propias_phase6_2026-06-14T20-43-40-390Z,CONSTRUCTORA INARCO,inarco.com.pe,,,2079,MAZ - Etapa 1,0,unmatched_nexo,true,false,false,false,false,false,Proyecto Nexo sin match medio/alto en la muestra Fase 5 de esta inmobiliaria; no implica ausencia en la web completa.,true,,,
webs_propias_phase6_2026-06-14T20-43-40-390Z,CONSTRUCTORA INARCO,inarco.com.pe,,,2490,SONHOS,0,unmatched_nexo,true,false,false,false,false,false,Proyecto Nexo sin match medio/alto en la muestra Fase 5 de esta inmobiliaria; no implica ausencia en la web completa.,true,,,
webs_propias_phase6_2026-06-14T20-43-40-390Z,CONSTRUCTORA INARCO,inarco.com.pe,,,2570,HENKO,0,unmatched_nexo,true,false,false,false,false,false,Proyecto Nexo sin match medio/alto en la muestra Fase 5 de esta inmobiliaria; no implica ausencia en la web completa.,true,,,
webs_propias_phase6_2026-06-14T20-43-40-390Z,CONSTRUCTORA INARCO,inarco.com.pe,,,3582,Saranti,0,unmatched_nexo,true,false,false,false,false,false,Proyecto Nexo sin match medio/alto en la muestra Fase 5 de esta inmobiliaria; no implica ausencia en la web completa.,true,,,
webs_propias_phase6_2026-06-14T20-43-40-390Z,CONSTRUCTORA INARCO,inarco.com.pe,,,3585,Nuvo,0,unmatched_nexo,true,false,false,false,false,false,Proyecto Nexo sin match medio/alto en la muestra Fase 5 de esta inmobiliaria; no implica ausencia en la web completa.,true,,,
webs_propias_phase6_2026-06-14T20-43-40-390Z,CONSTRUCTORA INARCO,inarco.com.pe,,,3587,MAZ Etapa 2,0,unmatched_nexo,true,false,false,false,false,false,Proyecto Nexo sin match medio/alto en la muestra Fase 5 de esta inmobiliaria; no implica ausencia en la web completa.,true,,,
webs_propias_phase6_2026-06-14T20-43-40-390Z,LUGANO,luganosac.com,,,3233,ARBORA,0,unmatched_nexo,true,false,false,false,false,false,Proyecto Nexo sin match medio/alto en la muestra Fase 5 de esta inmobiliaria; no implica ausencia en la web completa.,true,,,
webs_propias_phase6_2026-06-14T20-43-40-390Z,LUGANO,luganosac.com,,,3362,EDIFICIO BLEND,0,unmatched_nexo,true,false,false,false,false,false,Proyecto Nexo sin match medio/alto en la muestra Fase 5 de esta inmobiliaria; no implica ausencia en la web completa.,true,,,
webs_propias_phase6_2026-06-14T20-43-40-390Z,LUGANO,luganosac.com,,,3386,ZENNA,0,unmatched_nexo,true,false,false,false,false,false,Proyecto Nexo sin match medio/alto en la muestra Fase 5 de esta inmobiliaria; no implica ausencia en la web completa.,true,,,
webs_propias_phase6_2026-06-14T20-43-40-390Z,LUGANO,luganosac.com,,,3503,LUNA,0,unmatched_nexo,true,false,false,false,false,false,Proyecto Nexo sin match medio/alto en la muestra Fase 5 de esta inmobiliaria; no implica ausencia en la web completa.,true,,,
webs_propias_phase6_2026-06-14T20-43-40-390Z,LUGANO,luganosac.com,,,3686,EL OLIVAR,0,unmatched_nexo,true,false,false,false,false,false,Proyecto Nexo sin match medio/alto en la muestra Fase 5 de esta inmobiliaria; no implica ausencia en la web completa.,true,,,
webs_propias_phase6_2026-06-14T20-43-40-390Z,GDC INMOBILIARIA,gdcinmobiliaria.pe,,,2229,Park San Miguel,0,unmatched_nexo,true,false,false,false,false,false,Proyecto Nexo sin match medio/alto en la muestra Fase 5 de esta inmobiliaria; no implica ausencia en la web completa.,true,,,
webs_propias_phase6_2026-06-14T20-43-40-390Z,GDC INMOBILIARIA,gdcinmobiliaria.pe,,,2775,Park Prado,0,unmatched_nexo,true,false,false,false,false,false,Proyecto Nexo sin match medio/alto en la muestra Fase 5 de esta inmobiliaria; no implica ausencia en la web completa.,true,,,
webs_propias_phase6_2026-06-14T20-43-40-390Z,GDC INMOBILIARIA,gdcinmobiliaria.pe,,,3171,Único Magdalena,0,unmatched_nexo,true,false,false,false,false,false,Proyecto Nexo sin match medio/alto en la muestra Fase 5 de esta inmobiliaria; no implica ausencia en la web completa.,true,,,
webs_propias_phase6_2026-06-14T20-43-40-390Z,GDC INMOBILIARIA,gdcinmobiliaria.pe,,,3591,Casa del Parque,0,unmatched_nexo,true,false,false,false,false,false,Proyecto Nexo sin match medio/alto en la muestra Fase 5 de esta inmobiliaria; no implica ausencia en la web completa.,true,,,
webs_propias_phase6_2026-06-14T20-43-40-390Z,AURORA GRUPO INMOBILIARIO,grupoaurora.pe,,,3206,Parque Córdova 2,0,unmatched_nexo,true,false,false,false,false,false,Proyecto Nexo sin match medio/alto en la muestra Fase 5 de esta inmobiliaria; no implica ausencia en la web completa.,true,,,
webs_propias_phase6_2026-06-14T20-43-40-390Z,AURORA GRUPO INMOBILIARIO,grupoaurora.pe,,,3337,Vanderghen 400,0,unmatched_nexo,true,false,false,false,false,false,Proyecto Nexo sin match medio/alto en la muestra Fase 5 de esta inmobiliaria; no implica ausencia en la web completa.,true,,,
webs_propias_phase6_2026-06-14T20-43-40-390Z,AURORA GRUPO INMOBILIARIO,grupoaurora.pe,,,3518,Vasco Núñez 141,0,unmatched_nexo,true,false,false,false,false,false,Proyecto Nexo sin match medio/alto en la muestra Fase 5 de esta inmobiliaria; no implica ausencia en la web completa.,true,,,
webs_propias_phase6_2026-06-14T20-43-40-390Z,AURORA GRUPO INMOBILIARIO,grupoaurora.pe,,,4196,Merino 190,0,unmatched_nexo,true,false,false,false,false,false,Proyecto Nexo sin match medio/alto en la muestra Fase 5 de esta inmobiliaria; no implica ausencia en la web completa.,true,,,
webs_propias_phase6_2026-06-14T20-43-40-390Z,AURORA GRUPO INMOBILIARIO,grupoaurora.pe,,,4222,San Fernando 455,0,unmatched_nexo,true,false,false,false,false,false,Proyecto Nexo sin match medio/alto en la muestra Fase 5 de esta inmobiliaria; no implica ausencia en la web completa.,true,,,
webs_propias_phase6_2026-06-14T20-43-40-390Z,CANTABRIA,inmobiliariacantabria.com,,,2888,DUETTO 846 - FASE II,0,unmatched_nexo,true,false,false,false,false,false,Proyecto Nexo sin match medio/alto en la muestra Fase 5 de esta inmobiliaria; no implica ausencia en la web completa.,true,,,
webs_propias_phase6_2026-06-14T20-43-40-390Z,CANTABRIA,inmobiliariacantabria.com,,,2957,LUUP,0,unmatched_nexo,true,false,false,false,false,false,Proyecto Nexo sin match medio/alto en la muestra Fase 5 de esta inmobiliaria; no implica ausencia en la web completa.,true,,,
webs_propias_phase6_2026-06-14T20-43-40-390Z,CANTABRIA,inmobiliariacantabria.com,,,3672,LUMO,0,unmatched_nexo,true,false,false,false,false,false,Proyecto Nexo sin match medio/alto en la muestra Fase 5 de esta inmobiliaria; no implica ausencia en la web completa.,true,,,
webs_propias_phase6_2026-06-14T20-43-40-390Z,FRONTERA,frontera.pe,,,3547,Pardo 1453,0,unmatched_nexo,true,false,false,false,false,false,Proyecto Nexo sin match medio/alto en la muestra Fase 5 de esta inmobiliaria; no implica ausencia en la web completa.,true,,,
webs_propias_phase6_2026-06-14T20-43-40-390Z,FRONTERA,frontera.pe,,,3555,Olaya 535,0,unmatched_nexo,true,false,false,false,false,false,Proyecto Nexo sin match medio/alto en la muestra Fase 5 de esta inmobiliaria; no implica ausencia en la web completa.,true,,,
webs_propias_phase6_2026-06-14T20-43-40-390Z,FRONTERA,frontera.pe,,,3557,Malecón Costa Sur 658,0,unmatched_nexo,true,false,false,false,false,false,Proyecto Nexo sin match medio/alto en la muestra Fase 5 de esta inmobiliaria; no implica ausencia en la web completa.,true,,,
webs_propias_phase6_2026-06-14T20-43-40-390Z,FRONTERA,frontera.pe,,,4090,Marsano 2669,0,unmatched_nexo,true,false,false,false,false,false,Proyecto Nexo sin match medio/alto en la muestra Fase 5 de esta inmobiliaria; no implica ausencia en la web completa.,true,,,
webs_propias_phase6_2026-06-14T20-43-40-390Z,SEMBRA INMOBILIARIA,sembra.pe,,,2417,Piknik Park,0,unmatched_nexo,true,false,false,false,false,false,Proyecto Nexo sin match medio/alto en la muestra Fase 5 de esta inmobiliaria; no implica ausencia en la web completa.,true,,,
webs_propias_phase6_2026-06-14T20-43-40-390Z,SEMBRA INMOBILIARIA,sembra.pe,,,3281,Irigoyen 128,0,unmatched_nexo,true,false,false,false,false,false,Proyecto Nexo sin match medio/alto en la muestra Fase 5 de esta inmobiliaria; no implica ausencia en la web completa.,true,,,
webs_propias_phase6_2026-06-14T20-43-40-390Z,SEMBRA INMOBILIARIA,sembra.pe,,,3596,Salaverry,0,unmatched_nexo,true,false,false,false,false,false,Proyecto Nexo sin match medio/alto en la muestra Fase 5 de esta inmobiliaria; no implica ausencia en la web completa.,true,,,
webs_propias_phase6_2026-06-14T20-43-40-390Z,SEMBRA INMOBILIARIA,sembra.pe,,,3598,Inspira 2,0,unmatched_nexo,true,false,false,false,false,false,Proyecto Nexo sin match medio/alto en la muestra Fase 5 de esta inmobiliaria; no implica ausencia en la web completa.,true,,,
webs_propias_phase6_2026-06-14T20-43-40-390Z,SEMBRA INMOBILIARIA,sembra.pe,,,4026,Cristobal,0,unmatched_nexo,true,false,false,false,false,false,Proyecto Nexo sin match medio/alto en la muestra Fase 5 de esta inmobiliaria; no implica ausencia en la web completa.,true,,,
webs_propias_phase6_2026-06-14T20-43-40-390Z,TORATTO GRUPO INMOBILIARIO,grupotoratto.com,,,2064,TOSCANA,0,unmatched_nexo,true,false,false,false,false,false,Proyecto Nexo sin match medio/alto en la muestra Fase 5 de esta inmobiliaria; no implica ausencia en la web completa.,true,,,
webs_propias_phase6_2026-06-14T20-43-40-390Z,TORATTO GRUPO INMOBILIARIO,grupotoratto.com,,,2199,LIVORNO,0,unmatched_nexo,true,false,false,false,false,false,Proyecto Nexo sin match medio/alto en la muestra Fase 5 de esta inmobiliaria; no implica ausencia en la web completa.,true,,,
webs_propias_phase6_2026-06-14T20-43-40-390Z,TORATTO GRUPO INMOBILIARIO,grupotoratto.com,,,2393,LOMBARDIA,0,unmatched_nexo,true,false,false,false,false,false,Proyecto Nexo sin match medio/alto en la muestra Fase 5 de esta inmobiliaria; no implica ausencia en la web completa.,true,,,
webs_propias_phase6_2026-06-14T20-43-40-390Z,VITAIN,vitain.pe,,,3510,Edificio Cálamo,0,unmatched_nexo,true,false,false,false,false,false,Proyecto Nexo sin match medio/alto en la muestra Fase 5 de esta inmobiliaria; no implica ausencia en la web completa.,true,,,
webs_propias_phase6_2026-06-14T20-43-40-390Z,VITAIN,vitain.pe,,,3678,Edificio Incentric,0,unmatched_nexo,true,false,false,false,false,false,Proyecto Nexo sin match medio/alto en la muestra Fase 5 de esta inmobiliaria; no implica ausencia en la web completa.,true,,,
webs_propias_phase6_2026-06-14T20-43-40-390Z,VITAIN,vitain.pe,,,4002,Edificio New Limit,0,unmatched_nexo,true,false,false,false,false,false,Proyecto Nexo sin match medio/alto en la muestra Fase 5 de esta inmobiliaria; no implica ausencia en la web completa.,true,,,
webs_propias_phase6_2026-06-14T20-43-40-390Z,VITAIN,vitain.pe,,,4003,Edificio Nitoa 6,0,unmatched_nexo,true,false,false,false,false,false,Proyecto Nexo sin match medio/alto en la muestra Fase 5 de esta inmobiliaria; no implica ausencia en la web completa.,true,,,
webs_propias_phase6_2026-06-14T20-43-40-390Z,REYNA INMOBILIARIA,vienna.pe,,,3175,Caserta,0,unmatched_nexo,true,false,false,false,false,false,Proyecto Nexo sin match medio/alto en la muestra Fase 5 de esta inmobiliaria; no implica ausencia en la web completa.,true,,,
webs_propias_phase6_2026-06-14T20-43-40-390Z,REYNA INMOBILIARIA,vienna.pe,,,3235,AKO,0,unmatched_nexo,true,false,false,false,false,false,Proyecto Nexo sin match medio/alto en la muestra Fase 5 de esta inmobiliaria; no implica ausencia en la web completa.,true,,,
webs_propias_phase6_2026-06-14T20-43-40-390Z,REYNA INMOBILIARIA,vienna.pe,,,3581,Vivum,0,unmatched_nexo,true,false,false,false,false,false,Proyecto Nexo sin match medio/alto en la muestra Fase 5 de esta inmobiliaria; no implica ausencia en la web completa.,true,,,
webs_propias_phase6_2026-06-14T20-43-40-390Z,VIENNA GRUPO INMOBILIARIO,vienna.pe,,,3602,Aurora 4,0,unmatched_nexo,true,false,false,false,false,false,Proyecto Nexo sin match medio/alto en la muestra Fase 5 de esta inmobiliaria; no implica ausencia en la web completa.,true,,,
webs_propias_phase6_2026-06-14T20-43-40-390Z,REYNA INMOBILIARIA,vienna.pe,,,3739,BRAN,0,unmatched_nexo,true,false,false,false,false,false,Proyecto Nexo sin match medio/alto en la muestra Fase 5 de esta inmobiliaria; no implica ausencia en la web completa.,true,,,
webs_propias_phase6_2026-06-14T20-43-40-390Z,VIENNA GRUPO INMOBILIARIO,vienna.pe,,,3769,Astre,0,unmatched_nexo,true,false,false,false,false,false,Proyecto Nexo sin match medio/alto en la muestra Fase 5 de esta inmobiliaria; no implica ausencia en la web completa.,true,,,
webs_propias_phase6_2026-06-14T20-43-40-390Z,REYNA INMOBILIARIA,vienna.pe,,,3818,NAÄRA,0,unmatched_nexo,true,false,false,false,false,false,Proyecto Nexo sin match medio/alto en la muestra Fase 5 de esta inmobiliaria; no implica ausencia en la web completa.,true,,,
webs_propias_phase6_2026-06-14T20-43-40-390Z,VIENNA GRUPO INMOBILIARIO,vienna.pe,,,4033,Arboria,0,unmatched_nexo,true,false,false,false,false,false,Proyecto Nexo sin match medio/alto en la muestra Fase 5 de esta inmobiliaria; no implica ausencia en la web completa.,true,,,
webs_propias_phase6_2026-06-14T20-43-40-390Z,REYNA INMOBILIARIA,vienna.pe,,,4119,Salina,0,unmatched_nexo,true,false,false,false,false,false,Proyecto Nexo sin match medio/alto en la muestra Fase 5 de esta inmobiliaria; no implica ausencia en la web completa.,true,,,
webs_propias_phase6_2026-06-14T20-43-40-390Z,REYNA INMOBILIARIA,vienna.pe,,,4120,Amber Park,0,unmatched_nexo,true,false,false,false,false,false,Proyecto Nexo sin match medio/alto en la muestra Fase 5 de esta inmobiliaria; no implica ausencia en la web completa.,true,,,
webs_propias_phase6_2026-06-14T20-43-40-390Z,VIENNA GRUPO INMOBILIARIO,vienna.pe,,,4130,Aura,0,unmatched_nexo,true,false,false,false,false,false,Proyecto Nexo sin match medio/alto en la muestra Fase 5 de esta inmobiliaria; no implica ausencia en la web completa.,true,,,
webs_propias_phase6_2026-06-14T20-43-40-390Z,REYNA INMOBILIARIA,vienna.pe,,,4197,KAI,0,unmatched_nexo,true,false,false,false,false,false,Proyecto Nexo sin match medio/alto en la muestra Fase 5 de esta inmobiliaria; no implica ausencia en la web completa.,true,,,
webs_propias_phase6_2026-06-14T20-43-40-390Z,REYNA INMOBILIARIA,vienna.pe,,,4219,Glorieta,0,unmatched_nexo,true,false,false,false,false,false,Proyecto Nexo sin match medio/alto en la muestra Fase 5 de esta inmobiliaria; no implica ausencia en la web completa.,true,,,
webs_propias_phase6_2026-06-14T20-43-40-390Z,MS INMOBILIARIA,msinmobiliaria.pe,,,2622,PARK LIVING,0,unmatched_nexo,true,false,false,false,false,false,Proyecto Nexo sin match medio/alto en la muestra Fase 5 de esta inmobiliaria; no implica ausencia en la web completa.,true,,,
webs_propias_phase6_2026-06-14T20-43-40-390Z,MS INMOBILIARIA,msinmobiliaria.pe,,,2743,ARNALDO LIVING,0,unmatched_nexo,true,false,false,false,false,false,Proyecto Nexo sin match medio/alto en la muestra Fase 5 de esta inmobiliaria; no implica ausencia en la web completa.,true,,,
webs_propias_phase6_2026-06-14T20-43-40-390Z,MS INMOBILIARIA,msinmobiliaria.pe,,,3252,LIENZO PARK & LIVE,0,unmatched_nexo,true,false,false,false,false,false,Proyecto Nexo sin match medio/alto en la muestra Fase 5 de esta inmobiliaria; no implica ausencia en la web completa.,true,,,
webs_propias_phase6_2026-06-14T20-43-40-390Z,TER INMOBILIARIA,terinmobiliaria.com,,,3561,MARSANO PARK,0,unmatched_nexo,true,false,false,false,false,false,Proyecto Nexo sin match medio/alto en la muestra Fase 5 de esta inmobiliaria; no implica ausencia en la web completa.,true,,,
webs_propias_phase6_2026-06-14T20-43-40-390Z,TER INMOBILIARIA,terinmobiliaria.com,,,3595,PACIFICO 299,0,unmatched_nexo,true,false,false,false,false,false,Proyecto Nexo sin match medio/alto en la muestra Fase 5 de esta inmobiliaria; no implica ausencia en la web completa.,true,,,
webs_propias_phase6_2026-06-14T20-43-40-390Z,TER INMOBILIARIA,terinmobiliaria.com,,,3861,TEO618,0,unmatched_nexo,true,false,false,false,false,false,Proyecto Nexo sin match medio/alto en la muestra Fase 5 de esta inmobiliaria; no implica ausencia en la web completa.,true,,,
webs_propias_phase6_2026-06-14T20-43-40-390Z,EVERGRAN GRUPO INMOBILIARIO,evergran.pe,,,2110,SB NORTE 1189,0,unmatched_nexo,true,false,false,false,false,false,Proyecto Nexo sin match medio/alto en la muestra Fase 5 de esta inmobiliaria; no implica ausencia en la web completa.,true,,,
webs_propias_phase6_2026-06-14T20-43-40-390Z,EVERGRAN GRUPO INMOBILIARIO,evergran.pe,,,2297,Roof Garden Barrenechea,0,unmatched_nexo,true,false,false,false,false,false,Proyecto Nexo sin match medio/alto en la muestra Fase 5 de esta inmobiliaria; no implica ausencia en la web completa.,true,,,
webs_propias_phase6_2026-06-14T20-43-40-390Z,EVERGRAN GRUPO INMOBILIARIO,evergran.pe,,,2918,Aliaga Garden - Etapa 2,0,unmatched_nexo,true,false,false,false,false,false,Proyecto Nexo sin match medio/alto en la muestra Fase 5 de esta inmobiliaria; no implica ausencia en la web completa.,true,,,
webs_propias_phase6_2026-06-14T20-43-40-390Z,EVERGRAN GRUPO INMOBILIARIO,evergran.pe,,,3820,La Marina 3420,0,unmatched_nexo,true,false,false,false,false,false,Proyecto Nexo sin match medio/alto en la muestra Fase 5 de esta inmobiliaria; no implica ausencia en la web completa.,true,,,
webs_propias_phase6_2026-06-14T20-43-40-390Z,AVENIR GRUPO INMOBILIARIO,avenir.pe,,,2861,MIXXO,0,unmatched_nexo,true,false,false,false,false,false,Proyecto Nexo sin match medio/alto en la muestra Fase 5 de esta inmobiliaria; no implica ausencia en la web completa.,true,,,
webs_propias_phase6_2026-06-14T20-43-40-390Z,AVENIR GRUPO INMOBILIARIO,avenir.pe,,,3427,COSTAZUL,0,unmatched_nexo,true,false,false,false,false,false,Proyecto Nexo sin match medio/alto en la muestra Fase 5 de esta inmobiliaria; no implica ausencia en la web completa.,true,,,
webs_propias_phase6_2026-06-14T20-43-40-390Z,AVENIR GRUPO INMOBILIARIO,avenir.pe,,,3553,PARKVIEW,0,unmatched_nexo,true,false,false,false,false,false,Proyecto Nexo sin match medio/alto en la muestra Fase 5 de esta inmobiliaria; no implica ausencia en la web completa.,true,,,
webs_propias_phase6_2026-06-14T20-43-40-390Z,AVENIR GRUPO INMOBILIARIO,avenir.pe,,,4010,TINTO,0,unmatched_nexo,true,false,false,false,false,false,Proyecto Nexo sin match medio/alto en la muestra Fase 5 de esta inmobiliaria; no implica ausencia en la web completa.,true,,,
webs_propias_phase6_2026-06-14T20-43-40-390Z,AVENIR GRUPO INMOBILIARIO,avenir.pe,,,4012,PARQUE FÁTIMA,0,unmatched_nexo,true,false,false,false,false,false,Proyecto Nexo sin match medio/alto en la muestra Fase 5 de esta inmobiliaria; no implica ausencia en la web completa.,true,,,
webs_propias_phase6_2026-06-14T20-43-40-390Z,INHOUSE,inhouse.com.pe,,,3473,BRISA MIRAFLORES,0,unmatched_nexo,true,false,false,false,false,false,Proyecto Nexo sin match medio/alto en la muestra Fase 5 de esta inmobiliaria; no implica ausencia en la web completa.,true,,,
webs_propias_phase6_2026-06-14T20-43-40-390Z,INHOUSE,inhouse.com.pe,,,3780,Torre Luxor,0,unmatched_nexo,true,false,false,false,false,false,Proyecto Nexo sin match medio/alto en la muestra Fase 5 de esta inmobiliaria; no implica ausencia en la web completa.,true,,,
webs_propias_phase6_2026-06-14T20-43-40-390Z,INHOUSE,inhouse.com.pe,,,4015,Veronese,0,unmatched_nexo,true,false,false,false,false,false,Proyecto Nexo sin match medio/alto en la muestra Fase 5 de esta inmobiliaria; no implica ausencia en la web completa.,true,,,
webs_propias_phase6_2026-06-14T20-43-40-390Z,INHOUSE,inhouse.com.pe,,,4154,SIENNA,0,unmatched_nexo,true,false,false,false,false,false,Proyecto Nexo sin match medio/alto en la muestra Fase 5 de esta inmobiliaria; no implica ausencia en la web completa.,true,,,
webs_propias_phase6_2026-06-14T20-43-40-390Z,INHOUSE,inhouse.com.pe,,,4156,IBIZA,0,unmatched_nexo,true,false,false,false,false,false,Proyecto Nexo sin match medio/alto en la muestra Fase 5 de esta inmobiliaria; no implica ausencia en la web completa.,true,,,
webs_propias_phase6_2026-06-14T20-43-40-390Z,VIVE PLM,viveplm.com,,,2846,SAN FELIPE TOWERS,0,unmatched_nexo,true,false,false,false,false,false,Proyecto Nexo sin match medio/alto en la muestra Fase 5 de esta inmobiliaria; no implica ausencia en la web completa.,true,,,
webs_propias_phase6_2026-06-14T20-43-40-390Z,VIVE PLM,viveplm.com,,,3403,ALIAGA 442,0,unmatched_nexo,true,false,false,false,false,false,Proyecto Nexo sin match medio/alto en la muestra Fase 5 de esta inmobiliaria; no implica ausencia en la web completa.,true,,,
webs_propias_phase6_2026-06-14T20-43-40-390Z,VIVE PLM,viveplm.com,,,3552,BERNALES 442,0,unmatched_nexo,true,false,false,false,false,false,Proyecto Nexo sin match medio/alto en la muestra Fase 5 de esta inmobiliaria; no implica ausencia en la web completa.,true,,,
webs_propias_phase6_2026-06-14T20-43-40-390Z,VIVE PLM,viveplm.com,,,4153,BOLOGNESI 267,0,unmatched_nexo,true,false,false,false,false,false,Proyecto Nexo sin match medio/alto en la muestra Fase 5 de esta inmobiliaria; no implica ausencia en la web completa.,true,,,
webs_propias_phase6_2026-06-14T20-43-40-390Z,VIVE PLM,viveplm.com,,,4159,MALECÓN GRAU 501,0,unmatched_nexo,true,false,false,false,false,false,Proyecto Nexo sin match medio/alto en la muestra Fase 5 de esta inmobiliaria; no implica ausencia en la web completa.,true,,,
webs_propias_phase6_2026-06-14T20-43-40-390Z,LOS PORTALES,losportales.com.pe,,,3560,Alameda Vista Verde,0,unmatched_nexo,true,false,false,false,false,false,Proyecto Nexo sin match medio/alto en la muestra Fase 5 de esta inmobiliaria; no implica ausencia en la web completa.,true,,,
webs_propias_phase6_2026-06-14T20-43-40-390Z,LOS PORTALES DEPARTAMENTOS,losportales.com.pe,,,3803,Gran Guardia Peruana - Etapa 2,0,unmatched_nexo,true,false,false,false,false,false,Proyecto Nexo sin match medio/alto en la muestra Fase 5 de esta inmobiliaria; no implica ausencia en la web completa.,true,,,
webs_propias_phase6_2026-06-14T20-43-40-390Z,LOS PORTALES DEPARTAMENTOS,losportales.com.pe,,,3812,Gran Parque Las Flores - Etapa 2,0,unmatched_nexo,true,false,false,false,false,false,Proyecto Nexo sin match medio/alto en la muestra Fase 5 de esta inmobiliaria; no implica ausencia en la web completa.,true,,,
webs_propias_phase6_2026-06-14T20-43-40-390Z,LOS PORTALES DEPARTAMENTOS,losportales.com.pe,,,3926,Gran Parque Norte - Etapa 1,0,unmatched_nexo,true,false,false,false,false,false,Proyecto Nexo sin match medio/alto en la muestra Fase 5 de esta inmobiliaria; no implica ausencia en la web completa.,true,,,
webs_propias_phase6_2026-06-14T20-43-40-390Z,LOS PORTALES DEPARTAMENTOS,losportales.com.pe,,,4071,Gran Bosque Ciruelo,0,unmatched_nexo,true,false,false,false,false,false,Proyecto Nexo sin match medio/alto en la muestra Fase 5 de esta inmobiliaria; no implica ausencia en la web completa.,true,,,
webs_propias_phase6_2026-06-14T20-43-40-390Z,LOS PORTALES DEPARTAMENTOS,losportales.com.pe,,,4208,Gran Central Colonial 2 - Etapa 2,0,unmatched_nexo,true,false,false,false,false,false,Proyecto Nexo sin match medio/alto en la muestra Fase 5 de esta inmobiliaria; no implica ausencia en la web completa.,true,,,
webs_propias_phase6_2026-06-14T20-43-40-390Z,BECA INMOBILIARIA,beca.pe,,,2962,Eighth Avenue,0,unmatched_nexo,true,false,false,false,false,false,Proyecto Nexo sin match medio/alto en la muestra Fase 5 de esta inmobiliaria; no implica ausencia en la web completa.,true,,,
webs_propias_phase6_2026-06-14T20-43-40-390Z,BECA INMOBILIARIA,beca.pe,,,3482,Landart,0,unmatched_nexo,true,false,false,false,false,false,Proyecto Nexo sin match medio/alto en la muestra Fase 5 de esta inmobiliaria; no implica ausencia en la web completa.,true,,,
webs_propias_phase6_2026-06-14T20-43-40-390Z,BECA INMOBILIARIA,beca.pe,,,3790,Bellagio,0,unmatched_nexo,true,false,false,false,false,false,Proyecto Nexo sin match medio/alto en la muestra Fase 5 de esta inmobiliaria; no implica ausencia en la web completa.,true,,,
webs_propias_phase6_2026-06-14T20-43-40-390Z,BECA INMOBILIARIA,beca.pe,,,4099,Áncora,0,unmatched_nexo,true,false,false,false,false,false,Proyecto Nexo sin match medio/alto en la muestra Fase 5 de esta inmobiliaria; no implica ausencia en la web completa.,true,,,
webs_propias_phase6_2026-06-14T20-43-40-390Z,DKASA,dkasa.com.pe,,,2726,Residencial Capri,0,unmatched_nexo,true,false,false,false,false,false,Proyecto Nexo sin match medio/alto en la muestra Fase 5 de esta inmobiliaria; no implica ausencia en la web completa.,true,,,
webs_propias_phase6_2026-06-14T20-43-40-390Z,DKASA,dkasa.com.pe,,,3224,Magna,0,unmatched_nexo,true,false,false,false,false,false,Proyecto Nexo sin match medio/alto en la muestra Fase 5 de esta inmobiliaria; no implica ausencia en la web completa.,true,,,
webs_propias_phase6_2026-06-14T20-43-40-390Z,DKASA,dkasa.com.pe,,,4101,Plaza Bertello,0,unmatched_nexo,true,false,false,false,false,false,Proyecto Nexo sin match medio/alto en la muestra Fase 5 de esta inmobiliaria; no implica ausencia en la web completa.,true,,,
webs_propias_phase6_2026-06-14T20-43-40-390Z,MULTIURBE,multiurbe.com,,,3508,Vida Varela,0,unmatched_nexo,true,false,false,false,false,false,Proyecto Nexo sin match medio/alto en la muestra Fase 5 de esta inmobiliaria; no implica ausencia en la web completa.,true,,,
webs_propias_phase6_2026-06-14T20-43-40-390Z,MULTIURBE,multiurbe.com,,,3871,Residencial Leyendas II,0,unmatched_nexo,true,false,false,false,false,false,Proyecto Nexo sin match medio/alto en la muestra Fase 5 de esta inmobiliaria; no implica ausencia en la web completa.,true,,,
webs_propias_phase6_2026-06-14T20-43-40-390Z,SAN CHARBEL EDIFICACIONES,sancharbel.pe,,,3345,OCEANIKA,0,unmatched_nexo,true,false,false,false,false,false,Proyecto Nexo sin match medio/alto en la muestra Fase 5 de esta inmobiliaria; no implica ausencia en la web completa.,true,,,
webs_propias_phase6_2026-06-14T20-43-40-390Z,SAN CHARBEL EDIFICACIONES,sancharbel.pe,,,3607,FREE,0,unmatched_nexo,true,false,false,false,false,false,Proyecto Nexo sin match medio/alto en la muestra Fase 5 de esta inmobiliaria; no implica ausencia en la web completa.,true,,,
webs_propias_phase6_2026-06-14T20-43-40-390Z,SAN CHARBEL EDIFICACIONES,sancharbel.pe,,,4083,Amazónika,0,unmatched_nexo,true,false,false,false,false,false,Proyecto Nexo sin match medio/alto en la muestra Fase 5 de esta inmobiliaria; no implica ausencia en la web completa.,true,,,
webs_propias_phase6_2026-06-14T20-43-40-390Z,SAN CHARBEL EDIFICACIONES,sancharbel.pe,,,4084,Be Happy,0,unmatched_nexo,true,false,false,false,false,false,Proyecto Nexo sin match medio/alto en la muestra Fase 5 de esta inmobiliaria; no implica ausencia en la web completa.,true,,,
webs_propias_phase6_2026-06-14T20-43-40-390Z,ORTIZ INMOBILIARIA,oiperu.com,,,4132,Vizuale Signature,0,unmatched_nexo,true,false,false,false,false,false,Proyecto Nexo sin match medio/alto en la muestra Fase 5 de esta inmobiliaria; no implica ausencia en la web completa.,true,,,
webs_propias_phase6_2026-06-14T20-43-40-390Z,ORTIZ INMOBILIARIA,oiperu.com,,,4198,Vizuale 5,0,unmatched_nexo,true,false,false,false,false,false,Proyecto Nexo sin match medio/alto en la muestra Fase 5 de esta inmobiliaria; no implica ausencia en la web completa.,true,,,
webs_propias_phase6_2026-06-14T20-43-40-390Z,URBALIMA,urbalima.pe,,,2438,INSPIRIA,0,unmatched_nexo,true,false,false,false,false,false,Proyecto Nexo sin match medio/alto en la muestra Fase 5 de esta inmobiliaria; no implica ausencia en la web completa.,true,,,
webs_propias_phase6_2026-06-14T20-43-40-390Z,URBALIMA,urbalima.pe,,,2855,VISUM,0,unmatched_nexo,true,false,false,false,false,false,Proyecto Nexo sin match medio/alto en la muestra Fase 5 de esta inmobiliaria; no implica ausencia en la web completa.,true,,,
webs_propias_phase6_2026-06-14T20-43-40-390Z,URBALIMA,urbalima.pe,,,3511,ASCEND,0,unmatched_nexo,true,false,false,false,false,false,Proyecto Nexo sin match medio/alto en la muestra Fase 5 de esta inmobiliaria; no implica ausencia en la web completa.,true,,,
webs_propias_phase6_2026-06-14T20-43-40-390Z,URBALIMA,urbalima.pe,,,3814,LUMEN,0,unmatched_nexo,true,false,false,false,false,false,Proyecto Nexo sin match medio/alto en la muestra Fase 5 de esta inmobiliaria; no implica ausencia en la web completa.,true,,,
webs_propias_phase6_2026-06-14T20-43-40-390Z,GRANADERO INMOBILIARIA,granadero.com.pe,,,3730,Nicaragua 153,0,unmatched_nexo,true,false,false,false,false,false,Proyecto Nexo sin match medio/alto en la muestra Fase 5 de esta inmobiliaria; no implica ausencia en la web completa.,true,,,
webs_propias_phase6_2026-06-14T20-43-40-390Z,GRANADERO INMOBILIARIA,granadero.com.pe,,,4041,SUCRE 1005,0,unmatched_nexo,true,false,false,false,false,false,Proyecto Nexo sin match medio/alto en la muestra Fase 5 de esta inmobiliaria; no implica ausencia en la web completa.,true,,,
webs_propias_phase6_2026-06-14T20-43-40-390Z,Morada,morada.pe,,,3755,Pardo 664,0,unmatched_nexo,true,false,false,false,false,false,Proyecto Nexo sin match medio/alto en la muestra Fase 5 de esta inmobiliaria; no implica ausencia en la web completa.,true,,,
webs_propias_phase6_2026-06-14T20-43-40-390Z,Morada,morada.pe,,,3773,Arica 1090,0,unmatched_nexo,true,false,false,false,false,false,Proyecto Nexo sin match medio/alto en la muestra Fase 5 de esta inmobiliaria; no implica ausencia en la web completa.,true,,,
webs_propias_phase6_2026-06-14T20-43-40-390Z,Morada,morada.pe,,,4056,Javier Prado Oeste 2168,0,unmatched_nexo,true,false,false,false,false,false,Proyecto Nexo sin match medio/alto en la muestra Fase 5 de esta inmobiliaria; no implica ausencia en la web completa.,true,,,
webs_propias_phase6_2026-06-14T20-43-40-390Z,Morada,morada.pe,,,4057,Bustamante 175,0,unmatched_nexo,true,false,false,false,false,false,Proyecto Nexo sin match medio/alto en la muestra Fase 5 de esta inmobiliaria; no implica ausencia en la web completa.,true,,,
webs_propias_phase6_2026-06-14T20-43-40-390Z,ARTECO,arteco.pe,,,2953,Arteco,0,unmatched_nexo,true,false,false,false,false,false,Proyecto Nexo sin match medio/alto en la muestra Fase 5 de esta inmobiliaria; no implica ausencia en la web completa.,true,,,
webs_propias_phase6_2026-06-14T20-43-40-390Z,ARTECO,arteco.pe,,,3312,Arteco,0,unmatched_nexo,true,false,false,false,false,false,Proyecto Nexo sin match medio/alto en la muestra Fase 5 de esta inmobiliaria; no implica ausencia en la web completa.,true,,,
webs_propias_phase6_2026-06-14T20-43-40-390Z,ARTECO,arteco.pe,,,3807,Arteco,0,unmatched_nexo,true,false,false,false,false,false,Proyecto Nexo sin match medio/alto en la muestra Fase 5 de esta inmobiliaria; no implica ausencia en la web completa.,true,,,
webs_propias_phase6_2026-06-14T20-43-40-390Z,ARTECO,arteco.pe,,,3865,Arteco,0,unmatched_nexo,true,false,false,false,false,false,Proyecto Nexo sin match medio/alto en la muestra Fase 5 de esta inmobiliaria; no implica ausencia en la web completa.,true,,,
webs_propias_phase6_2026-06-14T20-43-40-390Z,LA VENTUROSA,laventurosa.com,,,3203,Condominio Villalegre,0,unmatched_nexo,true,false,false,false,false,false,Proyecto Nexo sin match medio/alto en la muestra Fase 5 de esta inmobiliaria; no implica ausencia en la web completa.,true,,,
webs_propias_phase6_2026-06-14T20-43-40-390Z,LA VENTUROSA,laventurosa.com,,,3987,EDIFICIO OFICINAS BOUTIQUE PRIMAVERA MEDIC,0,unmatched_nexo,true,false,false,false,false,false,Proyecto Nexo sin match medio/alto en la muestra Fase 5 de esta inmobiliaria; no implica ausencia en la web completa.,true,,,
webs_propias_phase6_2026-06-14T20-43-40-390Z,SENDA,senda.pe,,,2077,CANAVAL 185,0,unmatched_nexo,true,false,false,false,false,false,Proyecto Nexo sin match medio/alto en la muestra Fase 5 de esta inmobiliaria; no implica ausencia en la web completa.,true,,,
webs_propias_phase6_2026-06-14T20-43-40-390Z,SENDA,senda.pe,,,2264,All San Isidro,0,unmatched_nexo,true,false,false,false,false,false,Proyecto Nexo sin match medio/alto en la muestra Fase 5 de esta inmobiliaria; no implica ausencia en la web completa.,true,,,
webs_propias_phase6_2026-06-14T20-43-40-390Z,SENDA,senda.pe,,,3745,EDÉM,0,unmatched_nexo,true,false,false,false,false,false,Proyecto Nexo sin match medio/alto en la muestra Fase 5 de esta inmobiliaria; no implica ausencia en la web completa.,true,,,
webs_propias_phase6_2026-06-14T20-43-40-390Z,VIDARQ,performanceperu.pe,,,3217,ROOSEVELT 64,0,unmatched_nexo,true,false,false,false,false,false,Proyecto Nexo sin match medio/alto en la muestra Fase 5 de esta inmobiliaria; no implica ausencia en la web completa.,true,,,
webs_propias_phase6_2026-06-14T20-43-40-390Z,VIDARQ,performanceperu.pe,,,3348,SUCRE 45,0,unmatched_nexo,true,false,false,false,false,false,Proyecto Nexo sin match medio/alto en la muestra Fase 5 de esta inmobiliaria; no implica ausencia en la web completa.,true,,,
webs_propias_phase6_2026-06-14T20-43-40-390Z,VIDARQ,performanceperu.pe,,,3682,Atria,0,unmatched_nexo,true,false,false,false,false,false,Proyecto Nexo sin match medio/alto en la muestra Fase 5 de esta inmobiliaria; no implica ausencia en la web completa.,true,,,
webs_propias_phase6_2026-06-14T20-43-40-390Z,Grupo Santa Maria,gruposantamaria.com,,,3310,Miramar Etapa III,0,unmatched_nexo,true,false,false,false,false,false,Proyecto Nexo sin match medio/alto en la muestra Fase 5 de esta inmobiliaria; no implica ausencia en la web completa.,true,,,
webs_propias_phase6_2026-06-14T20-43-40-390Z,Grupo Santa Maria,gruposantamaria.com,,,3989,Condominio Solaris,0,unmatched_nexo,true,false,false,false,false,false,Proyecto Nexo sin match medio/alto en la muestra Fase 5 de esta inmobiliaria; no implica ausencia en la web completa.,true,,,
webs_propias_phase6_2026-06-14T20-43-40-390Z,Grupo Santa Maria,gruposantamaria.com,,,4184,The Standard,0,unmatched_nexo,true,false,false,false,false,false,Proyecto Nexo sin match medio/alto en la muestra Fase 5 de esta inmobiliaria; no implica ausencia en la web completa.,true,,,
webs_propias_phase6_2026-06-14T20-43-40-390Z,PUERTA DE TIERRA,puertadetierra.pe,,,3340,TOMMY,0,unmatched_nexo,true,false,false,false,false,false,Proyecto Nexo sin match medio/alto en la muestra Fase 5 de esta inmobiliaria; no implica ausencia en la web completa.,true,,,
webs_propias_phase6_2026-06-14T20-43-40-390Z,PUERTA DE TIERRA,puertadetierra.pe,,,3535,Quinta Villa,0,unmatched_nexo,true,false,false,false,false,false,Proyecto Nexo sin match medio/alto en la muestra Fase 5 de esta inmobiliaria; no implica ausencia en la web completa.,true,,,
webs_propias_phase6_2026-06-14T20-43-40-390Z,PUERTA DE TIERRA,puertadetierra.pe,,,4058,PARQUE CORREA ELIAS,0,unmatched_nexo,true,false,false,false,false,false,Proyecto Nexo sin match medio/alto en la muestra Fase 5 de esta inmobiliaria; no implica ausencia en la web completa.,true,,,
webs_propias_phase6_2026-06-14T20-43-40-390Z,REDBAY INMOBILIARIA,redbayperu.pe,,,2711,HANAN,0,unmatched_nexo,true,false,false,false,false,false,Proyecto Nexo sin match medio/alto en la muestra Fase 5 de esta inmobiliaria; no implica ausencia en la web completa.,true,,,
webs_propias_phase6_2026-06-14T20-43-40-390Z,REDBAY INMOBILIARIA,redbayperu.pe,,,3330,BESIDE,0,unmatched_nexo,true,false,false,false,false,false,Proyecto Nexo sin match medio/alto en la muestra Fase 5 de esta inmobiliaria; no implica ausencia en la web completa.,true,,,
webs_propias_phase6_2026-06-14T20-43-40-390Z,REDBAY INMOBILIARIA,redbayperu.pe,,,3338,EMPIRE,0,unmatched_nexo,true,false,false,false,false,false,Proyecto Nexo sin match medio/alto en la muestra Fase 5 de esta inmobiliaria; no implica ausencia en la web completa.,true,,,
webs_propias_phase6_2026-06-14T20-43-40-390Z,BALANCE GRUPO INMOBILIARIO,balance.pe,,,3119,HERCELLES,0,unmatched_nexo,true,false,false,false,false,false,Proyecto Nexo sin match medio/alto en la muestra Fase 5 de esta inmobiliaria; no implica ausencia en la web completa.,true,,,
webs_propias_phase6_2026-06-14T20-43-40-390Z,BALANCE GRUPO INMOBILIARIO,balance.pe,,,3339,GUISSE 1060,0,unmatched_nexo,true,false,false,false,false,false,Proyecto Nexo sin match medio/alto en la muestra Fase 5 de esta inmobiliaria; no implica ausencia en la web completa.,true,,,
webs_propias_phase6_2026-06-14T20-43-40-390Z,BALANCE GRUPO INMOBILIARIO,balance.pe,,,3722,Monte Carmelo 551,0,unmatched_nexo,true,false,false,false,false,false,Proyecto Nexo sin match medio/alto en la muestra Fase 5 de esta inmobiliaria; no implica ausencia en la web completa.,true,,,
webs_propias_phase6_2026-06-14T20-43-40-390Z,ANDEN,anden.com.pe,,,3197,LUZZO Cerro Colorado,0,unmatched_nexo,true,false,false,false,false,false,Proyecto Nexo sin match medio/alto en la muestra Fase 5 de esta inmobiliaria; no implica ausencia en la web completa.,true,,,
webs_propias_phase6_2026-06-14T20-43-40-390Z,ANDEN,anden.com.pe,,,3201,Quinta Amelia,0,unmatched_nexo,true,false,false,false,false,false,Proyecto Nexo sin match medio/alto en la muestra Fase 5 de esta inmobiliaria; no implica ausencia en la web completa.,true,,,
webs_propias_phase6_2026-06-14T20-43-40-390Z,ANDEN,anden.com.pe,,,4112,RESIDENCIAL PROGRESO 36,0,unmatched_nexo,true,false,false,false,false,false,Proyecto Nexo sin match medio/alto en la muestra Fase 5 de esta inmobiliaria; no implica ausencia en la web completa.,true,,,
webs_propias_phase6_2026-06-14T20-43-40-390Z,RB GRUPO INMOBILIARIO,rbgrupoinmobiliario.pe,,,3198,Hernández 1273,0,unmatched_nexo,true,false,false,false,false,false,Proyecto Nexo sin match medio/alto en la muestra Fase 5 de esta inmobiliaria; no implica ausencia en la web completa.,true,,,
webs_propias_phase6_2026-06-14T20-43-40-390Z,RB GRUPO INMOBILIARIO,rbgrupoinmobiliario.pe,,,3545,Los Poetas,0,unmatched_nexo,true,false,false,false,false,false,Proyecto Nexo sin match medio/alto en la muestra Fase 5 de esta inmobiliaria; no implica ausencia en la web completa.,true,,,
webs_propias_phase6_2026-06-14T20-43-40-390Z,MW GRUPO INMOBILIARIO,rbgrupoinmobiliario.pe,,,3565,INFINITE,0,unmatched_nexo,true,false,false,false,false,false,Proyecto Nexo sin match medio/alto en la muestra Fase 5 de esta inmobiliaria; no implica ausencia en la web completa.,true,,,
webs_propias_phase6_2026-06-14T20-43-40-390Z,MW GRUPO INMOBILIARIO,rbgrupoinmobiliario.pe,,,3882,SANMI,0,unmatched_nexo,true,false,false,false,false,false,Proyecto Nexo sin match medio/alto en la muestra Fase 5 de esta inmobiliaria; no implica ausencia en la web completa.,true,,,
webs_propias_phase6_2026-06-14T20-43-40-390Z,MW GRUPO INMOBILIARIO,rbgrupoinmobiliario.pe,,,3994,BLEND,0,unmatched_nexo,true,false,false,false,false,false,Proyecto Nexo sin match medio/alto en la muestra Fase 5 de esta inmobiliaria; no implica ausencia en la web completa.,true,,,
webs_propias_phase6_2026-06-14T20-43-40-390Z,BARQUEROS INMOBILIARIA,barqueros.com,,,2759,Residencial Valenti,0,unmatched_nexo,true,false,false,false,false,false,Proyecto Nexo sin match medio/alto en la muestra Fase 5 de esta inmobiliaria; no implica ausencia en la web completa.,true,,,
webs_propias_phase6_2026-06-14T20-43-40-390Z,BARQUEROS INMOBILIARIA,barqueros.com,,,3749,Allegra Living,0,unmatched_nexo,true,false,false,false,false,false,Proyecto Nexo sin match medio/alto en la muestra Fase 5 de esta inmobiliaria; no implica ausencia en la web completa.,true,,,
webs_propias_phase6_2026-06-14T20-43-40-390Z,BARQUEROS INMOBILIARIA,barqueros.com,,,4068,Ímpettu,0,unmatched_nexo,true,false,false,false,false,false,Proyecto Nexo sin match medio/alto en la muestra Fase 5 de esta inmobiliaria; no implica ausencia en la web completa.,true,,,
webs_propias_phase6_2026-06-14T20-43-40-390Z,Grupo Magbis,magbisconstrucciones.com,,,4133,DOM,0,unmatched_nexo,true,false,false,false,false,false,Proyecto Nexo sin match medio/alto en la muestra Fase 5 de esta inmobiliaria; no implica ausencia en la web completa.,true,,,
webs_propias_phase6_2026-06-14T20-43-40-390Z,FAI INMOBILIARIA,flesan.com.pe,,,2494,Vanguardia,0,unmatched_nexo,true,false,false,false,false,false,Proyecto Nexo sin match medio/alto en la muestra Fase 5 de esta inmobiliaria; no implica ausencia en la web completa.,true,,,
webs_propias_phase6_2026-06-14T20-43-40-390Z,FAI INMOBILIARIA,flesan.com.pe,,,2730,Emerald Pueblo Libre 2,0,unmatched_nexo,true,false,false,false,false,false,Proyecto Nexo sin match medio/alto en la muestra Fase 5 de esta inmobiliaria; no implica ausencia en la web completa.,true,,,
webs_propias_phase6_2026-06-14T20-43-40-390Z,Gratto Inmobiliaria,grattoinmobiliaria.com,,,3692,Aramburú 934,0,unmatched_nexo,true,false,false,false,false,false,Proyecto Nexo sin match medio/alto en la muestra Fase 5 de esta inmobiliaria; no implica ausencia en la web completa.,true,,,
webs_propias_phase6_2026-06-14T20-43-40-390Z,GRUPO BROCKSA,grupobrocksa.com,,,3638,SERIE 19,0,unmatched_nexo,true,false,false,false,false,false,Proyecto Nexo sin match medio/alto en la muestra Fase 5 de esta inmobiliaria; no implica ausencia en la web completa.,true,,,
webs_propias_phase6_2026-06-14T20-43-40-390Z,GRUPO BROCKSA,grupobrocksa.com,,,3811,SERIE 20,0,unmatched_nexo,true,false,false,false,false,false,Proyecto Nexo sin match medio/alto en la muestra Fase 5 de esta inmobiliaria; no implica ausencia en la web completa.,true,,,
webs_propias_phase6_2026-06-14T20-43-40-390Z,BAUMHAUS,optimainmobiliaria.com,,,3606,BOULEVARD,0,unmatched_nexo,true,false,false,false,false,false,Proyecto Nexo sin match medio/alto en la muestra Fase 5 de esta inmobiliaria; no implica ausencia en la web completa.,true,,,
webs_propias_phase6_2026-06-14T20-43-40-390Z,BAUMHAUS,optimainmobiliaria.com,,,3616,Golondrinas,0,unmatched_nexo,true,false,false,false,false,false,Proyecto Nexo sin match medio/alto en la muestra Fase 5 de esta inmobiliaria; no implica ausencia en la web completa.,true,,,
webs_propias_phase6_2026-06-14T20-43-40-390Z,ABRIL GRUPO INMOBILIARIO,brazilgrupoinmobiliario.com,,,2314,Aquilaria,0,unmatched_nexo,true,false,false,false,false,false,Proyecto Nexo sin match medio/alto en la muestra Fase 5 de esta inmobiliaria; no implica ausencia en la web completa.,true,,,
webs_propias_phase6_2026-06-14T20-43-40-390Z,ABRIL GRUPO INMOBILIARIO,brazilgrupoinmobiliario.com,,,2940,Amaranta,0,unmatched_nexo,true,false,false,false,false,false,Proyecto Nexo sin match medio/alto en la muestra Fase 5 de esta inmobiliaria; no implica ausencia en la web completa.,true,,,
webs_propias_phase6_2026-06-14T20-43-40-390Z,ABRIL GRUPO INMOBILIARIO,brazilgrupoinmobiliario.com,,,3209,Tulipán,0,unmatched_nexo,true,false,false,false,false,false,Proyecto Nexo sin match medio/alto en la muestra Fase 5 de esta inmobiliaria; no implica ausencia en la web completa.,true,,,
webs_propias_phase6_2026-06-14T20-43-40-390Z,ABRIL GRUPO INMOBILIARIO,brazilgrupoinmobiliario.com,,,3210,Orquídea,0,unmatched_nexo,true,false,false,false,false,false,Proyecto Nexo sin match medio/alto en la muestra Fase 5 de esta inmobiliaria; no implica ausencia en la web completa.,true,,,
webs_propias_phase6_2026-06-14T20-43-40-390Z,ABRIL GRUPO INMOBILIARIO,brazilgrupoinmobiliario.com,,,3274,Magnolia,0,unmatched_nexo,true,false,false,false,false,false,Proyecto Nexo sin match medio/alto en la muestra Fase 5 de esta inmobiliaria; no implica ausencia en la web completa.,true,,,
webs_propias_phase6_2026-06-14T20-43-40-390Z,ABRIL GRUPO INMOBILIARIO,brazilgrupoinmobiliario.com,,,3322,Avellana,0,unmatched_nexo,true,false,false,false,false,false,Proyecto Nexo sin match medio/alto en la muestra Fase 5 de esta inmobiliaria; no implica ausencia en la web completa.,true,,,
webs_propias_phase6_2026-06-14T20-43-40-390Z,ABRIL GRUPO INMOBILIARIO,brazilgrupoinmobiliario.com,,,3346,Kaurí,0,unmatched_nexo,true,false,false,false,false,false,Proyecto Nexo sin match medio/alto en la muestra Fase 5 de esta inmobiliaria; no implica ausencia en la web completa.,true,,,
webs_propias_phase6_2026-06-14T20-43-40-390Z,ABRIL GRUPO INMOBILIARIO,brazilgrupoinmobiliario.com,,,3347,Máximo Abril,0,unmatched_nexo,true,false,false,false,false,false,Proyecto Nexo sin match medio/alto en la muestra Fase 5 de esta inmobiliaria; no implica ausencia en la web completa.,true,,,
webs_propias_phase6_2026-06-14T20-43-40-390Z,ABRIL GRUPO INMOBILIARIO,brazilgrupoinmobiliario.com,,,3453,Cedro 33,0,unmatched_nexo,true,false,false,false,false,false,Proyecto Nexo sin match medio/alto en la muestra Fase 5 de esta inmobiliaria; no implica ausencia en la web completa.,true,,,
webs_propias_phase6_2026-06-14T20-43-40-390Z,ABRIL GRUPO INMOBILIARIO,brazilgrupoinmobiliario.com,,,3472,Cannelle,0,unmatched_nexo,true,false,false,false,false,false,Proyecto Nexo sin match medio/alto en la muestra Fase 5 de esta inmobiliaria; no implica ausencia en la web completa.,true,,,
webs_propias_phase6_2026-06-14T20-43-40-390Z,ABRIL GRUPO INMOBILIARIO,brazilgrupoinmobiliario.com,,,3578,Loto,0,unmatched_nexo,true,false,false,false,false,false,Proyecto Nexo sin match medio/alto en la muestra Fase 5 de esta inmobiliaria; no implica ausencia en la web completa.,true,,,
webs_propias_phase6_2026-06-14T20-43-40-390Z,ABRIL GRUPO INMOBILIARIO,brazilgrupoinmobiliario.com,,,3579,Pino,0,unmatched_nexo,true,false,false,false,false,false,Proyecto Nexo sin match medio/alto en la muestra Fase 5 de esta inmobiliaria; no implica ausencia en la web completa.,true,,,
webs_propias_phase6_2026-06-14T20-43-40-390Z,ABRIL GRUPO INMOBILIARIO,brazilgrupoinmobiliario.com,,,3659,KAVA,0,unmatched_nexo,true,false,false,false,false,false,Proyecto Nexo sin match medio/alto en la muestra Fase 5 de esta inmobiliaria; no implica ausencia en la web completa.,true,,,
webs_propias_phase6_2026-06-14T20-43-40-390Z,ABRIL GRUPO INMOBILIARIO,brazilgrupoinmobiliario.com,,,3664,Catleya,0,unmatched_nexo,true,false,false,false,false,false,Proyecto Nexo sin match medio/alto en la muestra Fase 5 de esta inmobiliaria; no implica ausencia en la web completa.,true,,,
webs_propias_phase6_2026-06-14T20-43-40-390Z,ABRIL GRUPO INMOBILIARIO,brazilgrupoinmobiliario.com,,,3693,Roble,0,unmatched_nexo,true,false,false,false,false,false,Proyecto Nexo sin match medio/alto en la muestra Fase 5 de esta inmobiliaria; no implica ausencia en la web completa.,true,,,
webs_propias_phase6_2026-06-14T20-43-40-390Z,ABRIL GRUPO INMOBILIARIO,brazilgrupoinmobiliario.com,,,3697,Gran Manzano,0,unmatched_nexo,true,false,false,false,false,false,Proyecto Nexo sin match medio/alto en la muestra Fase 5 de esta inmobiliaria; no implica ausencia en la web completa.,true,,,
webs_propias_phase6_2026-06-14T20-43-40-390Z,ABRIL GRUPO INMOBILIARIO,brazilgrupoinmobiliario.com,,,3724,Sauce Zen,0,unmatched_nexo,true,false,false,false,false,false,Proyecto Nexo sin match medio/alto en la muestra Fase 5 de esta inmobiliaria; no implica ausencia en la web completa.,true,,,
webs_propias_phase6_2026-06-14T20-43-40-390Z,ABRIL GRUPO INMOBILIARIO,brazilgrupoinmobiliario.com,,,3784,Bugambilias,0,unmatched_nexo,true,false,false,false,false,false,Proyecto Nexo sin match medio/alto en la muestra Fase 5 de esta inmobiliaria; no implica ausencia en la web completa.,true,,,
webs_propias_phase6_2026-06-14T20-43-40-390Z,ABRIL GRUPO INMOBILIARIO,brazilgrupoinmobiliario.com,,,3831,Bonsái,0,unmatched_nexo,true,false,false,false,false,false,Proyecto Nexo sin match medio/alto en la muestra Fase 5 de esta inmobiliaria; no implica ausencia en la web completa.,true,,,
webs_propias_phase6_2026-06-14T20-43-40-390Z,ABRIL GRUPO INMOBILIARIO,brazilgrupoinmobiliario.com,,,3855,Bromelia,0,unmatched_nexo,true,false,false,false,false,false,Proyecto Nexo sin match medio/alto en la muestra Fase 5 de esta inmobiliaria; no implica ausencia en la web completa.,true,,,
webs_propias_phase6_2026-06-14T20-43-40-390Z,ABRIL GRUPO INMOBILIARIO,brazilgrupoinmobiliario.com,,,3927,Olivo,0,unmatched_nexo,true,false,false,false,false,false,Proyecto Nexo sin match medio/alto en la muestra Fase 5 de esta inmobiliaria; no implica ausencia en la web completa.,true,,,
webs_propias_phase6_2026-06-14T20-43-40-390Z,ABRIL GRUPO INMOBILIARIO,brazilgrupoinmobiliario.com,,,3942,Eucalipto,0,unmatched_nexo,true,false,false,false,false,false,Proyecto Nexo sin match medio/alto en la muestra Fase 5 de esta inmobiliaria; no implica ausencia en la web completa.,true,,,
webs_propias_phase6_2026-06-14T20-43-40-390Z,ABRIL GRUPO INMOBILIARIO,brazilgrupoinmobiliario.com,,,3944,Mora,0,unmatched_nexo,true,false,false,false,false,false,Proyecto Nexo sin match medio/alto en la muestra Fase 5 de esta inmobiliaria; no implica ausencia en la web completa.,true,,,
webs_propias_phase6_2026-06-14T20-43-40-390Z,ABRIL GRUPO INMOBILIARIO,brazilgrupoinmobiliario.com,,,4000,Capulí,0,unmatched_nexo,true,false,false,false,false,false,Proyecto Nexo sin match medio/alto en la muestra Fase 5 de esta inmobiliaria; no implica ausencia en la web completa.,true,,,
webs_propias_phase6_2026-06-14T20-43-40-390Z,ABRIL GRUPO INMOBILIARIO,brazilgrupoinmobiliario.com,,,4039,MONTECARLO,0,unmatched_nexo,true,false,false,false,false,false,Proyecto Nexo sin match medio/alto en la muestra Fase 5 de esta inmobiliaria; no implica ausencia en la web completa.,true,,,
webs_propias_phase6_2026-06-14T20-43-40-390Z,ABRIL GRUPO INMOBILIARIO,brazilgrupoinmobiliario.com,,,4096,Bosque Real,0,unmatched_nexo,true,false,false,false,false,false,Proyecto Nexo sin match medio/alto en la muestra Fase 5 de esta inmobiliaria; no implica ausencia en la web completa.,true,,,
webs_propias_phase6_2026-06-14T20-43-40-390Z,ABRIL GRUPO INMOBILIARIO,brazilgrupoinmobiliario.com,,,4143,Las Begonias,0,unmatched_nexo,true,false,false,false,false,false,Proyecto Nexo sin match medio/alto en la muestra Fase 5 de esta inmobiliaria; no implica ausencia en la web completa.,true,,,
webs_propias_phase6_2026-06-14T20-43-40-390Z,ABRIL GRUPO INMOBILIARIO,brazilgrupoinmobiliario.com,,,4182,Canela,0,unmatched_nexo,true,false,false,false,false,false,Proyecto Nexo sin match medio/alto en la muestra Fase 5 de esta inmobiliaria; no implica ausencia en la web completa.,true,,,
webs_propias_phase6_2026-06-14T20-43-40-390Z,ABRIL GRUPO INMOBILIARIO,brazilgrupoinmobiliario.com,,,4225,Cedro 33 - Bloque B,0,unmatched_nexo,true,false,false,false,false,false,Proyecto Nexo sin match medio/alto en la muestra Fase 5 de esta inmobiliaria; no implica ausencia en la web completa.,true,,,
webs_propias_phase6_2026-06-14T20-43-40-390Z,ABRIL GRUPO INMOBILIARIO,brazilgrupoinmobiliario.com,,,4229,Roble - Etapa 2,0,unmatched_nexo,true,false,false,false,false,false,Proyecto Nexo sin match medio/alto en la muestra Fase 5 de esta inmobiliaria; no implica ausencia en la web completa.,true,,,
webs_propias_phase6_2026-06-14T20-43-40-390Z,MAAS INMOBILIARIA,maas.com.pe,,,3475,OLIVA,0,unmatched_nexo,true,false,false,false,false,false,Proyecto Nexo sin match medio/alto en la muestra Fase 5 de esta inmobiliaria; no implica ausencia en la web completa.,true,,,
webs_propias_phase6_2026-06-14T20-43-40-390Z,MAAS INMOBILIARIA,maas.com.pe,,,4011,INDIGO,0,unmatched_nexo,true,false,false,false,false,false,Proyecto Nexo sin match medio/alto en la muestra Fase 5 de esta inmobiliaria; no implica ausencia en la web completa.,true,,,
webs_propias_phase6_2026-06-14T20-43-40-390Z,MY HOME,myhomeoi.com,,,3381,NOVO 3 - Santa Beatriz,0,unmatched_nexo,true,false,false,false,false,false,Proyecto Nexo sin match medio/alto en la muestra Fase 5 de esta inmobiliaria; no implica ausencia en la web completa.,true,,,
webs_propias_phase6_2026-06-14T20-43-40-390Z,NOI INMOBILIARIA,noi.pe,,,3640,560 Place,0,unmatched_nexo,true,false,false,false,false,false,Proyecto Nexo sin match medio/alto en la muestra Fase 5 de esta inmobiliaria; no implica ausencia en la web completa.,true,,,
webs_propias_phase6_2026-06-14T20-43-40-390Z,VIBRANT,albamar.com.pe,,,3623,VIBRANT,0,unmatched_nexo,true,false,false,false,false,false,Proyecto Nexo sin match medio/alto en la muestra Fase 5 de esta inmobiliaria; no implica ausencia en la web completa.,true,,,
webs_propias_phase6_2026-06-14T20-43-40-390Z,Galeon Inmobiliaria,galeon.com.pe,,,4214,Menta,0,unmatched_nexo,true,false,false,false,false,false,Proyecto Nexo sin match medio/alto en la muestra Fase 5 de esta inmobiliaria; no implica ausencia en la web completa.,true,,,
webs_propias_phase6_2026-06-14T20-43-40-390Z,TECTONICA GRUPO INMOBILIARIO,tectonica.com.pe,,,3752,ELITE 14,0,unmatched_nexo,true,false,false,false,false,false,Proyecto Nexo sin match medio/alto en la muestra Fase 5 de esta inmobiliaria; no implica ausencia en la web completa.,true,,,
webs_propias_phase6_2026-06-14T20-43-40-390Z,INMOVISION,inmovision.pe,,,3394,VISIÓN PRADO,0,unmatched_nexo,true,false,false,false,false,false,Proyecto Nexo sin match medio/alto en la muestra Fase 5 de esta inmobiliaria; no implica ausencia en la web completa.,true,,,
webs_propias_phase6_2026-06-14T20-43-40-390Z,MC INVERSIONES INMOBILIARIAS,mcinversionesinmobiliarias.pe,,,4005,Galicia Park,0,unmatched_nexo,true,false,false,false,false,false,Proyecto Nexo sin match medio/alto en la muestra Fase 5 de esta inmobiliaria; no implica ausencia en la web completa.,true,,,
webs_propias_phase6_2026-06-14T20-43-40-390Z,JK INVERSIONES INMOBILIARIAS,mcinversionesinmobiliarias.pe,,,4051,HORIZON 585,0,unmatched_nexo,true,false,false,false,false,false,Proyecto Nexo sin match medio/alto en la muestra Fase 5 de esta inmobiliaria; no implica ausencia en la web completa.,true,,,
webs_propias_phase6_2026-06-14T20-43-40-390Z,MUNDO VERDE,inmobiliariamundoverde.com,,,3806,EDIFICIO MATISSE,0,unmatched_nexo,true,false,false,false,false,false,Proyecto Nexo sin match medio/alto en la muestra Fase 5 de esta inmobiliaria; no implica ausencia en la web completa.,true,,,
webs_propias_phase6_2026-06-14T20-43-40-390Z,QUARK GRUPO INMOBILIARIO,quarkgrupoinmobiliario.com,,,3525,Aliaga 491,0,unmatched_nexo,true,false,false,false,false,false,Proyecto Nexo sin match medio/alto en la muestra Fase 5 de esta inmobiliaria; no implica ausencia en la web completa.,true,,,
webs_propias_phase6_2026-06-14T20-43-40-390Z,ENACORP,enacorp.pe,,,3430,AZUL CONDOMINIO,0,unmatched_nexo,true,false,false,false,false,false,Proyecto Nexo sin match medio/alto en la muestra Fase 5 de esta inmobiliaria; no implica ausencia en la web completa.,true,,,
webs_propias_phase6_2026-06-14T20-43-40-390Z,ENACORP,enacorp.pe,,,3903,VALLES DE SANTA MARÍA 2,0,unmatched_nexo,true,false,false,false,false,false,Proyecto Nexo sin match medio/alto en la muestra Fase 5 de esta inmobiliaria; no implica ausencia en la web completa.,true,,,
webs_propias_phase6_2026-06-14T20-43-40-390Z,PROYEC INMOBILIARIA,proyec.com.pe,,,2894,PATRIOTAS SAN MIGUEL,0,unmatched_nexo,true,false,false,false,false,false,Proyecto Nexo sin match medio/alto en la muestra Fase 5 de esta inmobiliaria; no implica ausencia en la web completa.,true,,,
webs_propias_phase6_2026-06-14T20-43-40-390Z,PROYEC INMOBILIARIA,proyec.com.pe,,,3931,EZENA 4,0,unmatched_nexo,true,false,false,false,false,false,Proyecto Nexo sin match medio/alto en la muestra Fase 5 de esta inmobiliaria; no implica ausencia en la web completa.,true,,,
webs_propias_phase6_2026-06-14T20-43-40-390Z,FRANCA INMOBILIARIA,francainmobiliaria.pe,,,3528,Atahualpa 448,0,unmatched_nexo,true,false,false,false,false,false,Proyecto Nexo sin match medio/alto en la muestra Fase 5 de esta inmobiliaria; no implica ausencia en la web completa.,true,,,
webs_propias_phase6_2026-06-14T20-43-40-390Z,FRANCA INMOBILIARIA,francainmobiliaria.pe,,,3530,Preston,0,unmatched_nexo,true,false,false,false,false,false,Proyecto Nexo sin match medio/alto en la muestra Fase 5 de esta inmobiliaria; no implica ausencia en la web completa.,true,,,
webs_propias_phase6_2026-06-14T20-43-40-390Z,FRANCO GRUPO INMOBILIARIO,francainmobiliaria.pe,,,3539,DELAMAR,0,unmatched_nexo,true,false,false,false,false,false,Proyecto Nexo sin match medio/alto en la muestra Fase 5 de esta inmobiliaria; no implica ausencia en la web completa.,true,,,
webs_propias_phase6_2026-06-14T20-43-40-390Z,FRANCA INMOBILIARIA,francainmobiliaria.pe,,,4113,The Beat,0,unmatched_nexo,true,false,false,false,false,false,Proyecto Nexo sin match medio/alto en la muestra Fase 5 de esta inmobiliaria; no implica ausencia en la web completa.,true,,,
webs_propias_phase6_2026-06-14T20-43-40-390Z,MYE GRUPO INMOBILIARIO,grupomaxx.pe,,,3168,SANTA RAFAELA,0,unmatched_nexo,true,false,false,false,false,false,Proyecto Nexo sin match medio/alto en la muestra Fase 5 de esta inmobiliaria; no implica ausencia en la web completa.,true,,,
webs_propias_phase6_2026-06-14T20-43-40-390Z,MAXX GRUPO INMOBILIARIO,grupomaxx.pe,,,3336,PRADA,0,unmatched_nexo,true,false,false,false,false,false,Proyecto Nexo sin match medio/alto en la muestra Fase 5 de esta inmobiliaria; no implica ausencia en la web completa.,true,,,
webs_propias_phase6_2026-06-14T20-43-40-390Z,Val Grupo Inmobiliario,grupomaxx.pe,,,3399,TOP LIFE JUAN DE ALIAGA,0,unmatched_nexo,true,false,false,false,false,false,Proyecto Nexo sin match medio/alto en la muestra Fase 5 de esta inmobiliaria; no implica ausencia en la web completa.,true,,,
webs_propias_phase6_2026-06-14T20-43-40-390Z,MW GRUPO INMOBILIARIO,grupomaxx.pe,,,3565,INFINITE,0,unmatched_nexo,true,false,false,false,false,false,Proyecto Nexo sin match medio/alto en la muestra Fase 5 de esta inmobiliaria; no implica ausencia en la web completa.,true,,,
webs_propias_phase6_2026-06-14T20-43-40-390Z,MAXX GRUPO INMOBILIARIO,grupomaxx.pe,,,3838,VENECIA,0,unmatched_nexo,true,false,false,false,false,false,Proyecto Nexo sin match medio/alto en la muestra Fase 5 de esta inmobiliaria; no implica ausencia en la web completa.,true,,,
webs_propias_phase6_2026-06-14T20-43-40-390Z,Val Grupo Inmobiliario,grupomaxx.pe,,,3857,Bonavista Condominio,0,unmatched_nexo,true,false,false,false,false,false,Proyecto Nexo sin match medio/alto en la muestra Fase 5 de esta inmobiliaria; no implica ausencia en la web completa.,true,,,
webs_propias_phase6_2026-06-14T20-43-40-390Z,MW GRUPO INMOBILIARIO,grupomaxx.pe,,,3882,SANMI,0,unmatched_nexo,true,false,false,false,false,false,Proyecto Nexo sin match medio/alto en la muestra Fase 5 de esta inmobiliaria; no implica ausencia en la web completa.,true,,,
webs_propias_phase6_2026-06-14T20-43-40-390Z,MW GRUPO INMOBILIARIO,grupomaxx.pe,,,3994,BLEND,0,unmatched_nexo,true,false,false,false,false,false,Proyecto Nexo sin match medio/alto en la muestra Fase 5 de esta inmobiliaria; no implica ausencia en la web completa.,true,,,
webs_propias_phase6_2026-06-14T20-43-40-390Z,ESPARQ EOM,esparq.com,,,3167,Hometown Condominio,0,unmatched_nexo,true,false,false,false,false,false,Proyecto Nexo sin match medio/alto en la muestra Fase 5 de esta inmobiliaria; no implica ausencia en la web completa.,true,,,
webs_propias_phase6_2026-06-14T20-43-40-390Z,ESPARQ EOM,esparq.com,,,3231,Esparq 140,0,unmatched_nexo,true,false,false,false,false,false,Proyecto Nexo sin match medio/alto en la muestra Fase 5 de esta inmobiliaria; no implica ausencia en la web completa.,true,,,
webs_propias_phase6_2026-06-14T20-43-40-390Z,ESPARQ EOM,esparq.com,,,4052,ESPARQ 170,0,unmatched_nexo,true,false,false,false,false,false,Proyecto Nexo sin match medio/alto en la muestra Fase 5 de esta inmobiliaria; no implica ausencia en la web completa.,true,,,
webs_propias_phase6_2026-06-14T20-43-40-390Z,CHECOR INMOBILIARIA,checor.com,,,2213,Checor,0,unmatched_nexo,true,false,false,false,false,false,Proyecto Nexo sin match medio/alto en la muestra Fase 5 de esta inmobiliaria; no implica ausencia en la web completa.,true,,,
webs_propias_phase6_2026-06-14T20-43-40-390Z,CHECOR INMOBILIARIA,checor.com,,,2952,Checor,0,unmatched_nexo,true,false,false,false,false,false,Proyecto Nexo sin match medio/alto en la muestra Fase 5 de esta inmobiliaria; no implica ausencia en la web completa.,true,,,
webs_propias_phase6_2026-06-14T20-43-40-390Z,ANDIAMO,andiamo.com.pe,,,2394,Condominio La Riaza,0,unmatched_nexo,true,false,false,false,false,false,Proyecto Nexo sin match medio/alto en la muestra Fase 5 de esta inmobiliaria; no implica ausencia en la web completa.,true,,,
webs_propias_phase6_2026-06-14T20-43-40-390Z,ANDIAMO,andiamo.com.pe,,,3036,Edificio Piana,0,unmatched_nexo,true,false,false,false,false,false,Proyecto Nexo sin match medio/alto en la muestra Fase 5 de esta inmobiliaria; no implica ausencia en la web completa.,true,,,
webs_propias_phase6_2026-06-14T20-43-40-390Z,Mohëm Inmobiliaria,fcmconstrucciones.pe,,,3017,Ascenza,0,unmatched_nexo,true,false,false,false,false,false,Proyecto Nexo sin match medio/alto en la muestra Fase 5 de esta inmobiliaria; no implica ausencia en la web completa.,true,,,
webs_propias_phase6_2026-06-14T20-43-40-390Z,Mohëm Inmobiliaria,fcmconstrucciones.pe,,,3874,AZARA,0,unmatched_nexo,true,false,false,false,false,false,Proyecto Nexo sin match medio/alto en la muestra Fase 5 de esta inmobiliaria; no implica ausencia en la web completa.,true,,,
webs_propias_phase6_2026-06-14T20-43-40-390Z,Mohëm Inmobiliaria,fcmconstrucciones.pe,,,4045,ALMENDRA,0,unmatched_nexo,true,false,false,false,false,false,Proyecto Nexo sin match medio/alto en la muestra Fase 5 de esta inmobiliaria; no implica ausencia en la web completa.,true,,,
webs_propias_phase6_2026-06-14T20-43-40-390Z,DITRENZZO,ditrenzzo.com,,,3554,Huáscar 21,0,unmatched_nexo,true,false,false,false,false,false,Proyecto Nexo sin match medio/alto en la muestra Fase 5 de esta inmobiliaria; no implica ausencia en la web completa.,true,,,
webs_propias_phase6_2026-06-14T20-43-40-390Z,DITRENZZO,ditrenzzo.com,,,4031,NAZCA,0,unmatched_nexo,true,false,false,false,false,false,Proyecto Nexo sin match medio/alto en la muestra Fase 5 de esta inmobiliaria; no implica ausencia en la web completa.,true,,,
webs_propias_phase6_2026-06-14T20-43-40-390Z,ASTER HOMES,aster-homes.com,,,3437,ASTER BASADRE,0,unmatched_nexo,true,false,false,false,false,false,Proyecto Nexo sin match medio/alto en la muestra Fase 5 de esta inmobiliaria; no implica ausencia en la web completa.,true,,,
webs_propias_phase6_2026-06-14T20-43-40-390Z,ASTER HOMES,aster-homes.com,,,4006,ASTER COSTANERA,0,unmatched_nexo,true,false,false,false,false,false,Proyecto Nexo sin match medio/alto en la muestra Fase 5 de esta inmobiliaria; no implica ausencia en la web completa.,true,,,
webs_propias_phase6_2026-06-14T20-43-40-390Z,IN URBAN,inurban.pe,,,3622,RESIDENCIAL NUEVA COSTANERA,0,unmatched_nexo,true,false,false,false,false,false,Proyecto Nexo sin match medio/alto en la muestra Fase 5 de esta inmobiliaria; no implica ausencia en la web completa.,true,,,
webs_propias_phase6_2026-06-14T20-43-40-390Z,IN URBAN,inurban.pe,,,4162,RESIDENCIAL VILLA FATIMA,0,unmatched_nexo,true,false,false,false,false,false,Proyecto Nexo sin match medio/alto en la muestra Fase 5 de esta inmobiliaria; no implica ausencia en la web completa.,true,,,
webs_propias_phase6_2026-06-14T20-43-40-390Z,IN URBAN,inurban.pe,,,4203,RESIDENCIAL LOS ALGARROBOS II,0,unmatched_nexo,true,false,false,false,false,false,Proyecto Nexo sin match medio/alto en la muestra Fase 5 de esta inmobiliaria; no implica ausencia en la web completa.,true,,,
webs_propias_phase6_2026-06-14T20-43-40-390Z,INFINITY GROUP,infinitygroup.pe,,,3238,La Rosa Park,0,unmatched_nexo,true,false,false,false,false,false,Proyecto Nexo sin match medio/alto en la muestra Fase 5 de esta inmobiliaria; no implica ausencia en la web completa.,true,,,
webs_propias_phase6_2026-06-14T20-43-40-390Z,INFINITY GROUP,infinitygroup.pe,,,4070,PRADA PARK,0,unmatched_nexo,true,false,false,false,false,false,Proyecto Nexo sin match medio/alto en la muestra Fase 5 de esta inmobiliaria; no implica ausencia en la web completa.,true,,,
webs_propias_phase6_2026-06-14T20-43-40-390Z,INFINITY GROUP,infinitygroup.pe,,,4140,PARK LIVING,0,unmatched_nexo,true,false,false,false,false,false,Proyecto Nexo sin match medio/alto en la muestra Fase 5 de esta inmobiliaria; no implica ausencia en la web completa.,true,,,
webs_propias_phase6_2026-06-14T20-43-40-390Z,V&V GRUPO INMOBILIARIO,val.com.pe,,,2617,PARDO 669,0,unmatched_nexo,true,false,false,false,false,false,Proyecto Nexo sin match medio/alto en la muestra Fase 5 de esta inmobiliaria; no implica ausencia en la web completa.,true,,,
webs_propias_phase6_2026-06-14T20-43-40-390Z,V&V GRUPO INMOBILIARIO,val.com.pe,,,2652,LARCO 791,0,unmatched_nexo,true,false,false,false,false,false,Proyecto Nexo sin match medio/alto en la muestra Fase 5 de esta inmobiliaria; no implica ausencia en la web completa.,true,,,
webs_propias_phase6_2026-06-14T20-43-40-390Z,V&V GRUPO INMOBILIARIO,val.com.pe,,,2745,SALAVERRY 2431,0,unmatched_nexo,true,false,false,false,false,false,Proyecto Nexo sin match medio/alto en la muestra Fase 5 de esta inmobiliaria; no implica ausencia en la web completa.,true,,,
webs_propias_phase6_2026-06-14T20-43-40-390Z,V&V GRUPO INMOBILIARIO,val.com.pe,,,2764,SAN FELIPE 1190,0,unmatched_nexo,true,false,false,false,false,false,Proyecto Nexo sin match medio/alto en la muestra Fase 5 de esta inmobiliaria; no implica ausencia en la web completa.,true,,,
webs_propias_phase6_2026-06-14T20-43-40-390Z,V&V GRUPO INMOBILIARIO,val.com.pe,,,2800,DERBY 182,0,unmatched_nexo,true,false,false,false,false,false,Proyecto Nexo sin match medio/alto en la muestra Fase 5 de esta inmobiliaria; no implica ausencia en la web completa.,true,,,
webs_propias_phase6_2026-06-14T20-43-40-390Z,V&V GRUPO INMOBILIARIO,val.com.pe,,,2819,ALIAGA 750,0,unmatched_nexo,true,false,false,false,false,false,Proyecto Nexo sin match medio/alto en la muestra Fase 5 de esta inmobiliaria; no implica ausencia en la web completa.,true,,,
webs_propias_phase6_2026-06-14T20-43-40-390Z,V&V GRUPO INMOBILIARIO,val.com.pe,,,3318,GAVIOTAS,0,unmatched_nexo,true,false,false,false,false,false,Proyecto Nexo sin match medio/alto en la muestra Fase 5 de esta inmobiliaria; no implica ausencia en la web completa.,true,,,
webs_propias_phase6_2026-06-14T20-43-40-390Z,MAXX GRUPO INMOBILIARIO,val.com.pe,,,3336,PRADA,0,unmatched_nexo,true,false,false,false,false,false,Proyecto Nexo sin match medio/alto en la muestra Fase 5 de esta inmobiliaria; no implica ausencia en la web completa.,true,,,
webs_propias_phase6_2026-06-14T20-43-40-390Z,Val Grupo Inmobiliario,val.com.pe,,,3399,TOP LIFE JUAN DE ALIAGA,0,unmatched_nexo,true,false,false,false,false,false,Proyecto Nexo sin match medio/alto en la muestra Fase 5 de esta inmobiliaria; no implica ausencia en la web completa.,true,,,
webs_propias_phase6_2026-06-14T20-43-40-390Z,MAXX GRUPO INMOBILIARIO,val.com.pe,,,3589,BEYOND,0,unmatched_nexo,true,false,false,false,false,false,Proyecto Nexo sin match medio/alto en la muestra Fase 5 de esta inmobiliaria; no implica ausencia en la web completa.,true,,,
webs_propias_phase6_2026-06-14T20-43-40-390Z,V&V GRUPO INMOBILIARIO,val.com.pe,,,3608,VILLARÁN,0,unmatched_nexo,true,false,false,false,false,false,Proyecto Nexo sin match medio/alto en la muestra Fase 5 de esta inmobiliaria; no implica ausencia en la web completa.,true,,,
webs_propias_phase6_2026-06-14T20-43-40-390Z,V&V GRUPO INMOBILIARIO,val.com.pe,,,3637,TORRE GERMANIA,0,unmatched_nexo,true,false,false,false,false,false,Proyecto Nexo sin match medio/alto en la muestra Fase 5 de esta inmobiliaria; no implica ausencia en la web completa.,true,,,
webs_propias_phase6_2026-06-14T20-43-40-390Z,MAXX GRUPO INMOBILIARIO,val.com.pe,,,3838,VENECIA,0,unmatched_nexo,true,false,false,false,false,false,Proyecto Nexo sin match medio/alto en la muestra Fase 5 de esta inmobiliaria; no implica ausencia en la web completa.,true,,,
webs_propias_phase6_2026-06-14T20-43-40-390Z,Val Grupo Inmobiliario,val.com.pe,,,3857,Bonavista Condominio,0,unmatched_nexo,true,false,false,false,false,false,Proyecto Nexo sin match medio/alto en la muestra Fase 5 de esta inmobiliaria; no implica ausencia en la web completa.,true,,,
webs_propias_phase6_2026-06-14T20-43-40-390Z,V&V GRUPO INMOBILIARIO,val.com.pe,,,3868,VYVE PIURA,0,unmatched_nexo,true,false,false,false,false,false,Proyecto Nexo sin match medio/alto en la muestra Fase 5 de esta inmobiliaria; no implica ausencia en la web completa.,true,,,
webs_propias_phase6_2026-06-14T20-43-40-390Z,V&V GRUPO INMOBILIARIO,val.com.pe,,,3907,VYVE SULLANA,0,unmatched_nexo,true,false,false,false,false,false,Proyecto Nexo sin match medio/alto en la muestra Fase 5 de esta inmobiliaria; no implica ausencia en la web completa.,true,,,
webs_propias_phase6_2026-06-14T20-43-40-390Z,V&V GRUPO INMOBILIARIO,val.com.pe,,,3913,CATALINA PARK,0,unmatched_nexo,true,false,false,false,false,false,Proyecto Nexo sin match medio/alto en la muestra Fase 5 de esta inmobiliaria; no implica ausencia en la web completa.,true,,,
webs_propias_phase6_2026-06-14T20-43-40-390Z,V&V GRUPO INMOBILIARIO,val.com.pe,,,4105,CASTILLA PARK,0,unmatched_nexo,true,false,false,false,false,false,Proyecto Nexo sin match medio/alto en la muestra Fase 5 de esta inmobiliaria; no implica ausencia en la web completa.,true,,,
webs_propias_phase6_2026-06-14T20-43-40-390Z,V&V GRUPO INMOBILIARIO,val.com.pe,,,4145,MONTERO ROSAS 1080,0,unmatched_nexo,true,false,false,false,false,false,Proyecto Nexo sin match medio/alto en la muestra Fase 5 de esta inmobiliaria; no implica ausencia en la web completa.,true,,,
webs_propias_phase6_2026-06-14T20-43-40-390Z,V&V GRUPO INMOBILIARIO,val.com.pe,,,4148,TORRE ARICA,0,unmatched_nexo,true,false,false,false,false,false,Proyecto Nexo sin match medio/alto en la muestra Fase 5 de esta inmobiliaria; no implica ausencia en la web completa.,true,,,
webs_propias_phase6_2026-06-14T20-43-40-390Z,INMOBILIARIA CESIA,icesia.com,,,2664,ALTO HUARAZ,0,unmatched_nexo,true,false,false,false,false,false,Proyecto Nexo sin match medio/alto en la muestra Fase 5 de esta inmobiliaria; no implica ausencia en la web completa.,true,,,
webs_propias_phase6_2026-06-14T20-43-40-390Z,INMOBILIARIA CESIA,icesia.com,,,3925,RESIDENCIAL RECUAY,0,unmatched_nexo,true,false,false,false,false,false,Proyecto Nexo sin match medio/alto en la muestra Fase 5 de esta inmobiliaria; no implica ausencia en la web completa.,true,,,
webs_propias_phase6_2026-06-14T20-43-40-390Z,DALIA INMOBILIARIA,daliainmobiliaria.com,,,4114,ALMAGRO 260,0,unmatched_nexo,true,false,false,false,false,false,Proyecto Nexo sin match medio/alto en la muestra Fase 5 de esta inmobiliaria; no implica ausencia en la web completa.,true,,,
webs_propias_phase6_2026-06-14T20-43-40-390Z,DALIA INMOBILIARIA,daliainmobiliaria.com,,,4224,PRIME,0,unmatched_nexo,true,false,false,false,false,false,Proyecto Nexo sin match medio/alto en la muestra Fase 5 de esta inmobiliaria; no implica ausencia en la web completa.,true,,,
webs_propias_phase6_2026-06-14T20-43-40-390Z,ROSIAM,rosiam.com,,,3063,PARQUE NORTE,0,unmatched_nexo,true,false,false,false,false,false,Proyecto Nexo sin match medio/alto en la muestra Fase 5 de esta inmobiliaria; no implica ausencia en la web completa.,true,,,
webs_propias_phase6_2026-06-14T20-43-40-390Z,EFRON ARQUITECTOS,efronarq.com,,,2955,Parque Castilla,0,unmatched_nexo,true,false,false,false,false,false,Proyecto Nexo sin match medio/alto en la muestra Fase 5 de esta inmobiliaria; no implica ausencia en la web completa.,true,,,
webs_propias_phase6_2026-06-14T20-43-40-390Z,VERDANT INMOBILIARIA,verdant.pe,,,3908,ROOTS,0,unmatched_nexo,true,false,false,false,false,false,Proyecto Nexo sin match medio/alto en la muestra Fase 5 de esta inmobiliaria; no implica ausencia en la web completa.,true,,,
webs_propias_phase6_2026-06-14T20-43-40-390Z,VERDANT INMOBILIARIA,verdant.pe,,,4172,Córdova,0,unmatched_nexo,true,false,false,false,false,false,Proyecto Nexo sin match medio/alto en la muestra Fase 5 de esta inmobiliaria; no implica ausencia en la web completa.,true,,,
webs_propias_phase6_2026-06-14T20-43-40-390Z,CASAIDEAL INMOBILIARIA,casaideal.com.pe,,,3776,VÖN,0,unmatched_nexo,true,false,false,false,false,false,Proyecto Nexo sin match medio/alto en la muestra Fase 5 de esta inmobiliaria; no implica ausencia en la web completa.,true,,,
webs_propias_phase6_2026-06-14T20-43-40-390Z,ELSVAN CONSTRUCCIONES INMOBILIARIAS,elsvan.pe,,,3375,ESCUDERO,0,unmatched_nexo,true,false,false,false,false,false,Proyecto Nexo sin match medio/alto en la muestra Fase 5 de esta inmobiliaria; no implica ausencia en la web completa.,true,,,
webs_propias_phase6_2026-06-14T20-43-40-390Z,Alegra Inmobiliaria,marverde.pe,,,4104,Orquídeas,0,unmatched_nexo,true,false,false,false,false,false,Proyecto Nexo sin match medio/alto en la muestra Fase 5 de esta inmobiliaria; no implica ausencia en la web completa.,true,,,
webs_propias_phase6_2026-06-14T20-43-40-390Z,ILUMINA INMOBILIARIA,ilumina.com.pe,,,4129,Polo Springs,0,unmatched_nexo,true,false,false,false,false,false,Proyecto Nexo sin match medio/alto en la muestra Fase 5 de esta inmobiliaria; no implica ausencia en la web completa.,true,,,
webs_propias_phase6_2026-06-14T20-43-40-390Z,ORIZZONTE GRUPO INMOBILIARIO,orizzonte.pe,,,4109,Parque Gladiolos,0,unmatched_nexo,true,false,false,false,false,false,Proyecto Nexo sin match medio/alto en la muestra Fase 5 de esta inmobiliaria; no implica ausencia en la web completa.,true,,,
webs_propias_phase6_2026-06-14T20-43-40-390Z,CC17,cc17.pe,,,4199,INDEPENDENCIA & TERUEL,0,unmatched_nexo,true,false,false,false,false,false,Proyecto Nexo sin match medio/alto en la muestra Fase 5 de esta inmobiliaria; no implica ausencia en la web completa.,true,,,
webs_propias_phase6_2026-06-14T20-43-40-390Z,EUREKA,inmobiliariaeureka.com,,,3429,VIRIDIAN,0,unmatched_nexo,true,false,false,false,false,false,Proyecto Nexo sin match medio/alto en la muestra Fase 5 de esta inmobiliaria; no implica ausencia en la web completa.,true,,,
webs_propias_phase6_2026-06-14T20-43-40-390Z,CASA BONITA,casabonita.com.pe,,,2958,Aura Apartments,0,unmatched_nexo,true,false,false,false,false,false,Proyecto Nexo sin match medio/alto en la muestra Fase 5 de esta inmobiliaria; no implica ausencia en la web completa.,true,,,
webs_propias_phase6_2026-06-14T20-43-40-390Z,MAXX GRUPO INMOBILIARIO,myegrupoinmobiliario.com,,,3336,PRADA,0,unmatched_nexo,true,false,false,false,false,false,Proyecto Nexo sin match medio/alto en la muestra Fase 5 de esta inmobiliaria; no implica ausencia en la web completa.,true,,,
webs_propias_phase6_2026-06-14T20-43-40-390Z,MW GRUPO INMOBILIARIO,myegrupoinmobiliario.com,,,3565,INFINITE,0,unmatched_nexo,true,false,false,false,false,false,Proyecto Nexo sin match medio/alto en la muestra Fase 5 de esta inmobiliaria; no implica ausencia en la web completa.,true,,,
webs_propias_phase6_2026-06-14T20-43-40-390Z,MAXX GRUPO INMOBILIARIO,myegrupoinmobiliario.com,,,3589,BEYOND,0,unmatched_nexo,true,false,false,false,false,false,Proyecto Nexo sin match medio/alto en la muestra Fase 5 de esta inmobiliaria; no implica ausencia en la web completa.,true,,,
webs_propias_phase6_2026-06-14T20-43-40-390Z,MAXX GRUPO INMOBILIARIO,myegrupoinmobiliario.com,,,3838,VENECIA,0,unmatched_nexo,true,false,false,false,false,false,Proyecto Nexo sin match medio/alto en la muestra Fase 5 de esta inmobiliaria; no implica ausencia en la web completa.,true,,,
webs_propias_phase6_2026-06-14T20-43-40-390Z,MW GRUPO INMOBILIARIO,myegrupoinmobiliario.com,,,3882,SANMI,0,unmatched_nexo,true,false,false,false,false,false,Proyecto Nexo sin match medio/alto en la muestra Fase 5 de esta inmobiliaria; no implica ausencia en la web completa.,true,,,
webs_propias_phase6_2026-06-14T20-43-40-390Z,MW GRUPO INMOBILIARIO,myegrupoinmobiliario.com,,,3994,BLEND,0,unmatched_nexo,true,false,false,false,false,false,Proyecto Nexo sin match medio/alto en la muestra Fase 5 de esta inmobiliaria; no implica ausencia en la web completa.,true,,,
webs_propias_phase6_2026-06-14T20-43-40-390Z,VERONES GRUPO INMOBILIARIO,grupo-verones.com,,,4161,Residencial Green Life Etapa 2,0,unmatched_nexo,true,false,false,false,false,false,Proyecto Nexo sin match medio/alto en la muestra Fase 5 de esta inmobiliaria; no implica ausencia en la web completa.,true,,,
webs_propias_phase6_2026-06-14T20-43-40-390Z,NADLAN,nadlan.com.pe,,,2411,TERRAZAS DE BELLAVISTA,0,unmatched_nexo,true,false,false,false,false,false,Proyecto Nexo sin match medio/alto en la muestra Fase 5 de esta inmobiliaria; no implica ausencia en la web completa.,true,,,
webs_propias_phase6_2026-06-14T20-43-40-390Z,CONFORTA INMOBILIARIA,confortainmobiliaria.com,,,3451,Arcadia,0,unmatched_nexo,true,false,false,false,false,false,Proyecto Nexo sin match medio/alto en la muestra Fase 5 de esta inmobiliaria; no implica ausencia en la web completa.,true,,,
webs_propias_phase6_2026-06-14T20-43-40-390Z,CONFORTA INMOBILIARIA,confortainmobiliaria.com,,,3456,Bosco,0,unmatched_nexo,true,false,false,false,false,false,Proyecto Nexo sin match medio/alto en la muestra Fase 5 de esta inmobiliaria; no implica ausencia en la web completa.,true,,,
webs_propias_phase6_2026-06-14T20-43-40-390Z,CONFORTA INMOBILIARIA,confortainmobiliaria.com,,,4107,GASTONIA PARK,0,unmatched_nexo,true,false,false,false,false,false,Proyecto Nexo sin match medio/alto en la muestra Fase 5 de esta inmobiliaria; no implica ausencia en la web completa.,true,,,
webs_propias_phase6_2026-06-14T20-43-40-390Z,CONFORTA INMOBILIARIA,confortainmobiliaria.com,,,4127,PARQUE MOCHICA 2,0,unmatched_nexo,true,false,false,false,false,false,Proyecto Nexo sin match medio/alto en la muestra Fase 5 de esta inmobiliaria; no implica ausencia en la web completa.,true,,,
webs_propias_phase6_2026-06-14T20-43-40-390Z,PROMSAL,promsal.com,,,2382,Lasso 467,0,unmatched_nexo,true,false,false,false,false,false,Proyecto Nexo sin match medio/alto en la muestra Fase 5 de esta inmobiliaria; no implica ausencia en la web completa.,true,,,
webs_propias_phase6_2026-06-14T20-43-40-390Z,PROMSAL,promsal.com,,,2830,Entrenos,0,unmatched_nexo,true,false,false,false,false,false,Proyecto Nexo sin match medio/alto en la muestra Fase 5 de esta inmobiliaria; no implica ausencia en la web completa.,true,,,
webs_propias_phase6_2026-06-14T20-43-40-390Z,PROMSAL,promsal.com,,,3298,Cool Living,0,unmatched_nexo,true,false,false,false,false,false,Proyecto Nexo sin match medio/alto en la muestra Fase 5 de esta inmobiliaria; no implica ausencia en la web completa.,true,,,
webs_propias_phase6_2026-06-14T20-43-40-390Z,PROMSAL,promsal.com,,,3681,Lasso II,0,unmatched_nexo,true,false,false,false,false,false,Proyecto Nexo sin match medio/alto en la muestra Fase 5 de esta inmobiliaria; no implica ausencia en la web completa.,true,,,
webs_propias_phase6_2026-06-14T20-43-40-390Z,2K INMOBILIARIA,2kinmobiliaria.com,,,3273,MAR DE GRAU,0,unmatched_nexo,true,false,false,false,false,false,Proyecto Nexo sin match medio/alto en la muestra Fase 5 de esta inmobiliaria; no implica ausencia en la web completa.,true,,,
webs_propias_phase6_2026-06-14T20-43-40-390Z,2K INMOBILIARIA,2kinmobiliaria.com,,,3627,INGENIEROS 943,0,unmatched_nexo,true,false,false,false,false,false,Proyecto Nexo sin match medio/alto en la muestra Fase 5 de esta inmobiliaria; no implica ausencia en la web completa.,true,,,
webs_propias_phase6_2026-06-14T20-43-40-390Z,2K INMOBILIARIA,2kinmobiliaria.com,,,3970,SAMUEL MARQUEZ 231,0,unmatched_nexo,true,false,false,false,false,false,Proyecto Nexo sin match medio/alto en la muestra Fase 5 de esta inmobiliaria; no implica ausencia en la web completa.,true,,,
webs_propias_phase6_2026-06-14T20-43-40-390Z,LA MURALLA,lamuralla.com.pe,,,3256,DOLCE MARE,0,unmatched_nexo,true,false,false,false,false,false,Proyecto Nexo sin match medio/alto en la muestra Fase 5 de esta inmobiliaria; no implica ausencia en la web completa.,true,,,
webs_propias_phase6_2026-06-14T20-43-40-390Z,LA MURALLA,lamuralla.com.pe,,,3497,FLORECE ETAPA 2,0,unmatched_nexo,true,false,false,false,false,false,Proyecto Nexo sin match medio/alto en la muestra Fase 5 de esta inmobiliaria; no implica ausencia en la web completa.,true,,,
webs_propias_phase6_2026-06-14T20-43-40-390Z,LA MURALLA,lamuralla.com.pe,,,4076,BOHEME,0,unmatched_nexo,true,false,false,false,false,false,Proyecto Nexo sin match medio/alto en la muestra Fase 5 de esta inmobiliaria; no implica ausencia en la web completa.,true,,,
webs_propias_phase6_2026-06-14T20-43-40-390Z,FLAT,flat-peru.com,,,2893,CAMPO MARTE,0,unmatched_nexo,true,false,false,false,false,false,Proyecto Nexo sin match medio/alto en la muestra Fase 5 de esta inmobiliaria; no implica ausencia en la web completa.,true,,,
webs_propias_phase6_2026-06-14T20-43-40-390Z,FLAT,flat-peru.com,,,3912,FLAT BELISARIO,0,unmatched_nexo,true,false,false,false,false,false,Proyecto Nexo sin match medio/alto en la muestra Fase 5 de esta inmobiliaria; no implica ausencia en la web completa.,true,,,
webs_propias_phase6_2026-06-14T20-43-40-390Z,FLAT,flat-peru.com,,,4055,FLAT JOSÉ LEAL,0,unmatched_nexo,true,false,false,false,false,false,Proyecto Nexo sin match medio/alto en la muestra Fase 5 de esta inmobiliaria; no implica ausencia en la web completa.,true,,,
webs_propias_phase6_2026-06-14T20-43-40-390Z,AKAMAI,alpunto.com.pe,,,1976,Simplicity,0,unmatched_nexo,true,false,false,false,false,false,Proyecto Nexo sin match medio/alto en la muestra Fase 5 de esta inmobiliaria; no implica ausencia en la web completa.,true,,,
webs_propias_phase6_2026-06-14T20-43-40-390Z,AKAMAI,alpunto.com.pe,,,2387,BONGO CONDOMINIO,0,unmatched_nexo,true,false,false,false,false,false,Proyecto Nexo sin match medio/alto en la muestra Fase 5 de esta inmobiliaria; no implica ausencia en la web completa.,true,,,
webs_propias_phase6_2026-06-14T20-43-40-390Z,AKAMAI,alpunto.com.pe,,,3620,Simpli Life,0,unmatched_nexo,true,false,false,false,false,false,Proyecto Nexo sin match medio/alto en la muestra Fase 5 de esta inmobiliaria; no implica ausencia en la web completa.,true,,,
webs_propias_phase6_2026-06-14T20-43-40-390Z,EFICAXX GRUPO INMOBILIARIO,eficaxx.pe,,,3577,Residencial Salamanca de Monterrico 19,0,unmatched_nexo,true,false,false,false,false,false,Proyecto Nexo sin match medio/alto en la muestra Fase 5 de esta inmobiliaria; no implica ausencia en la web completa.,true,,,
webs_propias_phase6_2026-06-14T20-43-40-390Z,EFICAXX GRUPO INMOBILIARIO,eficaxx.pe,,,4150,Oceano Atlántico 394,0,unmatched_nexo,true,false,false,false,false,false,Proyecto Nexo sin match medio/alto en la muestra Fase 5 de esta inmobiliaria; no implica ausencia en la web completa.,true,,,
webs_propias_phase6_2026-06-14T20-43-40-390Z,EFICAXX GRUPO INMOBILIARIO,eficaxx.pe,,,4151,Mar del Sur 193,0,unmatched_nexo,true,false,false,false,false,false,Proyecto Nexo sin match medio/alto en la muestra Fase 5 de esta inmobiliaria; no implica ausencia en la web completa.,true,,,
webs_propias_phase6_2026-06-14T20-43-40-390Z,CP BUILDING,cpbuilding.com.pe,,,3768,EDIFICIO EL MOLINO,0,unmatched_nexo,true,false,false,false,false,false,Proyecto Nexo sin match medio/alto en la muestra Fase 5 de esta inmobiliaria; no implica ausencia en la web completa.,true,,,
webs_propias_phase6_2026-06-14T20-43-40-390Z,CP BUILDING,cpbuilding.com.pe,,,4001,RDC 525 - SURCO,0,unmatched_nexo,true,false,false,false,false,false,Proyecto Nexo sin match medio/alto en la muestra Fase 5 de esta inmobiliaria; no implica ausencia en la web completa.,true,,,
webs_propias_phase6_2026-06-14T20-43-40-390Z,PALACE,palacepropertiesperu.com,,,3045,Residencial Casanova,0,unmatched_nexo,true,false,false,false,false,false,Proyecto Nexo sin match medio/alto en la muestra Fase 5 de esta inmobiliaria; no implica ausencia en la web completa.,true,,,
webs_propias_phase6_2026-06-14T20-43-40-390Z,CALICANTO,grupocalicanto.pe,,,2960,LUM,0,unmatched_nexo,true,false,false,false,false,false,Proyecto Nexo sin match medio/alto en la muestra Fase 5 de esta inmobiliaria; no implica ausencia en la web completa.,true,,,
webs_propias_phase6_2026-06-14T20-43-40-390Z,TRIADA,triada.com.pe,,,2815,TOWER 27,0,unmatched_nexo,true,false,false,false,false,false,Proyecto Nexo sin match medio/alto en la muestra Fase 5 de esta inmobiliaria; no implica ausencia en la web completa.,true,,,
webs_propias_phase6_2026-06-14T20-43-40-390Z,TRIADA,triada.com.pe,,,3979,T23,0,unmatched_nexo,true,false,false,false,false,false,Proyecto Nexo sin match medio/alto en la muestra Fase 5 de esta inmobiliaria; no implica ausencia en la web completa.,true,,,
webs_propias_phase6_2026-06-14T20-43-40-390Z,ANTARES CONTRATISTAS,antares.pe,,,3885,Edificio Sauces,0,unmatched_nexo,true,false,false,false,false,false,Proyecto Nexo sin match medio/alto en la muestra Fase 5 de esta inmobiliaria; no implica ausencia en la web completa.,true,,,
webs_propias_phase6_2026-06-14T20-43-40-390Z,ANTARES CONTRATISTAS,antares.pe,,,3889,Villa Higueras,0,unmatched_nexo,true,false,false,false,false,false,Proyecto Nexo sin match medio/alto en la muestra Fase 5 de esta inmobiliaria; no implica ausencia en la web completa.,true,,,
webs_propias_phase6_2026-06-14T20-43-40-390Z,GRUPO TOSCANA,constructoratoscana.com,,,2947,Los Gorriones 5,0,unmatched_nexo,true,false,false,false,false,false,Proyecto Nexo sin match medio/alto en la muestra Fase 5 de esta inmobiliaria; no implica ausencia en la web completa.,true,,,
webs_propias_phase6_2026-06-14T20-43-40-390Z,GRUPO TOSCANA,constructoratoscana.com,,,4102,AURORA LOFT21,0,unmatched_nexo,true,false,false,false,false,false,Proyecto Nexo sin match medio/alto en la muestra Fase 5 de esta inmobiliaria; no implica ausencia en la web completa.,true,,,
webs_propias_phase6_2026-06-14T20-43-40-390Z,INVERSIONES TIERRA BLANCA,tierrablanca.pe,,,3937,ELEVA 155,0,unmatched_nexo,true,false,false,false,false,false,Proyecto Nexo sin match medio/alto en la muestra Fase 5 de esta inmobiliaria; no implica ausencia en la web completa.,true,,,
webs_propias_phase6_2026-06-14T20-43-40-390Z,INVERSIONES TIERRA BLANCA,tierrablanca.pe,,,4217,Río 263,0,unmatched_nexo,true,false,false,false,false,false,Proyecto Nexo sin match medio/alto en la muestra Fase 5 de esta inmobiliaria; no implica ausencia en la web completa.,true,,,
webs_propias_phase6_2026-06-14T20-43-40-390Z,JOPESA,jopesa.pe,,,3255,Clovis 620,0,unmatched_nexo,true,false,false,false,false,false,Proyecto Nexo sin match medio/alto en la muestra Fase 5 de esta inmobiliaria; no implica ausencia en la web completa.,true,,,
webs_propias_phase6_2026-06-14T20-43-40-390Z,JOPESA,jopesa.pe,,,3527,Lambayeque 197,0,unmatched_nexo,true,false,false,false,false,false,Proyecto Nexo sin match medio/alto en la muestra Fase 5 de esta inmobiliaria; no implica ausencia en la web completa.,true,,,
webs_propias_phase6_2026-06-14T20-43-40-390Z,MARTE,constructoramartesa.com,,,3008,Amatista,0,unmatched_nexo,true,false,false,false,false,false,Proyecto Nexo sin match medio/alto en la muestra Fase 5 de esta inmobiliaria; no implica ausencia en la web completa.,true,,,
webs_propias_phase6_2026-06-14T20-43-40-390Z,MARTE,constructoramartesa.com,,,3397,Zircon,0,unmatched_nexo,true,false,false,false,false,false,Proyecto Nexo sin match medio/alto en la muestra Fase 5 de esta inmobiliaria; no implica ausencia en la web completa.,true,,,
webs_propias_phase6_2026-06-14T20-43-40-390Z,STELLA INMOBILIARIA,stellainmobiliaria.pe,,,2642,ROSARIO IN,0,unmatched_nexo,true,false,false,false,false,false,Proyecto Nexo sin match medio/alto en la muestra Fase 5 de esta inmobiliaria; no implica ausencia en la web completa.,true,,,
webs_propias_phase6_2026-06-14T20-43-40-390Z,STELLA INMOBILIARIA,stellainmobiliaria.pe,,,3282,RESIDENCIAL ORION,0,unmatched_nexo,true,false,false,false,false,false,Proyecto Nexo sin match medio/alto en la muestra Fase 5 de esta inmobiliaria; no implica ausencia en la web completa.,true,,,
webs_propias_phase6_2026-06-14T20-43-40-390Z,CONSTRUCTORA ATLAS,constructoraatlas.com.pe,,,3411,LAS DOÑAS,0,unmatched_nexo,true,false,false,false,false,false,Proyecto Nexo sin match medio/alto en la muestra Fase 5 de esta inmobiliaria; no implica ausencia en la web completa.,true,,,
webs_propias_phase6_2026-06-14T20-43-40-390Z,CONSTRUCTORA ATLAS,constructoraatlas.com.pe,,,3534,KENKO II,0,unmatched_nexo,true,false,false,false,false,false,Proyecto Nexo sin match medio/alto en la muestra Fase 5 de esta inmobiliaria; no implica ausencia en la web completa.,true,,,
webs_propias_phase6_2026-06-14T20-43-40-390Z,INITALIA,initalia.pe,,,1810,CENTRIC Dos de Mayo- Lince,0,unmatched_nexo,true,false,false,false,false,false,Proyecto Nexo sin match medio/alto en la muestra Fase 5 de esta inmobiliaria; no implica ausencia en la web completa.,true,,,
webs_propias_phase6_2026-06-14T20-43-40-390Z,INITALIA,initalia.pe,,,4237,Magdalena View,0,unmatched_nexo,true,false,false,false,false,false,Proyecto Nexo sin match medio/alto en la muestra Fase 5 de esta inmobiliaria; no implica ausencia en la web completa.,true,,,
webs_propias_phase6_2026-06-14T20-43-40-390Z,KALLPA,constructorakallpa.pe,,,3573,CATENA,0,unmatched_nexo,true,false,false,false,false,false,Proyecto Nexo sin match medio/alto en la muestra Fase 5 de esta inmobiliaria; no implica ausencia en la web completa.,true,,,
webs_propias_phase6_2026-06-14T20-43-40-390Z,YOPLAC ASOCIADOS,yoplacasociados.com,,,3924,Residencial Santa Susana,0,unmatched_nexo,true,false,false,false,false,false,Proyecto Nexo sin match medio/alto en la muestra Fase 5 de esta inmobiliaria; no implica ausencia en la web completa.,true,,,
webs_propias_phase6_2026-06-14T20-43-40-390Z,GRUPO CHACARILLA SUR,grupochacarillasur.com,,,3481,GARDEN HOMES,0,unmatched_nexo,true,false,false,false,false,false,Proyecto Nexo sin match medio/alto en la muestra Fase 5 de esta inmobiliaria; no implica ausencia en la web completa.,true,,,
webs_propias_phase6_2026-06-14T20-43-40-390Z,LOS PORTALES,losportales.com.pe,,,3560,Alameda Vista Verde,0,unmatched_nexo,true,false,false,false,false,false,Proyecto Nexo sin match medio/alto en la muestra Fase 5 de esta inmobiliaria; no implica ausencia en la web completa.,true,,,
webs_propias_phase6_2026-06-14T20-43-40-390Z,LOS PORTALES DEPARTAMENTOS,losportales.com.pe,,,3803,Gran Guardia Peruana - Etapa 2,0,unmatched_nexo,true,false,false,false,false,false,Proyecto Nexo sin match medio/alto en la muestra Fase 5 de esta inmobiliaria; no implica ausencia en la web completa.,true,,,
webs_propias_phase6_2026-06-14T20-43-40-390Z,LOS PORTALES DEPARTAMENTOS,losportales.com.pe,,,3812,Gran Parque Las Flores - Etapa 2,0,unmatched_nexo,true,false,false,false,false,false,Proyecto Nexo sin match medio/alto en la muestra Fase 5 de esta inmobiliaria; no implica ausencia en la web completa.,true,,,
webs_propias_phase6_2026-06-14T20-43-40-390Z,LOS PORTALES DEPARTAMENTOS,losportales.com.pe,,,3926,Gran Parque Norte - Etapa 1,0,unmatched_nexo,true,false,false,false,false,false,Proyecto Nexo sin match medio/alto en la muestra Fase 5 de esta inmobiliaria; no implica ausencia en la web completa.,true,,,
webs_propias_phase6_2026-06-14T20-43-40-390Z,LOS PORTALES DEPARTAMENTOS,losportales.com.pe,,,4071,Gran Bosque Ciruelo,0,unmatched_nexo,true,false,false,false,false,false,Proyecto Nexo sin match medio/alto en la muestra Fase 5 de esta inmobiliaria; no implica ausencia en la web completa.,true,,,
webs_propias_phase6_2026-06-14T20-43-40-390Z,LOS PORTALES DEPARTAMENTOS,losportales.com.pe,,,4208,Gran Central Colonial 2 - Etapa 2,0,unmatched_nexo,true,false,false,false,false,false,Proyecto Nexo sin match medio/alto en la muestra Fase 5 de esta inmobiliaria; no implica ausencia en la web completa.,true,,,
webs_propias_phase6_2026-06-14T20-43-40-390Z,PAQARI INMOBILIARIA,grupopaqari.pe,,,2370,Samay,0,unmatched_nexo,true,false,false,false,false,false,Proyecto Nexo sin match medio/alto en la muestra Fase 5 de esta inmobiliaria; no implica ausencia en la web completa.,true,,,
webs_propias_phase6_2026-06-14T20-43-40-390Z,LIMA METRO CUADRADO,limametrocuadrado.pe,,,3639,Live Apts,0,unmatched_nexo,true,false,false,false,false,false,Proyecto Nexo sin match medio/alto en la muestra Fase 5 de esta inmobiliaria; no implica ausencia en la web completa.,true,,,
webs_propias_phase6_2026-06-14T20-43-40-390Z,MAHPSA  CORPORACION INMOBILIARIA,mahpsa.com.pe,,,3404,BLOOM,0,unmatched_nexo,true,false,false,false,false,false,Proyecto Nexo sin match medio/alto en la muestra Fase 5 de esta inmobiliaria; no implica ausencia en la web completa.,true,,,
webs_propias_phase6_2026-06-14T20-43-40-390Z,Becamm Inversiones SAC,becamm.com,,,4234,KILLA,0,unmatched_nexo,true,false,false,false,false,false,Proyecto Nexo sin match medio/alto en la muestra Fase 5 de esta inmobiliaria; no implica ausencia en la web completa.,true,,,
webs_propias_phase6_2026-06-14T20-43-40-390Z,INMOBILIARIA HUANWIL,alpunto.com.pe,,,3480,MORE,0,unmatched_nexo,true,false,false,false,false,false,Proyecto Nexo sin match medio/alto en la muestra Fase 5 de esta inmobiliaria; no implica ausencia en la web completa.,true,,,
